This is pdfTeX, Version 3.141592653-2.6-1.40.24 (MiKTeX 22.10) (preloaded format=pdflatex 2022.11.28)  22 SEP 2024 14:39
entering extended mode
 restricted \write18 enabled.
 %&-line parsing enabled.
**./Anhang.tex
(Anhang.tex
LaTeX2e <2022-06-01> patch level 5
L3 programming layer <2022-09-28>
! Undefined control sequence.
l.2 \section
            {Anhang}
The control sequence at the end of the top line
of your error message was never \def'ed. If you have
misspelled it (e.g., `\hobx'), type `I' and the correct
spelling (e.g., `I\hbox'). Otherwise just continue,
and I'll forget about whatever was undefined.


! LaTeX Error: Missing \begin{document}.

See the LaTeX manual or LaTeX Companion for explanation.
Type  H <return>  for immediate help.
 ...                                              
                                                  
l.2 \section{A
              nhang}
You're in trouble here.  Try typing  <return>  to proceed.
If that doesn't work, type  X <return>  to quit.

Missing character: There is no A in font nullfont!
Missing character: There is no n in font nullfont!
Missing character: There is no h in font nullfont!
Missing character: There is no a in font nullfont!
Missing character: There is no n in font nullfont!
Missing character: There is no g in font nullfont!
! Undefined control sequence.
l.3 \subsection
               {Trigonometrie}
The control sequence at the end of the top line
of your error message was never \def'ed. If you have
misspelled it (e.g., `\hobx'), type `I' and the correct
spelling (e.g., `I\hbox'). Otherwise just continue,
and I'll forget about whatever was undefined.

Missing character: There is no T in font nullfont!
Missing character: There is no r in font nullfont!
Missing character: There is no i in font nullfont!
Missing character: There is no g in font nullfont!
Missing character: There is no o in font nullfont!
Missing character: There is no n in font nullfont!
Missing character: There is no o in font nullfont!
Missing character: There is no m in font nullfont!
Missing character: There is no e in font nullfont!
Missing character: There is no t in font nullfont!
Missing character: There is no r in font nullfont!
Missing character: There is no i in font nullfont!
Missing character: There is no e in font nullfont!
! Misplaced \noalign.
\hline ->\noalign 
                  {\ifnum 0=`}\fi \hrule \@height \arrayrulewidth \futurelet...
l.4 \vspace{1mm} \hline
                        \vspace{3 mm}
I expect to see \noalign only after the \cr of
an alignment. Proceed, and I'll ignore this case.


Overfull \hbox (20.0pt too wide) in paragraph at lines 2--4
[]
 []

! Undefined control sequence.
l.5 \subsubsection
                  {Periodizität}
The control sequence at the end of the top line
of your error message was never \def'ed. If you have
misspelled it (e.g., `\hobx'), type `I' and the correct
spelling (e.g., `I\hbox'). Otherwise just continue,
and I'll forget about whatever was undefined.


! LaTeX Error: Missing \begin{document}.

See the LaTeX manual or LaTeX Companion for explanation.
Type  H <return>  for immediate help.
 ...                                              
                                                  
l.5 \subsubsection{P
                    eriodizität}
You're in trouble here.  Try typing  <return>  to proceed.
If that doesn't work, type  X <return>  to quit.

Missing character: There is no P in font nullfont!
Missing character: There is no e in font nullfont!
Missing character: There is no r in font nullfont!
Missing character: There is no i in font nullfont!
Missing character: There is no o in font nullfont!
Missing character: There is no d in font nullfont!
Missing character: There is no i in font nullfont!
Missing character: There is no z in font nullfont!
Missing character: There is no i in font nullfont!
Missing character: There is no t in font nullfont!
LaTeX Font Info:    Trying to load font information for +cmr on input line 5.
LaTeX Font Info:    No file cmr.fd. on input line 5.

LaTeX Font Warning: Font shape `/cmr/m/n' undefined
(Font)              using `/cmr/m/n' instead on input line 5.

! Corrupted NFSS tables.
wrong@fontshape ...message {Corrupted NFSS tables}
                                                  error@fontshape else let f...
l.5 \subsubsection{Periodizitä
                               t}
This error message was generated by an \errmessage
command, so I can't give any explicit help.
Pretend that you're Hercule Poirot: Examine all clues,
and deduce the truth by order and method.


LaTeX Font Warning: Font shape `/cmr/m/n' undefined
(Font)              using `OT1/cmr/m/n' instead on input line 5.

Missing character: There is no t in font nullfont!

Overfull \hbox (30.00003pt too wide) in paragraph at lines 5--6
[]\/cmr/m/n/10 ^^?a 
 []

LaTeX Font Info:    External font `cmex10' loaded for size
(Font)              <7> on input line 7.
LaTeX Font Info:    External font `cmex10' loaded for size
(Font)              <5> on input line 7.

Overfull \hbox (30.37854pt too wide) in paragraph at lines 7--8
[]\/cmr/m/n/10 (\OML/cmm/m/it/10  \/cmr/m/n/10 +
 []


Overfull \hbox (25.50348pt too wide) in paragraph at lines 7--8
\/cmr/m/n/10 2\OML/cmm/m/it/10 ^^Y\/cmr/m/n/10 ) =
 []


Overfull \hbox (59.6459pt too wide) in paragraph at lines 7--8
[]\/cmr/m/n/10 (\OML/cmm/m/it/10 \/cmr/m/n/10 )  [](\OML/cmm/m/it/10  \/cmr/m
/n/10 +
 []


Overfull \hbox (25.50348pt too wide) in paragraph at lines 7--8
\/cmr/m/n/10 2\OML/cmm/m/it/10 ^^Y\/cmr/m/n/10 ) =
 []


Overfull \hbox (27.60074pt too wide) in paragraph at lines 7--8
[]\/cmr/m/n/10 (\OML/cmm/m/it/10 \/cmr/m/n/10 )$ 
 []


Overfull \hbox (32.54523pt too wide) in paragraph at lines 8--9
[]\/cmr/m/n/10 (\OML/cmm/m/it/10  \/cmr/m/n/10 +
 []


Overfull \hbox (20.50346pt too wide) in paragraph at lines 8--9
\OML/cmm/m/it/10 ^^Y\/cmr/m/n/10 ) =
 []


Overfull \hbox (61.75705pt too wide) in paragraph at lines 8--9
[]\/cmr/m/n/10 (\OML/cmm/m/it/10 \/cmr/m/n/10 )  [](\OML/cmm/m/it/10  \/cmr/m
/n/10 +
 []


Overfull \hbox (20.50346pt too wide) in paragraph at lines 8--9
\OML/cmm/m/it/10 ^^Y\/cmr/m/n/10 ) =
 []


Overfull \hbox (27.5452pt too wide) in paragraph at lines 8--9
[]\/cmr/m/n/10 (\OML/cmm/m/it/10 \/cmr/m/n/10 )$ 
 []

! Undefined control sequence.
l.12 \subsubsection
                   {Parität}
The control sequence at the end of the top line
of your error message was never \def'ed. If you have
misspelled it (e.g., `\hobx'), type `I' and the correct
spelling (e.g., `I\hbox'). Otherwise just continue,
and I'll forget about whatever was undefined.

Missing character: There is no P in font nullfont!
Missing character: There is no a in font nullfont!
Missing character: There is no r in font nullfont!
Missing character: There is no i in font nullfont!
Missing character: There is no t in font nullfont!
Missing character: There is no t in font nullfont!

Overfull \hbox (25.00002pt too wide) in paragraph at lines 12--13
[]\/cmr/m/n/10 ^^?a 
 []


Overfull \hbox (44.82295pt too wide) in paragraph at lines 14--15
[]\/cmr/m/n/10 (\OMS/cmsy/m/n/10 ^^@\OML/cmm/m/it/10 \/cmr/m/n/10 ) =
 []


Overfull \hbox (83.53474pt too wide) in paragraph at lines 14--15
\OMS/cmsy/m/n/10 ^^@ []\/cmr/m/n/10 (\OML/cmm/m/it/10 \/cmr/m/n/10 )  [](\OMS/
cmsy/m/n/10 ^^@\OML/cmm/m/it/10 \/cmr/m/n/10 ) =
 []


Overfull \hbox (27.60074pt too wide) in paragraph at lines 14--15
[]\/cmr/m/n/10 (\OML/cmm/m/it/10 \/cmr/m/n/10 )$ 
 []


Overfull \hbox (46.98964pt too wide) in paragraph at lines 15--16
[]\/cmr/m/n/10 (\OMS/cmsy/m/n/10 ^^@\OML/cmm/m/it/10 \/cmr/m/n/10 ) =
 []


Overfull \hbox (85.64589pt too wide) in paragraph at lines 15--16
\OMS/cmsy/m/n/10 ^^@ []\/cmr/m/n/10 (\OML/cmm/m/it/10 \/cmr/m/n/10 )  [](\OMS/
cmsy/m/n/10 ^^@\OML/cmm/m/it/10 \/cmr/m/n/10 ) =
 []


Overfull \hbox (36.98962pt too wide) in paragraph at lines 15--16
\OMS/cmsy/m/n/10 ^^@ []\/cmr/m/n/10 (\OML/cmm/m/it/10 \/cmr/m/n/10 )$ 
 []

! Undefined control sequence.
l.18 \subsubsection
                   {Ergänzung}
The control sequence at the end of the top line
of your error message was never \def'ed. If you have
misspelled it (e.g., `\hobx'), type `I' and the correct
spelling (e.g., `I\hbox'). Otherwise just continue,
and I'll forget about whatever was undefined.

Missing character: There is no E in font nullfont!
Missing character: There is no r in font nullfont!
Missing character: There is no g in font nullfont!
Missing character: There is no n in font nullfont!
Missing character: There is no z in font nullfont!
Missing character: There is no u in font nullfont!
Missing character: There is no n in font nullfont!
Missing character: There is no g in font nullfont!

Overfull \hbox (25.00002pt too wide) in paragraph at lines 18--19
[]\/cmr/m/n/10 ^^?a 
 []


Overfull \hbox (30.00356pt too wide) in paragraph at lines 20--21
[]\/cmr/m/n/10 (\OML/cmm/m/it/10 ^^Y \OMS/cmsy/m/n/10 ^^@
 []


Overfull \hbox (20.87845pt too wide) in paragraph at lines 20--21
\OML/cmm/m/it/10 \/cmr/m/n/10 ) =
 []


Overfull \hbox (59.27092pt too wide) in paragraph at lines 20--21
[]\/cmr/m/n/10 (\OML/cmm/m/it/10 \/cmr/m/n/10 )  [](\OML/cmm/m/it/10 ^^Y \OMS/
cmsy/m/n/10 ^^@
 []


Overfull \hbox (20.87845pt too wide) in paragraph at lines 20--21
\OML/cmm/m/it/10 \/cmr/m/n/10 ) =
 []


Overfull \hbox (37.04517pt too wide) in paragraph at lines 20--21
\OMS/cmsy/m/n/10 ^^@ []\/cmr/m/n/10 (\OML/cmm/m/it/10 \/cmr/m/n/10 )$ 
 []


Overfull \hbox (32.17024pt too wide) in paragraph at lines 21--22
[]\/cmr/m/n/10 (\OML/cmm/m/it/10 ^^Y \OMS/cmsy/m/n/10 ^^@
 []


Overfull \hbox (20.87845pt too wide) in paragraph at lines 21--22
\OML/cmm/m/it/10 \/cmr/m/n/10 ) =
 []


Overfull \hbox (70.82649pt too wide) in paragraph at lines 21--22
\OMS/cmsy/m/n/10 ^^@ []\/cmr/m/n/10 (\OML/cmm/m/it/10 \/cmr/m/n/10 )  [](\OML/
cmm/m/it/10 ^^Y \OMS/cmsy/m/n/10 ^^@
 []


Overfull \hbox (20.87845pt too wide) in paragraph at lines 21--22
\OML/cmm/m/it/10 \/cmr/m/n/10 ) =
 []


Overfull \hbox (36.98962pt too wide) in paragraph at lines 21--22
\OMS/cmsy/m/n/10 ^^@ []\/cmr/m/n/10 (\OML/cmm/m/it/10 \/cmr/m/n/10 )$ 
 []

! Undefined control sequence.
l.25 \subsubsection
                   {Komplemente}
The control sequence at the end of the top line
of your error message was never \def'ed. If you have
misspelled it (e.g., `\hobx'), type `I' and the correct
spelling (e.g., `I\hbox'). Otherwise just continue,
and I'll forget about whatever was undefined.

Missing character: There is no K in font nullfont!
Missing character: There is no o in font nullfont!
Missing character: There is no m in font nullfont!
Missing character: There is no p in font nullfont!
Missing character: There is no l in font nullfont!
Missing character: There is no e in font nullfont!
Missing character: There is no m in font nullfont!
Missing character: There is no e in font nullfont!
Missing character: There is no n in font nullfont!
Missing character: There is no t in font nullfont!
Missing character: There is no e in font nullfont!

Overfull \hbox (20.0pt too wide) in paragraph at lines 25--26
[] 
 []


Overfull \hbox (40.00359pt too wide) in paragraph at lines 27--28
[]\/cmr/m/n/10 (\OML/cmm/m/it/10 ^^Y=\/cmr/m/n/10 2 \OMS/cmsy/m/n/10 ^^@
 []


Overfull \hbox (20.87845pt too wide) in paragraph at lines 27--28
\OML/cmm/m/it/10 \/cmr/m/n/10 ) =
 []


Overfull \hbox (70.38205pt too wide) in paragraph at lines 27--28
[]\/cmr/m/n/10 (\OML/cmm/m/it/10 \/cmr/m/n/10 )  [](\OML/cmm/m/it/10 ^^Y=\/cmr
/m/n/10 2 \OMS/cmsy/m/n/10 ^^@
 []


Overfull \hbox (20.87845pt too wide) in paragraph at lines 27--28
\OML/cmm/m/it/10 \/cmr/m/n/10 ) =
 []


Overfull \hbox (26.48964pt too wide) in paragraph at lines 27--28
[]\/cmr/m/n/10 (\OML/cmm/m/it/10 \/cmr/m/n/10 )$ 
 []


Overfull \hbox (42.17027pt too wide) in paragraph at lines 28--29
[]\/cmr/m/n/10 (\OML/cmm/m/it/10 ^^Y=\/cmr/m/n/10 2 \OMS/cmsy/m/n/10 ^^@
 []


Overfull \hbox (20.87845pt too wide) in paragraph at lines 28--29
\OML/cmm/m/it/10 \/cmr/m/n/10 ) =
 []


Overfull \hbox (80.82652pt too wide) in paragraph at lines 28--29
\OMS/cmsy/m/n/10 ^^@ []\/cmr/m/n/10 (\OML/cmm/m/it/10 \/cmr/m/n/10 )  [](\OML/
cmm/m/it/10 ^^Y=\/cmr/m/n/10 2 \OMS/cmsy/m/n/10 ^^@
 []


Overfull \hbox (20.87845pt too wide) in paragraph at lines 28--29
\OML/cmm/m/it/10 \/cmr/m/n/10 ) =
 []


Overfull \hbox (36.98962pt too wide) in paragraph at lines 28--29
\OMS/cmsy/m/n/10 ^^@ []\/cmr/m/n/10 (\OML/cmm/m/it/10 \/cmr/m/n/10 )$ 
 []

! Undefined control sequence.
l.31 \subsubsection
                   {Doppelwinkel}
The control sequence at the end of the top line
of your error message was never \def'ed. If you have
misspelled it (e.g., `\hobx'), type `I' and the correct
spelling (e.g., `I\hbox'). Otherwise just continue,
and I'll forget about whatever was undefined.

Missing character: There is no D in font nullfont!
Missing character: There is no o in font nullfont!
Missing character: There is no p in font nullfont!
Missing character: There is no p in font nullfont!
Missing character: There is no e in font nullfont!
Missing character: There is no l in font nullfont!
Missing character: There is no w in font nullfont!
Missing character: There is no i in font nullfont!
Missing character: There is no n in font nullfont!
Missing character: There is no k in font nullfont!
Missing character: There is no e in font nullfont!
Missing character: There is no l in font nullfont!

Overfull \hbox (20.0pt too wide) in paragraph at lines 31--32
[] 
 []


Overfull \hbox (42.04517pt too wide) in paragraph at lines 33--34
[]\/cmr/m/n/10 (2\OML/cmm/m/it/10 \/cmr/m/n/10 ) =
 []


Overfull \hbox (62.42365pt too wide) in paragraph at lines 33--34
\/cmr/m/n/10 2 [](\OML/cmm/m/it/10 \/cmr/m/n/10 ) [](\OML/cmm/m/it/10 \/cmr/m
/n/10 )$ 
 []


Overfull \hbox (43.15627pt too wide) in paragraph at lines 34--35
[]\/cmr/m/n/10 (2\OML/cmm/m/it/10 \/cmr/m/n/10 ) =
 []


Overfull \hbox (39.86467pt too wide) in paragraph at lines 34--35
[][]\/cmr/m/n/10 (\OML/cmm/m/it/10 \/cmr/m/n/10 ) \OMS/cmsy/m/n/10 ^^@
 []


Overfull \hbox (41.53128pt too wide) in paragraph at lines 34--35
[][]\/cmr/m/n/10 (\OML/cmm/m/it/10 \/cmr/m/n/10 ) =
 []


Overfull \hbox (12.77782pt too wide) in paragraph at lines 34--35
\/cmr/m/n/10 1 \OMS/cmsy/m/n/10 ^^@
 []


Overfull \hbox (37.64241pt too wide) in paragraph at lines 34--35
\/cmr/m/n/10 2 [][](\OML/cmm/m/it/10 \/cmr/m/n/10 )$ 
 []


Overfull \hbox (44.21185pt too wide) in paragraph at lines 35--36
[]\/cmr/m/n/10 (2\OML/cmm/m/it/10 \/cmr/m/n/10 ) =
 []


Overfull \hbox (39.5156pt too wide) in paragraph at lines 35--36
[]$ 
 []

! Undefined control sequence.
l.38 \subsubsection
                   {Addition}
The control sequence at the end of the top line
of your error message was never \def'ed. If you have
misspelled it (e.g., `\hobx'), type `I' and the correct
spelling (e.g., `I\hbox'). Otherwise just continue,
and I'll forget about whatever was undefined.

Missing character: There is no A in font nullfont!
Missing character: There is no d in font nullfont!
Missing character: There is no d in font nullfont!
Missing character: There is no i in font nullfont!
Missing character: There is no t in font nullfont!
Missing character: There is no i in font nullfont!
Missing character: There is no o in font nullfont!
Missing character: There is no n in font nullfont!

Overfull \hbox (20.0pt too wide) in paragraph at lines 38--39
[] 
 []


Overfull \hbox (30.37854pt too wide) in paragraph at lines 40--41
[]\/cmr/m/n/10 (\OML/cmm/m/it/10  \/cmr/m/n/10 +
 []


Overfull \hbox (20.62843pt too wide) in paragraph at lines 40--41
\OML/cmm/m/it/10 ^^L\/cmr/m/n/10 ) =
 []


Overfull \hbox (63.28479pt too wide) in paragraph at lines 40--41
[]\/cmr/m/n/10 (\OML/cmm/m/it/10 \/cmr/m/n/10 ) [](\OML/cmm/m/it/10 ^^L\/cmr/m
/n/10 ) +
 []


Overfull \hbox (55.50699pt too wide) in paragraph at lines 40--41
[]\/cmr/m/n/10 (\OML/cmm/m/it/10 \/cmr/m/n/10 ) [](\OML/cmm/m/it/10 ^^L\/cmr/m
/n/10 )$ 
 []


Overfull \hbox (31.48964pt too wide) in paragraph at lines 41--42
[]\/cmr/m/n/10 (\OML/cmm/m/it/10  \/cmr/m/n/10 +
 []


Overfull \hbox (20.62843pt too wide) in paragraph at lines 41--42
\OML/cmm/m/it/10 ^^L\/cmr/m/n/10 ) =
 []


Overfull \hbox (64.39589pt too wide) in paragraph at lines 41--42
[]\/cmr/m/n/10 (\OML/cmm/m/it/10 \/cmr/m/n/10 ) [](\OML/cmm/m/it/10 ^^L\/cmr/m
/n/10 ) \OMS/cmsy/m/n/10 ^^@
 []


Overfull \hbox (54.39589pt too wide) in paragraph at lines 41--42
[]\/cmr/m/n/10 (\OML/cmm/m/it/10 \/cmr/m/n/10 ) [](\OML/cmm/m/it/10 ^^L\/cmr/m
/n/10 )$ 
 []


Overfull \hbox (32.54523pt too wide) in paragraph at lines 42--43
[]\/cmr/m/n/10 (\OML/cmm/m/it/10  \/cmr/m/n/10 +
 []


Overfull \hbox (20.62843pt too wide) in paragraph at lines 42--43
\OML/cmm/m/it/10 ^^L\/cmr/m/n/10 ) =
 []


Overfull \hbox (59.6505pt too wide) in paragraph at lines 42--43
[]$ 
 []

! Undefined control sequence.
l.45 \subsubsection
                   {Subtraktion}
The control sequence at the end of the top line
of your error message was never \def'ed. If you have
misspelled it (e.g., `\hobx'), type `I' and the correct
spelling (e.g., `I\hbox'). Otherwise just continue,
and I'll forget about whatever was undefined.

Missing character: There is no S in font nullfont!
Missing character: There is no u in font nullfont!
Missing character: There is no b in font nullfont!
Missing character: There is no t in font nullfont!
Missing character: There is no r in font nullfont!
Missing character: There is no a in font nullfont!
Missing character: There is no k in font nullfont!
Missing character: There is no t in font nullfont!
Missing character: There is no i in font nullfont!
Missing character: There is no o in font nullfont!
Missing character: There is no n in font nullfont!

Overfull \hbox (20.0pt too wide) in paragraph at lines 45--46
[] 
 []


Overfull \hbox (30.37854pt too wide) in paragraph at lines 47--48
[]\/cmr/m/n/10 (\OML/cmm/m/it/10  \OMS/cmsy/m/n/10 ^^@
 []


Overfull \hbox (20.62843pt too wide) in paragraph at lines 47--48
\OML/cmm/m/it/10 ^^L\/cmr/m/n/10 ) =
 []


Overfull \hbox (63.28479pt too wide) in paragraph at lines 47--48
[]\/cmr/m/n/10 (\OML/cmm/m/it/10 \/cmr/m/n/10 ) [](\OML/cmm/m/it/10 ^^L\/cmr/m
/n/10 ) \OMS/cmsy/m/n/10 ^^@
 []


Overfull \hbox (55.50699pt too wide) in paragraph at lines 47--48
[]\/cmr/m/n/10 (\OML/cmm/m/it/10 \/cmr/m/n/10 ) [](\OML/cmm/m/it/10 ^^L\/cmr/m
/n/10 )$ 
 []


Overfull \hbox (31.48964pt too wide) in paragraph at lines 48--49
[]\/cmr/m/n/10 (\OML/cmm/m/it/10  \OMS/cmsy/m/n/10 ^^@
 []


Overfull \hbox (20.62843pt too wide) in paragraph at lines 48--49
\OML/cmm/m/it/10 ^^L\/cmr/m/n/10 ) =
 []


Overfull \hbox (64.39589pt too wide) in paragraph at lines 48--49
[]\/cmr/m/n/10 (\OML/cmm/m/it/10 \/cmr/m/n/10 ) [](\OML/cmm/m/it/10 ^^L\/cmr/m
/n/10 ) +
 []


Overfull \hbox (54.39589pt too wide) in paragraph at lines 48--49
[]\/cmr/m/n/10 (\OML/cmm/m/it/10 \/cmr/m/n/10 ) [](\OML/cmm/m/it/10 ^^L\/cmr/m
/n/10 )$ 
 []


Overfull \hbox (32.54523pt too wide) in paragraph at lines 49--50
[]\/cmr/m/n/10 (\OML/cmm/m/it/10  \OMS/cmsy/m/n/10 ^^@
 []


Overfull \hbox (20.62843pt too wide) in paragraph at lines 49--50
\OML/cmm/m/it/10 ^^L\/cmr/m/n/10 ) =
 []


Overfull \hbox (59.5394pt too wide) in paragraph at lines 49--50
[]$ 
 []

! Undefined control sequence.
l.52 \subsubsection
                   {Multiplikation}
The control sequence at the end of the top line
of your error message was never \def'ed. If you have
misspelled it (e.g., `\hobx'), type `I' and the correct
spelling (e.g., `I\hbox'). Otherwise just continue,
and I'll forget about whatever was undefined.

Missing character: There is no M in font nullfont!
Missing character: There is no u in font nullfont!
Missing character: There is no l in font nullfont!
Missing character: There is no t in font nullfont!
Missing character: There is no i in font nullfont!
Missing character: There is no p in font nullfont!
Missing character: There is no l in font nullfont!
Missing character: There is no i in font nullfont!
Missing character: There is no k in font nullfont!
Missing character: There is no a in font nullfont!
Missing character: There is no t in font nullfont!
Missing character: There is no i in font nullfont!
Missing character: There is no o in font nullfont!
Missing character: There is no n in font nullfont!

Overfull \hbox (20.0pt too wide) in paragraph at lines 52--53
[] 
 []


Overfull \hbox (64.9514pt too wide) in paragraph at lines 54--55
[]\/cmr/m/n/10 (\OML/cmm/m/it/10 \/cmr/m/n/10 ) [](\OML/cmm/m/it/10 ^^L\/cmr/m
/n/10 ) =
 []


Overfull \hbox (82.92215pt too wide) in paragraph at lines 54--55
\OMS/cmsy/m/n/10 ^^@[]$ 
 []


Overfull \hbox (67.1736pt too wide) in paragraph at lines 55--56
[]\/cmr/m/n/10 (\OML/cmm/m/it/10 \/cmr/m/n/10 ) [](\OML/cmm/m/it/10 ^^L\/cmr/m
/n/10 ) =
 []


Overfull \hbox (75.03325pt too wide) in paragraph at lines 55--56
[]$ 
 []


Overfull \hbox (66.0625pt too wide) in paragraph at lines 56--57
[]\/cmr/m/n/10 (\OML/cmm/m/it/10 \/cmr/m/n/10 ) [](\OML/cmm/m/it/10 ^^L\/cmr/m
/n/10 ) =
 []


Overfull \hbox (73.31102pt too wide) in paragraph at lines 56--57
[]$ 
 []

! Undefined control sequence.
l.59 \subsubsection
                   {Potenzen}
The control sequence at the end of the top line
of your error message was never \def'ed. If you have
misspelled it (e.g., `\hobx'), type `I' and the correct
spelling (e.g., `I\hbox'). Otherwise just continue,
and I'll forget about whatever was undefined.

Missing character: There is no P in font nullfont!
Missing character: There is no o in font nullfont!
Missing character: There is no t in font nullfont!
Missing character: There is no e in font nullfont!
Missing character: There is no n in font nullfont!
Missing character: There is no z in font nullfont!
Missing character: There is no e in font nullfont!
Missing character: There is no n in font nullfont!

Overfull \hbox (20.0pt too wide) in paragraph at lines 59--60
[] 
 []


Overfull \hbox (41.53128pt too wide) in paragraph at lines 61--62
[][]\/cmr/m/n/10 (\OML/cmm/m/it/10 \/cmr/m/n/10 ) =
 []


Overfull \hbox (23.05284pt too wide) in paragraph at lines 61--62
[]\/cmr/m/n/10 (1 \OMS/cmsy/m/n/10 ^^@
 []


Overfull \hbox (36.48965pt too wide) in paragraph at lines 61--62
[]\/cmr/m/n/10 (2\OML/cmm/m/it/10 \/cmr/m/n/10 ))$ 
 []


Overfull \hbox (42.64238pt too wide) in paragraph at lines 62--63
[][]\/cmr/m/n/10 (\OML/cmm/m/it/10 \/cmr/m/n/10 ) =
 []


Overfull \hbox (23.05284pt too wide) in paragraph at lines 62--63
[]\/cmr/m/n/10 (1 +
 []


Overfull \hbox (36.48965pt too wide) in paragraph at lines 62--63
[]\/cmr/m/n/10 (2\OML/cmm/m/it/10 \/cmr/m/n/10 ))$ 
 []


Overfull \hbox (43.69797pt too wide) in paragraph at lines 63--64
[][]\/cmr/m/n/10 (\OML/cmm/m/it/10 \/cmr/m/n/10 ) =
 []


Overfull \hbox (38.78084pt too wide) in paragraph at lines 63--64
[]$ 
 []

! Undefined control sequence.
l.66 \subsubsection
                   {Reduktion}
The control sequence at the end of the top line
of your error message was never \def'ed. If you have
misspelled it (e.g., `\hobx'), type `I' and the correct
spelling (e.g., `I\hbox'). Otherwise just continue,
and I'll forget about whatever was undefined.

Missing character: There is no R in font nullfont!
Missing character: There is no e in font nullfont!
Missing character: There is no d in font nullfont!
Missing character: There is no u in font nullfont!
Missing character: There is no k in font nullfont!
Missing character: There is no t in font nullfont!
Missing character: There is no i in font nullfont!
Missing character: There is no o in font nullfont!
Missing character: There is no n in font nullfont!

Overfull \hbox (20.0pt too wide) in paragraph at lines 66--67
[] 
 []


Overfull \hbox (40.82182pt too wide) in paragraph at lines 68--69
[][]\/cmr/m/n/10 (\OML/cmm/m/it/10 u\/cmr/m/n/10 ) =
 []


Overfull \hbox (38.31013pt too wide) in paragraph at lines 68--69
[]$ 
 []


Overfull \hbox (41.93292pt too wide) in paragraph at lines 69--70
[][]\/cmr/m/n/10 (\OML/cmm/m/it/10 u\/cmr/m/n/10 ) =
 []


Overfull \hbox (38.19904pt too wide) in paragraph at lines 69--70
[]$ 
 []


Overfull \hbox (42.98851pt too wide) in paragraph at lines 70--71
[][]\/cmr/m/n/10 (\OML/cmm/m/it/10 u\/cmr/m/n/10 ) =
 []


Overfull \hbox (38.31013pt too wide) in paragraph at lines 70--71
[]$ 
 []


Overfull \hbox (41.93292pt too wide) in paragraph at lines 72--73
[][]\/cmr/m/n/10 (\OML/cmm/m/it/10 u\/cmr/m/n/10 ) =
 []


Overfull \hbox (59.64151pt too wide) in paragraph at lines 72--73
[]$ 
 []


Overfull \hbox (40.82182pt too wide) in paragraph at lines 73--74
[][]\/cmr/m/n/10 (\OML/cmm/m/it/10 u\/cmr/m/n/10 ) =
 []


Overfull \hbox (59.53041pt too wide) in paragraph at lines 73--74
[]$ 
 []


! LaTeX Error: The font size command \normalsize is not defined:
               there is probably something wrong with the class file.

See the LaTeX manual or LaTeX Companion for explanation.
Type  H <return>  for immediate help.
 ...                                              
                                                  
l.74 \item $
            \tan^3(u) = \frac{3 \sin(u)-\sin(3u)}{3 \sin(u)+\sin(3u)}$
Your command was ignored.
Type  I <command> <return>  to replace it with another command,
or  <return>  to continue without it.

[1{C:/Users/41783/AppData/Local/MiKTeX/fonts/map/pdftex/pdftex.map}]
Overfull \hbox (42.98851pt too wide) in paragraph at lines 74--75
[][]\/cmr/m/n/10 (\OML/cmm/m/it/10 u\/cmr/m/n/10 ) =
 []


Overfull \hbox (59.64151pt too wide) in paragraph at lines 74--75
[]$ 
 []


Overfull \hbox (41.93292pt too wide) in paragraph at lines 76--77
[][]\/cmr/m/n/10 (\OML/cmm/m/it/10 u\/cmr/m/n/10 ) =
 []


Overfull \hbox (75.47491pt too wide) in paragraph at lines 76--77
[]$ 
 []


Overfull \hbox (40.82182pt too wide) in paragraph at lines 77--78
[][]\/cmr/m/n/10 (\OML/cmm/m/it/10 u\/cmr/m/n/10 ) =
 []


Overfull \hbox (75.36382pt too wide) in paragraph at lines 77--78
[]$ 
 []


Overfull \hbox (42.98851pt too wide) in paragraph at lines 78--79
[][]\/cmr/m/n/10 (\OML/cmm/m/it/10 u\/cmr/m/n/10 ) =
 []


Overfull \hbox (75.47491pt too wide) in paragraph at lines 78--79
[]$ 
 []


Overfull \hbox (41.93292pt too wide) in paragraph at lines 80--81
[][]\/cmr/m/n/10 (\OML/cmm/m/it/10 u\/cmr/m/n/10 ) =
 []


Overfull \hbox (99.9313pt too wide) in paragraph at lines 80--81
[]$ 
 []


Overfull \hbox (40.82182pt too wide) in paragraph at lines 81--82
[][]\/cmr/m/n/10 (\OML/cmm/m/it/10 u\/cmr/m/n/10 ) =
 []


Overfull \hbox (99.8202pt too wide) in paragraph at lines 81--82
[]$ 
 []


Overfull \hbox (42.98851pt too wide) in paragraph at lines 82--83
[][]\/cmr/m/n/10 (\OML/cmm/m/it/10 u\/cmr/m/n/10 ) =
 []


Overfull \hbox (99.9313pt too wide) in paragraph at lines 82--83
[]$ 
 []

! Undefined control sequence.
l.85 \subsubsection
                   {Diverse}
The control sequence at the end of the top line
of your error message was never \def'ed. If you have
misspelled it (e.g., `\hobx'), type `I' and the correct
spelling (e.g., `I\hbox'). Otherwise just continue,
and I'll forget about whatever was undefined.

Missing character: There is no D in font nullfont!
Missing character: There is no i in font nullfont!
Missing character: There is no v in font nullfont!
Missing character: There is no e in font nullfont!
Missing character: There is no r in font nullfont!
Missing character: There is no s in font nullfont!
Missing character: There is no e in font nullfont!

Overfull \hbox (20.0pt too wide) in paragraph at lines 85--86
[] 
 []


Overfull \hbox (20.0pt too wide) in paragraph at lines 87--87
[] 
 []


Overfull \hbox (38.75357pt too wide) in paragraph at lines 88--89
[][]\/cmr/m/n/10 (\OML/cmm/m/it/10 \/cmr/m/n/10 ) +
 []


Overfull \hbox (42.64238pt too wide) in paragraph at lines 88--89
[][]\/cmr/m/n/10 (\OML/cmm/m/it/10 \/cmr/m/n/10 ) =
 []


Overfull \hbox (5.00002pt too wide) in paragraph at lines 88--89
\/cmr/m/n/10 1$ 
 []


Overfull \hbox (45.42024pt too wide) in paragraph at lines 89--90
[][]\/cmr/m/n/10 (\OML/cmm/m/it/10 \/cmr/m/n/10 ) \OMS/cmsy/m/n/10 ^^@
 []


Overfull \hbox (47.08685pt too wide) in paragraph at lines 89--90
[][]\/cmr/m/n/10 (\OML/cmm/m/it/10 \/cmr/m/n/10 ) =
 []


Overfull \hbox (5.00002pt too wide) in paragraph at lines 89--90
\/cmr/m/n/10 1$ 
 []

Missing character: There is no u in font nullfont!
Missing character: There is no n in font nullfont!
Missing character: There is no d in font nullfont!

Overfull \hbox (35.70142pt too wide) in paragraph at lines 90--91
[]\/cmr/m/n/10 (\OML/cmm/m/it/10 z\/cmr/m/n/10 ) =
 []


Overfull \hbox (35.24762pt too wide) in paragraph at lines 90--91
[]$
 []


Overfull \hbox (36.81252pt too wide) in paragraph at lines 90--91
[]\/cmr/m/n/10 (\OML/cmm/m/it/10 z\/cmr/m/n/10 ) =
 []


Overfull \hbox (35.13652pt too wide) in paragraph at lines 90--91
[]$ 
 []


Overfull \hbox (42.14656pt too wide) in paragraph at lines 91--92
[]\/cmr/m/n/10 (\OML/cmm/m/it/10 iz\/cmr/m/n/10 ) =
 []


Overfull \hbox (34.0348pt too wide) in paragraph at lines 91--92
[]\/cmr/m/n/10 (\OML/cmm/m/it/10 z\/cmr/m/n/10 ) +
 []


Overfull \hbox (30.25766pt too wide) in paragraph at lines 91--92
\OML/cmm/m/it/10 i []\/cmr/m/n/10 (\OML/cmm/m/it/10 z\/cmr/m/n/10 )$ 
 []


Overfull \hbox (37.8681pt too wide) in paragraph at lines 92--93
[]\/cmr/m/n/10 (\OML/cmm/m/it/10 z\/cmr/m/n/10 ) =
 []


Overfull \hbox (61.89108pt too wide) in paragraph at lines 92--93
[]  []\/cmr/m/n/10 (\OML/cmm/m/it/10 z\/cmr/m/n/10 ) =
 []


Overfull \hbox (23.46748pt too wide) in paragraph at lines 92--93
[]$ 
 []


Overfull \hbox (38.18356pt too wide) in paragraph at lines 93--94
\OML/cmm/m/it/10 sin\/cmr/m/n/10 (\OML/cmm/m/it/10 x\/cmr/m/n/10 ) \OMS/cmsy/m/
n/10 ^^T
 []


Overfull \hbox (5.71527pt too wide) in paragraph at lines 93--94
\OML/cmm/m/it/10 x$ 
 []

! Undefined control sequence.
l.96 \subsubsection
                   {Werte}
The control sequence at the end of the top line
of your error message was never \def'ed. If you have
misspelled it (e.g., `\hobx'), type `I' and the correct
spelling (e.g., `I\hbox'). Otherwise just continue,
and I'll forget about whatever was undefined.

Missing character: There is no W in font nullfont!
Missing character: There is no e in font nullfont!
Missing character: There is no r in font nullfont!
Missing character: There is no t in font nullfont!
Missing character: There is no e in font nullfont!
Missing character: There is no d in font nullfont!
Missing character: There is no e in font nullfont!
Missing character: There is no g in font nullfont!
! Undefined control sequence.
l.98   deg& $0 \degree
                       $ & $30 \degree $ & $45 \degree $ & $60 \degree $ & $...
The control sequence at the end of the top line
of your error message was never \def'ed. If you have
misspelled it (e.g., `\hobx'), type `I' and the correct
spelling (e.g., `I\hbox'). Otherwise just continue,
and I'll forget about whatever was undefined.

! Undefined control sequence.
l.98   deg& $0 \degree $ & $30 \degree
                                       $ & $45 \degree $ & $60 \degree $ & $...
The control sequence at the end of the top line
of your error message was never \def'ed. If you have
misspelled it (e.g., `\hobx'), type `I' and the correct
spelling (e.g., `I\hbox'). Otherwise just continue,
and I'll forget about whatever was undefined.

! Undefined control sequence.
l.98 ...$0 \degree $ & $30 \degree $ & $45 \degree
                                                   $ & $60 \degree $ & $90 \...
The control sequence at the end of the top line
of your error message was never \def'ed. If you have
misspelled it (e.g., `\hobx'), type `I' and the correct
spelling (e.g., `I\hbox'). Otherwise just continue,
and I'll forget about whatever was undefined.

! Undefined control sequence.
l.98 ...30 \degree $ & $45 \degree $ & $60 \degree
                                                   $ & $90 \degree $ & $180 ...
The control sequence at the end of the top line
of your error message was never \def'ed. If you have
misspelled it (e.g., `\hobx'), type `I' and the correct
spelling (e.g., `I\hbox'). Otherwise just continue,
and I'll forget about whatever was undefined.

! Undefined control sequence.
l.98 ...45 \degree $ & $60 \degree $ & $90 \degree
                                                   $ & $180 \degree $ \\
The control sequence at the end of the top line
of your error message was never \def'ed. If you have
misspelled it (e.g., `\hobx'), type `I' and the correct
spelling (e.g., `I\hbox'). Otherwise just continue,
and I'll forget about whatever was undefined.

! Undefined control sequence.
l.98 ...0 \degree $ & $90 \degree $ & $180 \degree
                                                   $ \\
The control sequence at the end of the top line
of your error message was never \def'ed. If you have
misspelled it (e.g., `\hobx'), type `I' and the correct
spelling (e.g., `I\hbox'). Otherwise just continue,
and I'll forget about whatever was undefined.

Missing character: There is no r in font nullfont!
Missing character: There is no a in font nullfont!
Missing character: There is no d in font nullfont!
Missing character: There is no 0 in font nullfont!
Missing character: There is no c in font nullfont!
Missing character: There is no o in font nullfont!
Missing character: There is no s in font nullfont!
Missing character: There is no 1 in font nullfont!
Missing character: There is no 0 in font nullfont!
Missing character: There is no - in font nullfont!
Missing character: There is no 1 in font nullfont!
Missing character: There is no s in font nullfont!
Missing character: There is no i in font nullfont!
Missing character: There is no n in font nullfont!
Missing character: There is no 0 in font nullfont!
Missing character: There is no 1 in font nullfont!
Missing character: There is no 0 in font nullfont!
Missing character: There is no t in font nullfont!
Missing character: There is no a in font nullfont!
Missing character: There is no n in font nullfont!
Missing character: There is no 0 in font nullfont!
Missing character: There is no 1 in font nullfont!
Missing character: There is no 0 in font nullfont!

Overfull \hbox (77.02255pt too wide) in paragraph at lines 96--105
 [] 
 []

! Undefined control sequence.
l.106 \subsubsection
                    {Domain}
The control sequence at the end of the top line
of your error message was never \def'ed. If you have
misspelled it (e.g., `\hobx'), type `I' and the correct
spelling (e.g., `I\hbox'). Otherwise just continue,
and I'll forget about whatever was undefined.

Missing character: There is no D in font nullfont!
Missing character: There is no o in font nullfont!
Missing character: There is no m in font nullfont!
Missing character: There is no a in font nullfont!
Missing character: There is no i in font nullfont!
Missing character: There is no n in font nullfont!

Overfull \hbox (109.75134pt too wide) detected at line 107
[] \/cmr/m/n/10 : [] [][]\OMS/cmsy/m/n/10 ! []
 []


Overfull \hbox (92.22559pt too wide) detected at line 108
[] \/cmr/m/n/10 : [] [][]\OMS/cmsy/m/n/10 ! []
 []

! Undefined control sequence.
l.109 ...ac{\pi}{2}\right] \longrightarrow \mathbb
                                                  {R}$$
The control sequence at the end of the top line
of your error message was never \def'ed. If you have
misspelled it (e.g., `\hobx'), type `I' and the correct
spelling (e.g., `I\hbox'). Otherwise just continue,
and I'll forget about whatever was undefined.


Overfull \hbox (91.81036pt too wide) detected at line 109
[] \/cmr/m/n/10 : [] [][]\OMS/cmsy/m/n/10 ! \OML/cmm/m/it/10 R
 []

! Undefined control sequence.
l.110 $$\sinh: \mathbb
                      {R} \longrightarrow\mathbb{R} $$
The control sequence at the end of the top line
of your error message was never \def'ed. If you have
misspelled it (e.g., `\hobx'), type `I' and the correct
spelling (e.g., `I\hbox'). Otherwise just continue,
and I'll forget about whatever was undefined.

! Undefined control sequence.
l.110 $$\sinh: \mathbb{R} \longrightarrow\mathbb
                                                {R} $$
The control sequence at the end of the top line
of your error message was never \def'ed. If you have
misspelled it (e.g., `\hobx'), type `I' and the correct
spelling (e.g., `I\hbox'). Otherwise just continue,
and I'll forget about whatever was undefined.


Overfull \hbox (63.1735pt too wide) detected at line 110
[] \/cmr/m/n/10 : \OML/cmm/m/it/10 R [][]\OMS/cmsy/m/n/10 ! \OML/cmm/m/it/10 R
 []

! Undefined control sequence.
l.111  $$\cosh: \mathbb
                       {R}\longrightarrow \left[1,\infty\right[$$
The control sequence at the end of the top line
of your error message was never \def'ed. If you have
misspelled it (e.g., `\hobx'), type `I' and the correct
spelling (e.g., `I\hbox'). Otherwise just continue,
and I'll forget about whatever was undefined.


Overfull \hbox (81.61446pt too wide) detected at line 111
[] \/cmr/m/n/10 : \OML/cmm/m/it/10 R [][]\OMS/cmsy/m/n/10 ! []
 []

! Undefined control sequence.
l.112  $$\tanh: \mathbb
                       {R}\longrightarrow \left[-1,1\right]$$
The control sequence at the end of the top line
of your error message was never \def'ed. If you have
misspelled it (e.g., `\hobx'), type `I' and the correct
spelling (e.g., `I\hbox'). Otherwise just continue,
and I'll forget about whatever was undefined.


Overfull \hbox (85.44785pt too wide) detected at line 112
[] \/cmr/m/n/10 : \OML/cmm/m/it/10 R [][]\OMS/cmsy/m/n/10 ! []
 []

! Undefined control sequence.
l.117  \subsection
                  {Grenzwerte}
The control sequence at the end of the top line
of your error message was never \def'ed. If you have
misspelled it (e.g., `\hobx'), type `I' and the correct
spelling (e.g., `I\hbox'). Otherwise just continue,
and I'll forget about whatever was undefined.

Missing character: There is no G in font nullfont!
Missing character: There is no r in font nullfont!
Missing character: There is no e in font nullfont!
Missing character: There is no n in font nullfont!
Missing character: There is no z in font nullfont!
Missing character: There is no w in font nullfont!
Missing character: There is no e in font nullfont!
Missing character: There is no r in font nullfont!
Missing character: There is no t in font nullfont!
Missing character: There is no e in font nullfont!

Overfull \hbox (20.0pt too wide) in paragraph at lines 117--118
[] 
 []


! LaTeX Error: Environment tabularx undefined.

See the LaTeX manual or LaTeX Companion for explanation.
Type  H <return>  for immediate help.
 ...                                              
                                                  
l.119   \begin{tabularx}
                        {\linewidth}{XX}
Your command was ignored.
Type  I <command> <return>  to replace it with another command,
or  <return>  to continue without it.

! Missing number, treated as zero.
<to be read again> 
                   }
l.119   \begin{tabularx}{\linewidth}
                                    {XX}
A number should have been here; I inserted `0'.
(If you can't figure out why I needed to see a number,
look up `weird error' in the index to The TeXbook.)

! Illegal unit of measure (pt inserted).
<to be read again> 
                   }
l.119   \begin{tabularx}{\linewidth}
                                    {XX}
Dimensions can be in units of em, ex, in, pt, pc,
cm, mm, dd, cc, nd, nc, bp, or sp; but yours is a new one!
I'll assume that you meant to say pt, for printer's points.
To recover gracefully from this error, it's best to
delete the erroneous units; e.g., type `2' to delete
two letters. (See Chapter 27 of The TeXbook.)

Missing character: There is no X in font nullfont!
Missing character: There is no X in font nullfont!
! Undefined control sequence.
l.120     \toprule
                  
The control sequence at the end of the top line
of your error message was never \def'ed. If you have
misspelled it (e.g., `\hobx'), type `I' and the correct
spelling (e.g., `I\hbox'). Otherwise just continue,
and I'll forget about whatever was undefined.

! Undefined control sequence.
<recently read> \limxi 
                       
l.121     $\limxi
                  \frac{1}{x} = 0$ & $\limxi 1 + \frac{1}{x} = 1$ \\
The control sequence at the end of the top line
of your error message was never \def'ed. If you have
misspelled it (e.g., `\hobx'), type `I' and the correct
spelling (e.g., `I\hbox'). Otherwise just continue,
and I'll forget about whatever was undefined.

! Misplaced alignment tab character &.
l.121     $\limxi \frac{1}{x} = 0$ &
                                     $\limxi 1 + \frac{1}{x} = 1$ \\
I can't figure out why you would want to use a tab mark
here. If you just want an ampersand, the remedy is
simple: Just type `I\&' now. But if some right brace
up above has ended a previous alignment prematurely,
you're probably due for more error messages, and you
might try typing `S' now just to see what is salvageable.

! Undefined control sequence.
<recently read> \limxi 
                       
l.121     $\limxi \frac{1}{x} = 0$ & $\limxi
                                             1 + \frac{1}{x} = 1$ \\
The control sequence at the end of the top line
of your error message was never \def'ed. If you have
misspelled it (e.g., `\hobx'), type `I' and the correct
spelling (e.g., `I\hbox'). Otherwise just continue,
and I'll forget about whatever was undefined.


Overfull \hbox (17.49023pt too wide) in paragraph at lines 119--121
 [] \/cmr/m/n/10 = 
 []


Overfull \hbox (5.00002pt too wide) in paragraph at lines 119--121
 \/cmr/m/n/10 0$ 
 []


Overfull \hbox (12.77782pt too wide) in paragraph at lines 119--121
 \/cmr/m/n/10 1 + 
 []


Overfull \hbox (17.49023pt too wide) in paragraph at lines 119--121
 [] \/cmr/m/n/10 = 
 []


Overfull \hbox (5.00002pt too wide) in paragraph at lines 119--121
 \/cmr/m/n/10 1$ 
 []

! Undefined control sequence.
<recently read> \limxi 
                       
l.122     $\limxi
                  e^x = \infty$ & $\limxn e^x = 0$ \\
The control sequence at the end of the top line
of your error message was never \def'ed. If you have
misspelled it (e.g., `\hobx'), type `I' and the correct
spelling (e.g., `I\hbox'). Otherwise just continue,
and I'll forget about whatever was undefined.

! Misplaced alignment tab character &.
l.122     $\limxi e^x = \infty$ &
                                  $\limxn e^x = 0$ \\
I can't figure out why you would want to use a tab mark
here. If you just want an ampersand, the remedy is
simple: Just type `I\&' now. But if some right brace
up above has ended a previous alignment prematurely,
you're probably due for more error messages, and you
might try typing `S' now just to see what is salvageable.

! Undefined control sequence.
<recently read> \limxn 
                       
l.122     $\limxi e^x = \infty$ & $\limxn
                                          e^x = 0$ \\
The control sequence at the end of the top line
of your error message was never \def'ed. If you have
misspelled it (e.g., `\hobx'), type `I' and the correct
spelling (e.g., `I\hbox'). Otherwise just continue,
and I'll forget about whatever was undefined.


Overfull \hbox (20.2465pt too wide) in paragraph at lines 122--122
 []$\OML/cmm/m/it/10 e[] \/cmr/m/n/10 = 
 []


Overfull \hbox (10.00002pt too wide) in paragraph at lines 122--122
 \OMS/cmsy/m/n/10 1$ 
 []


Overfull \hbox (20.2465pt too wide) in paragraph at lines 122--122
 \OML/cmm/m/it/10 e[] \/cmr/m/n/10 = 
 []


Overfull \hbox (5.00002pt too wide) in paragraph at lines 122--122
 \/cmr/m/n/10 0$ 
 []

! Undefined control sequence.
<recently read> \limxi 
                       
l.123     $\limxi
                  e^{-x} = 0$ & $\limxn e^{-x} = \infty$ \\
The control sequence at the end of the top line
of your error message was never \def'ed. If you have
misspelled it (e.g., `\hobx'), type `I' and the correct
spelling (e.g., `I\hbox'). Otherwise just continue,
and I'll forget about whatever was undefined.

! Misplaced alignment tab character &.
l.123     $\limxi e^{-x} = 0$ &
                                $\limxn e^{-x} = \infty$ \\
I can't figure out why you would want to use a tab mark
here. If you just want an ampersand, the remedy is
simple: Just type `I\&' now. But if some right brace
up above has ended a previous alignment prematurely,
you're probably due for more error messages, and you
might try typing `S' now just to see what is salvageable.

! Undefined control sequence.
<recently read> \limxn 
                       
l.123     $\limxi e^{-x} = 0$ & $\limxn
                                        e^{-x} = \infty$ \\
The control sequence at the end of the top line
of your error message was never \def'ed. If you have
misspelled it (e.g., `\hobx'), type `I' and the correct
spelling (e.g., `I\hbox'). Otherwise just continue,
and I'll forget about whatever was undefined.


Overfull \hbox (26.49652pt too wide) in paragraph at lines 123--123
 []$\OML/cmm/m/it/10 e[] \/cmr/m/n/10 = 
 []


Overfull \hbox (5.00002pt too wide) in paragraph at lines 123--123
 \/cmr/m/n/10 0$ 
 []


Overfull \hbox (26.49652pt too wide) in paragraph at lines 123--123
 \OML/cmm/m/it/10 e[] \/cmr/m/n/10 = 
 []


Overfull \hbox (10.00002pt too wide) in paragraph at lines 123--123
 \OMS/cmsy/m/n/10 1$ 
 []

! Undefined control sequence.
<recently read> \limxi 
                       
l.124     $\limxi
                  \frac{e^x}{x^m} = \infty$ & $\limxn xe^x = 0$ \\
The control sequence at the end of the top line
of your error message was never \def'ed. If you have
misspelled it (e.g., `\hobx'), type `I' and the correct
spelling (e.g., `I\hbox'). Otherwise just continue,
and I'll forget about whatever was undefined.

! Misplaced alignment tab character &.
l.124     $\limxi \frac{e^x}{x^m} = \infty$ &
                                              $\limxn xe^x = 0$ \\
I can't figure out why you would want to use a tab mark
here. If you just want an ampersand, the remedy is
simple: Just type `I\&' now. But if some right brace
up above has ended a previous alignment prematurely,
you're probably due for more error messages, and you
might try typing `S' now just to see what is salvageable.

! Undefined control sequence.
<recently read> \limxn 
                       
l.124 ...limxi \frac{e^x}{x^m} = \infty$ & $\limxn
                                                   xe^x = 0$ \\
The control sequence at the end of the top line
of your error message was never \def'ed. If you have
misspelled it (e.g., `\hobx'), type `I' and the correct
spelling (e.g., `I\hbox'). Otherwise just continue,
and I'll forget about whatever was undefined.


Overfull \hbox (24.13037pt too wide) in paragraph at lines 124--124
 []$[] \/cmr/m/n/10 = 
 []


Overfull \hbox (10.00002pt too wide) in paragraph at lines 124--124
 \OMS/cmsy/m/n/10 1$ 
 []


Overfull \hbox (25.96178pt too wide) in paragraph at lines 124--124
 \OML/cmm/m/it/10 xe[] \/cmr/m/n/10 = 
 []


Overfull \hbox (5.00002pt too wide) in paragraph at lines 124--124
 \/cmr/m/n/10 0$ 
 []

! Undefined control sequence.
<recently read> \limxi 
                       
l.125     $\limxi
                  \ln(x) = \infty$ & $\limxo \ln(x) = -\infty$ \\
The control sequence at the end of the top line
of your error message was never \def'ed. If you have
misspelled it (e.g., `\hobx'), type `I' and the correct
spelling (e.g., `I\hbox'). Otherwise just continue,
and I'll forget about whatever was undefined.

! Misplaced alignment tab character &.
l.125     $\limxi \ln(x) = \infty$ &
                                     $\limxo \ln(x) = -\infty$ \\
I can't figure out why you would want to use a tab mark
here. If you just want an ampersand, the remedy is
simple: Just type `I\&' now. But if some right brace
up above has ended a previous alignment prematurely,
you're probably due for more error messages, and you
might try typing `S' now just to see what is salvageable.

! Undefined control sequence.
<recently read> \limxo 
                       
l.125     $\limxi \ln(x) = \infty$ & $\limxo
                                             \ln(x) = -\infty$ \\
The control sequence at the end of the top line
of your error message was never \def'ed. If you have
misspelled it (e.g., `\hobx'), type `I' and the correct
spelling (e.g., `I\hbox'). Otherwise just continue,
and I'll forget about whatever was undefined.


Overfull \hbox (32.38194pt too wide) in paragraph at lines 125--125
 []$[]\/cmr/m/n/10 (\OML/cmm/m/it/10 x\/cmr/m/n/10 ) = 
 []


Overfull \hbox (10.00002pt too wide) in paragraph at lines 125--125
 \OMS/cmsy/m/n/10 1$ 
 []


Overfull \hbox (32.38194pt too wide) in paragraph at lines 125--125
 []\/cmr/m/n/10 (\OML/cmm/m/it/10 x\/cmr/m/n/10 ) = 
 []


Overfull \hbox (17.77782pt too wide) in paragraph at lines 125--125
 \OMS/cmsy/m/n/10 ^^@1$ 
 []

! Undefined control sequence.
<recently read> \limxi 
                       
l.126     $\limxi
                  (1+x)^{\frac{1}{x}} = 1$ & $\limxo (1+x)^{\frac{1}{x}} = e...
The control sequence at the end of the top line
of your error message was never \def'ed. If you have
misspelled it (e.g., `\hobx'), type `I' and the correct
spelling (e.g., `I\hbox'). Otherwise just continue,
and I'll forget about whatever was undefined.

! Misplaced alignment tab character &.
l.126     $\limxi (1+x)^{\frac{1}{x}} = 1$ &
                                             $\limxo (1+x)^{\frac{1}{x}} = e...
I can't figure out why you would want to use a tab mark
here. If you just want an ampersand, the remedy is
simple: Just type `I\&' now. But if some right brace
up above has ended a previous alignment prematurely,
you're probably due for more error messages, and you
might try typing `S' now just to see what is salvageable.

! Undefined control sequence.
<recently read> \limxo 
                       
l.126 ...\limxi (1+x)^{\frac{1}{x}} = 1$ & $\limxo
                                                   (1+x)^{\frac{1}{x}} = e$ \\
The control sequence at the end of the top line
of your error message was never \def'ed. If you have
misspelled it (e.g., `\hobx'), type `I' and the correct
spelling (e.g., `I\hbox'). Otherwise just continue,
and I'll forget about whatever was undefined.


Overfull \hbox (16.66672pt too wide) in paragraph at lines 126--126
 []$\/cmr/m/n/10 (1 + 
 []


Overfull \hbox (27.01804pt too wide) in paragraph at lines 126--126
 \OML/cmm/m/it/10 x\/cmr/m/n/10 )[] = 
 []


Overfull \hbox (5.00002pt too wide) in paragraph at lines 126--126
 \/cmr/m/n/10 1$ 
 []


Overfull \hbox (16.66672pt too wide) in paragraph at lines 126--126
 \/cmr/m/n/10 (1 + 
 []


Overfull \hbox (27.01804pt too wide) in paragraph at lines 126--126
 \OML/cmm/m/it/10 x\/cmr/m/n/10 )[] = 
 []


Overfull \hbox (4.65627pt too wide) in paragraph at lines 126--126
 \OML/cmm/m/it/10 e$ 
 []

! Undefined control sequence.
<recently read> \limxi 
                       
l.127     $\limxi
                  (1+\frac{1}{x})^b = 1$ & $\limxi n^{\frac{1}{n}} = 1$ \\
The control sequence at the end of the top line
of your error message was never \def'ed. If you have
misspelled it (e.g., `\hobx'), type `I' and the correct
spelling (e.g., `I\hbox'). Otherwise just continue,
and I'll forget about whatever was undefined.

! Misplaced alignment tab character &.
l.127     $\limxi (1+\frac{1}{x})^b = 1$ &
                                           $\limxi n^{\frac{1}{n}} = 1$ \\
I can't figure out why you would want to use a tab mark
here. If you just want an ampersand, the remedy is
simple: Just type `I\&' now. But if some right brace
up above has ended a previous alignment prematurely,
you're probably due for more error messages, and you
might try typing `S' now just to see what is salvageable.

! Undefined control sequence.
<recently read> \limxi 
                       
l.127     $\limxi (1+\frac{1}{x})^b = 1$ & $\limxi
                                                   n^{\frac{1}{n}} = 1$ \\
The control sequence at the end of the top line
of your error message was never \def'ed. If you have
misspelled it (e.g., `\hobx'), type `I' and the correct
spelling (e.g., `I\hbox'). Otherwise just continue,
and I'll forget about whatever was undefined.


Overfull \hbox (16.66672pt too wide) in paragraph at lines 127--127
 []$\/cmr/m/n/10 (1 + 
 []


Overfull \hbox (25.3958pt too wide) in paragraph at lines 127--127
 []\/cmr/m/n/10 )[] = 
 []


Overfull \hbox (5.00002pt too wide) in paragraph at lines 127--127
 \/cmr/m/n/10 1$ 
 []


Overfull \hbox (23.86185pt too wide) in paragraph at lines 127--127
 \OML/cmm/m/it/10 n[] \/cmr/m/n/10 = 
 []


Overfull \hbox (5.00002pt too wide) in paragraph at lines 127--127
 \/cmr/m/n/10 1$ 
 []

! Misplaced alignment tab character &.
l.128 ...x\to\pm\infty} (1 + \frac{1}{x})^x = e$ &
                                                   $\limxi (1-\frac{1}{x})^x...
I can't figure out why you would want to use a tab mark
here. If you just want an ampersand, the remedy is
simple: Just type `I\&' now. But if some right brace
up above has ended a previous alignment prematurely,
you're probably due for more error messages, and you
might try typing `S' now just to see what is salvageable.

! Undefined control sequence.
<recently read> \limxi 
                       
l.128 ...infty} (1 + \frac{1}{x})^x = e$ & $\limxi
                                                   (1-\frac{1}{x})^x = \frac...
The control sequence at the end of the top line
of your error message was never \def'ed. If you have
misspelled it (e.g., `\hobx'), type `I' and the correct
spelling (e.g., `I\hbox'). Otherwise just continue,
and I'll forget about whatever was undefined.


Overfull \hbox (57.78488pt too wide) in paragraph at lines 128--128
 []$[][]\/cmr/m/n/10 (1 + 
 []


Overfull \hbox (26.41386pt too wide) in paragraph at lines 128--128
 []\/cmr/m/n/10 )[] = 
 []


Overfull \hbox (4.65627pt too wide) in paragraph at lines 128--128
 \OML/cmm/m/it/10 e$ 
 []


Overfull \hbox (16.66672pt too wide) in paragraph at lines 128--128
 \/cmr/m/n/10 (1 \OMS/cmsy/m/n/10 ^^@ 
 []


Overfull \hbox (26.41386pt too wide) in paragraph at lines 128--128
 []\/cmr/m/n/10 )[] = 
 []


Overfull \hbox (6.38612pt too wide) in paragraph at lines 128--128
 []$ 
 []

! Misplaced alignment tab character &.
l.129 ...infty} (1 + \frac{k}{x})^{mx} = e^{km}$ &
                                                   $\limxi (\frac{x}{x+k})^x...
I can't figure out why you would want to use a tab mark
here. If you just want an ampersand, the remedy is
simple: Just type `I\&' now. But if some right brace
up above has ended a previous alignment prematurely,
you're probably due for more error messages, and you
might try typing `S' now just to see what is salvageable.

! Undefined control sequence.
<recently read> \limxi 
                       
l.129 ...1 + \frac{k}{x})^{mx} = e^{km}$ & $\limxi
                                                   (\frac{x}{x+k})^x = e^{-k...
The control sequence at the end of the top line
of your error message was never \def'ed. If you have
misspelled it (e.g., `\hobx'), type `I' and the correct
spelling (e.g., `I\hbox'). Otherwise just continue,
and I'll forget about whatever was undefined.


Overfull \hbox (57.78488pt too wide) in paragraph at lines 129--129
 []$[][]\/cmr/m/n/10 (1 + 
 []


Overfull \hbox (33.50998pt too wide) in paragraph at lines 129--129
 []\/cmr/m/n/10 )[] = 
 []


Overfull \hbox (16.67255pt too wide) in paragraph at lines 129--129
 \OML/cmm/m/it/10 e[]$ 
 []


Overfull \hbox (40.86185pt too wide) in paragraph at lines 129--129
 \/cmr/m/n/10 ([])[] = 
 []


Overfull \hbox (15.82645pt too wide) in paragraph at lines 129--129
 \OML/cmm/m/it/10 e[]$ 
 []

! Undefined control sequence.
<recently read> \limxo 
                       
l.130     $\limxo
                  \frac{a^x -1}{x} = \ln(a), \newline \forall a > 0$ &
The control sequence at the end of the top line
of your error message was never \def'ed. If you have
misspelled it (e.g., `\hobx'), type `I' and the correct
spelling (e.g., `I\hbox'). Otherwise just continue,
and I'll forget about whatever was undefined.

! Misplaced alignment tab character &.
l.130 ...1}{x} = \ln(a), \newline \forall a > 0$ &
                                                  
I can't figure out why you would want to use a tab mark
here. If you just want an ampersand, the remedy is
simple: Just type `I\&' now. But if some right brace
up above has ended a previous alignment prematurely,
you're probably due for more error messages, and you
might try typing `S' now just to see what is salvageable.

! Undefined control sequence.
<recently read> \limxi 
                       
l.131     $\limxi
                  x^a q^x = 0, \newline \forall 0 \le q < 1$ \\
The control sequence at the end of the top line
of your error message was never \def'ed. If you have
misspelled it (e.g., `\hobx'), type `I' and the correct
spelling (e.g., `I\hbox'). Otherwise just continue,
and I'll forget about whatever was undefined.


Overfull \hbox (31.98766pt too wide) in paragraph at lines 130--131
 []$[] \/cmr/m/n/10 = 
 []


Overfull \hbox (25.84146pt too wide) in paragraph at lines 130--131
 []\/cmr/m/n/10 (\OML/cmm/m/it/10 a\/cmr/m/n/10 )\OML/cmm/m/it/10 ; []  
 []


Overfull \hbox (21.39697pt too wide) in paragraph at lines 130--131
 \OMS/cmsy/m/n/10 8\OML/cmm/m/it/10 a > 
 []


Overfull \hbox (5.00002pt too wide) in paragraph at lines 130--131
 \/cmr/m/n/10 0$ 
 []


Overfull \hbox (30.96606pt too wide) in paragraph at lines 130--131
 \OML/cmm/m/it/10 x[]q[] \/cmr/m/n/10 = 
 []


Overfull \hbox (9.44443pt too wide) in paragraph at lines 130--131
 \/cmr/m/n/10 0\OML/cmm/m/it/10 ; []  
 []


Overfull \hbox (21.1111pt too wide) in paragraph at lines 130--131
 \OMS/cmsy/m/n/10 8\/cmr/m/n/10 0 \OMS/cmsy/m/n/10 ^^T 
 []


Overfull \hbox (15.37842pt too wide) in paragraph at lines 130--131
 \OML/cmm/m/it/10 q < 
 []


Overfull \hbox (5.00002pt too wide) in paragraph at lines 130--131
 \/cmr/m/n/10 1$ 
 []

! Misplaced alignment tab character &.
l.132 ...rac{1+ na}{na} \right)^n = \sqrt[a]{e}$ &
                                                   $\lim_{x \to \infty} \sqr...
I can't figure out why you would want to use a tab mark
here. If you just want an ampersand, the remedy is
simple: Just type `I\&' now. But if some right brace
up above has ended a previous alignment prematurely,
you're probably due for more error messages, and you
might try typing `S' now just to see what is salvageable.


Overfull \hbox (83.50635pt too wide) in paragraph at lines 132--132
 []$[][] [][] \/cmr/m/n/10 = 
 []


Overfull \hbox (11.30635pt too wide) in paragraph at lines 132--132
 [][]$ 
 []


Overfull \hbox (106.91199pt too wide) in paragraph at lines 132--132
 [][] [] \OMS/cmsy/m/n/10 ^^@ 
 []


Overfull \hbox (29.89003pt too wide) in paragraph at lines 132--132
 []\OML/cmm/m/it/10 x \/cmr/m/n/10 = 
 []


Overfull \hbox (17.29324pt too wide) in paragraph at lines 132--132
 []$ 
 []


! LaTeX Error: \begin{center} on input line 118 ended by \end{tabularx}.

See the LaTeX manual or LaTeX Companion for explanation.
Type  H <return>  for immediate help.
 ...                                              
                                                  
l.133   \end{tabularx}
                      
Your command was ignored.
Type  I <command> <return>  to replace it with another command,
or  <return>  to continue without it.


! LaTeX Error: Environment tabularx undefined.

See the LaTeX manual or LaTeX Companion for explanation.
Type  H <return>  for immediate help.
 ...                                              
                                                  
l.134   \begin{tabularx}
                        {\linewidth}{XX}
Your command was ignored.
Type  I <command> <return>  to replace it with another command,
or  <return>  to continue without it.

! Missing number, treated as zero.
<to be read again> 
                   }
l.134   \begin{tabularx}{\linewidth}
                                    {XX}
A number should have been here; I inserted `0'.
(If you can't figure out why I needed to see a number,
look up `weird error' in the index to The TeXbook.)

! Illegal unit of measure (pt inserted).
<to be read again> 
                   }
l.134   \begin{tabularx}{\linewidth}
                                    {XX}
Dimensions can be in units of em, ex, in, pt, pc,
cm, mm, dd, cc, nd, nc, bp, or sp; but yours is a new one!
I'll assume that you meant to say pt, for printer's points.
To recover gracefully from this error, it's best to
delete the erroneous units; e.g., type `2' to delete
two letters. (See Chapter 27 of The TeXbook.)

Missing character: There is no X in font nullfont!
Missing character: There is no X in font nullfont!
! Undefined control sequence.
<recently read> \limxo 
                       
l.135     $\limxo
                  \frac{\sin x}{x} = 1$ & $\limxo \frac{\sin kx}{x} = k$\\
The control sequence at the end of the top line
of your error message was never \def'ed. If you have
misspelled it (e.g., `\hobx'), type `I' and the correct
spelling (e.g., `I\hbox'). Otherwise just continue,
and I'll forget about whatever was undefined.

! Misplaced alignment tab character &.
l.135     $\limxo \frac{\sin x}{x} = 1$ &
                                          $\limxo \frac{\sin kx}{x} = k$\\
I can't figure out why you would want to use a tab mark
here. If you just want an ampersand, the remedy is
simple: Just type `I\&' now. But if some right brace
up above has ended a previous alignment prematurely,
you're probably due for more error messages, and you
might try typing `S' now just to see what is salvageable.

! Undefined control sequence.
<recently read> \limxo 
                       
l.135     $\limxo \frac{\sin x}{x} = 1$ & $\limxo
                                                  \frac{\sin kx}{x} = k$\\
The control sequence at the end of the top line
of your error message was never \def'ed. If you have
misspelled it (e.g., `\hobx'), type `I' and the correct
spelling (e.g., `I\hbox'). Otherwise just continue,
and I'll forget about whatever was undefined.


Overfull \hbox (28.70464pt too wide) in paragraph at lines 134--135
 [] \/cmr/m/n/10 = 
 []


Overfull \hbox (5.00002pt too wide) in paragraph at lines 134--135
 \/cmr/m/n/10 1$ 
 []


Overfull \hbox (33.1248pt too wide) in paragraph at lines 134--135
 [] \/cmr/m/n/10 = 
 []


Overfull \hbox (5.52084pt too wide) in paragraph at lines 134--135
 \OML/cmm/m/it/10 k$ 
 []

! Undefined control sequence.
<recently read> \limxo 
                       
l.136     $\limxo
                  \frac{1}{\cos x} = 1$ & $\limxo \frac{\cos x -1}{x} = 0$ \\
The control sequence at the end of the top line
of your error message was never \def'ed. If you have
misspelled it (e.g., `\hobx'), type `I' and the correct
spelling (e.g., `I\hbox'). Otherwise just continue,
and I'll forget about whatever was undefined.

! Misplaced alignment tab character &.
l.136     $\limxo \frac{1}{\cos x} = 1$ &
                                          $\limxo \frac{\cos x -1}{x} = 0$ \\
I can't figure out why you would want to use a tab mark
here. If you just want an ampersand, the remedy is
simple: Just type `I\&' now. But if some right brace
up above has ended a previous alignment prematurely,
you're probably due for more error messages, and you
might try typing `S' now just to see what is salvageable.

! Undefined control sequence.
<recently read> \limxo 
                       
l.136     $\limxo \frac{1}{\cos x} = 1$ & $\limxo
                                                  \frac{\cos x -1}{x} = 0$ \\
The control sequence at the end of the top line
of your error message was never \def'ed. If you have
misspelled it (e.g., `\hobx'), type `I' and the correct
spelling (e.g., `I\hbox'). Otherwise just continue,
and I'll forget about whatever was undefined.


Overfull \hbox (29.56575pt too wide) in paragraph at lines 136--136
 []$[] \/cmr/m/n/10 = 
 []


Overfull \hbox (5.00002pt too wide) in paragraph at lines 136--136
 \/cmr/m/n/10 1$ 
 []


Overfull \hbox (39.8019pt too wide) in paragraph at lines 136--136
 [] \/cmr/m/n/10 = 
 []


Overfull \hbox (5.00002pt too wide) in paragraph at lines 136--136
 \/cmr/m/n/10 0$ 
 []

! Undefined control sequence.
<recently read> \limxo 
                       
l.137     $\limxo
                  \frac{\log 1 - x}{x} = -1$ & $\limxo x \log x = 0$\\
The control sequence at the end of the top line
of your error message was never \def'ed. If you have
misspelled it (e.g., `\hobx'), type `I' and the correct
spelling (e.g., `I\hbox'). Otherwise just continue,
and I'll forget about whatever was undefined.

! Misplaced alignment tab character &.
l.137     $\limxo \frac{\log 1 - x}{x} = -1$ &
                                               $\limxo x \log x = 0$\\
I can't figure out why you would want to use a tab mark
here. If you just want an ampersand, the remedy is
simple: Just type `I\&' now. But if some right brace
up above has ended a previous alignment prematurely,
you're probably due for more error messages, and you
might try typing `S' now just to see what is salvageable.

! Undefined control sequence.
<recently read> \limxo 
                       
l.137 ...imxo \frac{\log 1 - x}{x} = -1$ & $\limxo
                                                   x \log x = 0$\\
The control sequence at the end of the top line
of your error message was never \def'ed. If you have
misspelled it (e.g., `\hobx'), type `I' and the correct
spelling (e.g., `I\hbox'). Otherwise just continue,
and I'll forget about whatever was undefined.


Overfull \hbox (39.4359pt too wide) in paragraph at lines 137--137
 []$[] \/cmr/m/n/10 = 
 []


Overfull \hbox (12.77782pt too wide) in paragraph at lines 137--137
 \OMS/cmsy/m/n/10 ^^@\/cmr/m/n/10 1$ 
 []


Overfull \hbox (38.236pt too wide) in paragraph at lines 137--137
 \OML/cmm/m/it/10 x [] x \/cmr/m/n/10 = 
 []


Overfull \hbox (5.00002pt too wide) in paragraph at lines 137--137
 \/cmr/m/n/10 0$ 
 []

! Undefined control sequence.
<recently read> \limxo 
                       
l.138     $\limxo
                  \frac{1 - \cos x}{x^2} = \frac{1}{2}$ & $\limxo \frac{e^x-...
The control sequence at the end of the top line
of your error message was never \def'ed. If you have
misspelled it (e.g., `\hobx'), type `I' and the correct
spelling (e.g., `I\hbox'). Otherwise just continue,
and I'll forget about whatever was undefined.

! Misplaced alignment tab character &.
l.138 ...o \frac{1 - \cos x}{x^2} = \frac{1}{2}$ &
                                                   $\limxo \frac{e^x-1}{x} =...
I can't figure out why you would want to use a tab mark
here. If you just want an ampersand, the remedy is
simple: Just type `I\&' now. But if some right brace
up above has ended a previous alignment prematurely,
you're probably due for more error messages, and you
might try typing `S' now just to see what is salvageable.

! Undefined control sequence.
<recently read> \limxo 
                       
l.138 ...1 - \cos x}{x^2} = \frac{1}{2}$ & $\limxo
                                                   \frac{e^x-1}{x} = 1$ \\
The control sequence at the end of the top line
of your error message was never \def'ed. If you have
misspelled it (e.g., `\hobx'), type `I' and the correct
spelling (e.g., `I\hbox'). Otherwise just continue,
and I'll forget about whatever was undefined.


Overfull \hbox (39.8019pt too wide) in paragraph at lines 138--138
 []$[] \/cmr/m/n/10 = 
 []


Overfull \hbox (6.38612pt too wide) in paragraph at lines 138--138
 []$ 
 []


Overfull \hbox (31.44412pt too wide) in paragraph at lines 138--138
 [] \/cmr/m/n/10 = 
 []


Overfull \hbox (5.00002pt too wide) in paragraph at lines 138--138
 \/cmr/m/n/10 1$ 
 []

! Undefined control sequence.
<recently read> \limxo 
                       
l.139     $\limxo
                  \frac{x}{\arctan x} = 1$ & $\limxi \arctan x = \frac{\pi}{...
The control sequence at the end of the top line
of your error message was never \def'ed. If you have
misspelled it (e.g., `\hobx'), type `I' and the correct
spelling (e.g., `I\hbox'). Otherwise just continue,
and I'll forget about whatever was undefined.

! Misplaced alignment tab character &.
l.139     $\limxo \frac{x}{\arctan x} = 1$ &
                                             $\limxi \arctan x = \frac{\pi}{...
I can't figure out why you would want to use a tab mark
here. If you just want an ampersand, the remedy is
simple: Just type `I\&' now. But if some right brace
up above has ended a previous alignment prematurely,
you're probably due for more error messages, and you
might try typing `S' now just to see what is salvageable.

! Undefined control sequence.
<recently read> \limxi 
                       
l.139 ...\limxo \frac{x}{\arctan x} = 1$ & $\limxi
                                                   \arctan x = \frac{\pi}{2}...
The control sequence at the end of the top line
of your error message was never \def'ed. If you have
misspelled it (e.g., `\hobx'), type `I' and the correct
spelling (e.g., `I\hbox'). Otherwise just continue,
and I'll forget about whatever was undefined.


Overfull \hbox (41.05052pt too wide) in paragraph at lines 139--139
 []$[] \/cmr/m/n/10 = 
 []


Overfull \hbox (5.00002pt too wide) in paragraph at lines 139--139
 \/cmr/m/n/10 1$ 
 []


Overfull \hbox (45.74303pt too wide) in paragraph at lines 139--139
 [] \OML/cmm/m/it/10 x \/cmr/m/n/10 = 
 []


Overfull \hbox (7.32747pt too wide) in paragraph at lines 139--139
 []$ 
 []

! Undefined control sequence.
<recently read> \limxo 
                       
l.140     $\limxo
                  \frac{e^{ax}-1}{x} = a$ & $\limxo \frac{\ln(x+1)}{x} = 1$ \\
The control sequence at the end of the top line
of your error message was never \def'ed. If you have
misspelled it (e.g., `\hobx'), type `I' and the correct
spelling (e.g., `I\hbox'). Otherwise just continue,
and I'll forget about whatever was undefined.

! Misplaced alignment tab character &.
l.140     $\limxo \frac{e^{ax}-1}{x} = a$ &
                                            $\limxo \frac{\ln(x+1)}{x} = 1$ \\
I can't figure out why you would want to use a tab mark
here. If you just want an ampersand, the remedy is
simple: Just type `I\&' now. But if some right brace
up above has ended a previous alignment prematurely,
you're probably due for more error messages, and you
might try typing `S' now just to see what is salvageable.

! Undefined control sequence.
<recently read> \limxo 
                       
l.140 ...$\limxo \frac{e^{ax}-1}{x} = a$ & $\limxo
                                                   \frac{\ln(x+1)}{x} = 1$ \\
The control sequence at the end of the top line
of your error message was never \def'ed. If you have
misspelled it (e.g., `\hobx'), type `I' and the correct
spelling (e.g., `I\hbox'). Otherwise just continue,
and I'll forget about whatever was undefined.


Overfull \hbox (35.31627pt too wide) in paragraph at lines 140--140
 []$[] \/cmr/m/n/10 = 
 []


Overfull \hbox (5.28589pt too wide) in paragraph at lines 140--140
 \OML/cmm/m/it/10 a$ 
 []


Overfull \hbox (40.5459pt too wide) in paragraph at lines 140--140
 [] \/cmr/m/n/10 = 
 []


Overfull \hbox (5.00002pt too wide) in paragraph at lines 140--140
 \/cmr/m/n/10 1$ 
 []

! Misplaced alignment tab character &.
l.141     $\lim_{x\to 1} \frac{\ln(x)}{x-1} = 1$ &
                                                   $\limxi \frac{\log(x)}{x^...
I can't figure out why you would want to use a tab mark
here. If you just want an ampersand, the remedy is
simple: Just type `I\&' now. But if some right brace
up above has ended a previous alignment prematurely,
you're probably due for more error messages, and you
might try typing `S' now just to see what is salvageable.

! Undefined control sequence.
<recently read> \limxi 
                       
l.141 ...x\to 1} \frac{\ln(x)}{x-1} = 1$ & $\limxi
                                                   \frac{\log(x)}{x^a} = 0$ \\
The control sequence at the end of the top line
of your error message was never \def'ed. If you have
misspelled it (e.g., `\hobx'), type `I' and the correct
spelling (e.g., `I\hbox'). Otherwise just continue,
and I'll forget about whatever was undefined.


Overfull \hbox (62.96951pt too wide) in paragraph at lines 141--141
 []$[][] [] \/cmr/m/n/10 = 
 []


Overfull \hbox (5.00002pt too wide) in paragraph at lines 141--141
 \/cmr/m/n/10 1$ 
 []


Overfull \hbox (34.08405pt too wide) in paragraph at lines 141--141
 [] \/cmr/m/n/10 = 
 []


Overfull \hbox (5.00002pt too wide) in paragraph at lines 141--141
 \/cmr/m/n/10 0$ 
 []

! Undefined control sequence.
<recently read> \limxi 
                       
l.142     $\limxi
                  \sqrt[x]{x} = 1$ & $\limxi \frac{2x}{2^x} = 0$ \\
The control sequence at the end of the top line
of your error message was never \def'ed. If you have
misspelled it (e.g., `\hobx'), type `I' and the correct
spelling (e.g., `I\hbox'). Otherwise just continue,
and I'll forget about whatever was undefined.

! Misplaced alignment tab character &.
l.142     $\limxi \sqrt[x]{x} = 1$ &
                                     $\limxi \frac{2x}{2^x} = 0$ \\
I can't figure out why you would want to use a tab mark
here. If you just want an ampersand, the remedy is
simple: Just type `I\&' now. But if some right brace
up above has ended a previous alignment prematurely,
you're probably due for more error messages, and you
might try typing `S' now just to see what is salvageable.

! Undefined control sequence.
<recently read> \limxi 
                       
l.142     $\limxi \sqrt[x]{x} = 1$ & $\limxi
                                             \frac{2x}{2^x} = 0$ \\
The control sequence at the end of the top line
of your error message was never \def'ed. If you have
misspelled it (e.g., `\hobx'), type `I' and the correct
spelling (e.g., `I\hbox'). Otherwise just continue,
and I'll forget about whatever was undefined.


Overfull \hbox (25.78479pt too wide) in paragraph at lines 142--142
 []$[][] \/cmr/m/n/10 = 
 []


Overfull \hbox (5.00002pt too wide) in paragraph at lines 142--142
 \/cmr/m/n/10 1$ 
 []


Overfull \hbox (21.47636pt too wide) in paragraph at lines 142--142
 [] \/cmr/m/n/10 = 
 []


Overfull \hbox (5.00002pt too wide) in paragraph at lines 142--142
 \/cmr/m/n/10 0$ 
 []

! Undefined control sequence.
<recently read> \bottomrule 
                            
l.143     \bottomrule
                     
The control sequence at the end of the top line
of your error message was never \def'ed. If you have
misspelled it (e.g., `\hobx'), type `I' and the correct
spelling (e.g., `I\hbox'). Otherwise just continue,
and I'll forget about whatever was undefined.


! LaTeX Error: \begin{center} on input line 118 ended by \end{tabularx}.

See the LaTeX manual or LaTeX Companion for explanation.
Type  H <return>  for immediate help.
 ...                                              
                                                  
l.144   \end{tabularx}
                      
Your command was ignored.
Type  I <command> <return>  to replace it with another command,
or  <return>  to continue without it.

! Undefined control sequence.
l.148 \subsection
                 {Reihen}
The control sequence at the end of the top line
of your error message was never \def'ed. If you have
misspelled it (e.g., `\hobx'), type `I' and the correct
spelling (e.g., `I\hbox'). Otherwise just continue,
and I'll forget about whatever was undefined.

Missing character: There is no R in font nullfont!
Missing character: There is no e in font nullfont!
Missing character: There is no i in font nullfont!
Missing character: There is no h in font nullfont!
Missing character: There is no e in font nullfont!
Missing character: There is no n in font nullfont!

Overfull \hbox (20.0pt too wide) in paragraph at lines 148--149
[] 
 []


! LaTeX Error: Environment tabularx undefined.

See the LaTeX manual or LaTeX Companion for explanation.
Type  H <return>  for immediate help.
 ...                                              
                                                  
l.150   \begin{tabularx}
                        {\linewidth}{XX}
Your command was ignored.
Type  I <command> <return>  to replace it with another command,
or  <return>  to continue without it.

! Missing number, treated as zero.
<to be read again> 
                   }
l.150   \begin{tabularx}{\linewidth}
                                    {XX}
A number should have been here; I inserted `0'.
(If you can't figure out why I needed to see a number,
look up `weird error' in the index to The TeXbook.)

! Illegal unit of measure (pt inserted).
<to be read again> 
                   }
l.150   \begin{tabularx}{\linewidth}
                                    {XX}
Dimensions can be in units of em, ex, in, pt, pc,
cm, mm, dd, cc, nd, nc, bp, or sp; but yours is a new one!
I'll assume that you meant to say pt, for printer's points.
To recover gracefully from this error, it's best to
delete the erroneous units; e.g., type `2' to delete
two letters. (See Chapter 27 of The TeXbook.)

Missing character: There is no X in font nullfont!
Missing character: There is no X in font nullfont!
! Undefined control sequence.
l.151     \toprule
                  
The control sequence at the end of the top line
of your error message was never \def'ed. If you have
misspelled it (e.g., `\hobx'), type `I' and the correct
spelling (e.g., `I\hbox'). Otherwise just continue,
and I'll forget about whatever was undefined.

! Misplaced alignment tab character &.
l.152     $\sum_{i=1}^{n} i = \frac{n(n+1)}{2}$ &
                                                  $\sum_{i=1}^{n} i^2 = \fra...
I can't figure out why you would want to use a tab mark
here. If you just want an ampersand, the remedy is
simple: Just type `I\&' now. But if some right brace
up above has ended a previous alignment prematurely,
you're probably due for more error messages, and you
might try typing `S' now just to see what is salvageable.


Overfull \hbox (39.67719pt too wide) in paragraph at lines 150--152
 [][] \OML/cmm/m/it/10 i \/cmr/m/n/10 = 
 []


Overfull \hbox (28.66173pt too wide) in paragraph at lines 150--152
 []$ 
 []


Overfull \hbox (44.16331pt too wide) in paragraph at lines 150--152
 [][] \OML/cmm/m/it/10 i[] \/cmr/m/n/10 = 
 []


Overfull \hbox (53.96626pt too wide) in paragraph at lines 150--152
 []$ 
 []

! Misplaced alignment tab character &.
l.153 ...{i=1}^{n} i^3 = \frac{n^2 (n+1)^2}{4} $ &
                                                   $\sum_{i=1}^{\infty} \fra...
I can't figure out why you would want to use a tab mark
here. If you just want an ampersand, the remedy is
simple: Just type `I\&' now. But if some right brace
up above has ended a previous alignment prematurely,
you're probably due for more error messages, and you
might try typing `S' now just to see what is salvageable.


Overfull \hbox (44.16331pt too wide) in paragraph at lines 153--153
 []$[][] \OML/cmm/m/it/10 i[] \/cmr/m/n/10 = 
 []


Overfull \hbox (36.46739pt too wide) in paragraph at lines 153--153
 []$ 
 []


Overfull \hbox (45.36417pt too wide) in paragraph at lines 153--153
 [][] [] \/cmr/m/n/10 = 
 []


Overfull \hbox (11.2303pt too wide) in paragraph at lines 153--153
 []$ 
 []

! Misplaced alignment tab character &.
l.154 ..._{i=1}^{ \infty} \frac{1}{i (i+1	)} =1$ &
                                                  $\sum_{i=0}^{\infty} x^i =...
I can't figure out why you would want to use a tab mark
here. If you just want an ampersand, the remedy is
simple: Just type `I\&' now. But if some right brace
up above has ended a previous alignment prematurely,
you're probably due for more error messages, and you
might try typing `S' now just to see what is salvageable.


Overfull \hbox (60.6657pt too wide) in paragraph at lines 154--154
 []$[][] [] \/cmr/m/n/10 = 
 []


Overfull \hbox (5.00002pt too wide) in paragraph at lines 154--154
 \/cmr/m/n/10 1$ 
 []


Overfull \hbox (45.27661pt too wide) in paragraph at lines 154--154
 [][] \OML/cmm/m/it/10 x[] \/cmr/m/n/10 = 
 []


Overfull \hbox (17.17087pt too wide) in paragraph at lines 154--154
 []$ 
 []

! Misplaced alignment tab character &.
l.155 ...fty}\frac{(-1)^n}{2n+1} = \frac{\pi}{4}$&
                                                   $\sum_{n=1}^{\infty}\frac...
I can't figure out why you would want to use a tab mark
here. If you just want an ampersand, the remedy is
simple: Just type `I\&' now. But if some right brace
up above has ended a previous alignment prematurely,
you're probably due for more error messages, and you
might try typing `S' now just to see what is salvageable.


Overfull \hbox (62.13626pt too wide) in paragraph at lines 155--155
 []$[][] [] \/cmr/m/n/10 = 
 []


Overfull \hbox (7.32747pt too wide) in paragraph at lines 155--155
 []$ 
 []


Overfull \hbox (70.67807pt too wide) in paragraph at lines 155--155
 [][] [] \/cmr/m/n/10 = 
 []


Overfull \hbox (21.11118pt too wide) in paragraph at lines 155--155
 []\/cmr/m/n/10 (2)$ 
 []

! Undefined control sequence.
l.158     \bottomrule
                     
The control sequence at the end of the top line
of your error message was never \def'ed. If you have
misspelled it (e.g., `\hobx'), type `I' and the correct
spelling (e.g., `I\hbox'). Otherwise just continue,
and I'll forget about whatever was undefined.


! LaTeX Error: \begin{center} on input line 149 ended by \end{tabularx}.

See the LaTeX manual or LaTeX Companion for explanation.
Type  H <return>  for immediate help.
 ...                                              
                                                  
l.159   \end{tabularx}
                      
Your command was ignored.
Type  I <command> <return>  to replace it with another command,
or  <return>  to continue without it.

! Undefined control sequence.
l.165 \subsection
                 {Ableitungen}
The control sequence at the end of the top line
of your error message was never \def'ed. If you have
misspelled it (e.g., `\hobx'), type `I' and the correct
spelling (e.g., `I\hbox'). Otherwise just continue,
and I'll forget about whatever was undefined.

Missing character: There is no A in font nullfont!
Missing character: There is no b in font nullfont!
Missing character: There is no l in font nullfont!
Missing character: There is no e in font nullfont!
Missing character: There is no i in font nullfont!
Missing character: There is no t in font nullfont!
Missing character: There is no u in font nullfont!
Missing character: There is no n in font nullfont!
Missing character: There is no g in font nullfont!
Missing character: There is no e in font nullfont!
Missing character: There is no n in font nullfont!

Overfull \hbox (20.0pt too wide) in paragraph at lines 165--166
[] 
 []


! LaTeX Error: Environment tabularx undefined.

See the LaTeX manual or LaTeX Companion for explanation.
Type  H <return>  for immediate help.
 ...                                              
                                                  
l.168   \begin{tabularx}
                        {\linewidth}{c>{\centering\arraybackslash}Xc}
Your command was ignored.
Type  I <command> <return>  to replace it with another command,
or  <return>  to continue without it.

! Missing number, treated as zero.
<to be read again> 
                   }
l.168   \begin{tabularx}{\linewidth}
                                    {c>{\centering\arraybackslash}Xc}
A number should have been here; I inserted `0'.
(If you can't figure out why I needed to see a number,
look up `weird error' in the index to The TeXbook.)

! Illegal unit of measure (pt inserted).
<to be read again> 
                   }
l.168   \begin{tabularx}{\linewidth}
                                    {c>{\centering\arraybackslash}Xc}
Dimensions can be in units of em, ex, in, pt, pc,
cm, mm, dd, cc, nd, nc, bp, or sp; but yours is a new one!
I'll assume that you meant to say pt, for printer's points.
To recover gracefully from this error, it's best to
delete the erroneous units; e.g., type `2' to delete
two letters. (See Chapter 27 of The TeXbook.)

Missing character: There is no c in font nullfont!
Missing character: There is no > in font nullfont!
! Undefined control sequence.
l.168 ...{\linewidth}{c>{\centering\arraybackslash
                                                  }Xc}
The control sequence at the end of the top line
of your error message was never \def'ed. If you have
misspelled it (e.g., `\hobx'), type `I' and the correct
spelling (e.g., `I\hbox'). Otherwise just continue,
and I'll forget about whatever was undefined.

Missing character: There is no X in font nullfont!
Missing character: There is no c in font nullfont!
! Undefined control sequence.
l.169   \toprule
                
The control sequence at the end of the top line
of your error message was never \def'ed. If you have
misspelled it (e.g., `\hobx'), type `I' and the correct
spelling (e.g., `I\hbox'). Otherwise just continue,
and I'll forget about whatever was undefined.

! Misplaced alignment tab character &.
l.170   $\mathbf{F(x)}$ &
                          $\mathbf{f(x)}$ & $\mathbf{f'(x)}$ \\
I can't figure out why you would want to use a tab mark
here. If you just want an ampersand, the remedy is
simple: Just type `I\&' now. But if some right brace
up above has ended a previous alignment prematurely,
you're probably due for more error messages, and you
might try typing `S' now just to see what is salvageable.

! Misplaced alignment tab character &.
l.170   $\mathbf{F(x)}$ & $\mathbf{f(x)}$ &
                                            $\mathbf{f'(x)}$ \\
I can't figure out why you would want to use a tab mark
here. If you just want an ampersand, the remedy is
simple: Just type `I\&' now. But if some right brace
up above has ended a previous alignment prematurely,
you're probably due for more error messages, and you
might try typing `S' now just to see what is salvageable.


Overfull \hbox (21.08328pt too wide) in paragraph at lines 168--170
 []$ 
 []


Overfull \hbox (18.45134pt too wide) in paragraph at lines 168--170
 []$ 
 []


Overfull \hbox (21.2569pt too wide) in paragraph at lines 168--170
 []$ 
 []

! Undefined control sequence.
<recently read> \midrule 
                         
l.171   \midrule
                
The control sequence at the end of the top line
of your error message was never \def'ed. If you have
misspelled it (e.g., `\hobx'), type `I' and the correct
spelling (e.g., `I\hbox'). Otherwise just continue,
and I'll forget about whatever was undefined.

! Misplaced alignment tab character &.
l.172   $\frac{x^{-a+1}}{-a+1}$ &
                                  $\frac{1}{x^a}$ & $\frac{a}{x^{a+1}}$ \\
I can't figure out why you would want to use a tab mark
here. If you just want an ampersand, the remedy is
simple: Just type `I\&' now. But if some right brace
up above has ended a previous alignment prematurely,
you're probably due for more error messages, and you
might try typing `S' now just to see what is salvageable.

! Misplaced alignment tab character &.
l.172 ...frac{x^{-a+1}}{-a+1}$ & $\frac{1}{x^a}$ &
                                                   $\frac{a}{x^{a+1}}$ \\
I can't figure out why you would want to use a tab mark
here. If you just want an ampersand, the remedy is
simple: Just type `I\&' now. But if some right brace
up above has ended a previous alignment prematurely,
you're probably due for more error messages, and you
might try typing `S' now just to see what is salvageable.


Overfull \hbox (25.26541pt too wide) in paragraph at lines 172--172
 []$[]$ 
 []


Overfull \hbox (11.30687pt too wide) in paragraph at lines 172--172
 []$ 
 []


Overfull \hbox (19.84868pt too wide) in paragraph at lines 172--172
 []$ 
 []

! Misplaced alignment tab character &.
l.173   $\frac{x^{a+1}}{a+1}$ &
                                $x^a \ (a \ne -1)$ & $a \cdot x^{a-1}$ \\
I can't figure out why you would want to use a tab mark
here. If you just want an ampersand, the remedy is
simple: Just type `I\&' now. But if some right brace
up above has ended a previous alignment prematurely,
you're probably due for more error messages, and you
might try typing `S' now just to see what is salvageable.

! Misplaced alignment tab character &.
l.173 ...rac{x^{a+1}}{a+1}$ & $x^a \ (a \ne -1)$ &
                                                   $a \cdot x^{a-1}$ \\
I can't figure out why you would want to use a tab mark
here. If you just want an ampersand, the remedy is
simple: Just type `I\&' now. But if some right brace
up above has ended a previous alignment prematurely,
you're probably due for more error messages, and you
might try typing `S' now just to see what is salvageable.


Overfull \hbox (19.84868pt too wide) in paragraph at lines 173--173
 []$[]$ 
 []


Overfull \hbox (30.28322pt too wide) in paragraph at lines 173--173
 \OML/cmm/m/it/10 x[] \/cmr/m/n/10 (\OML/cmm/m/it/10 a \OMS/cmsy/m/n/10 6\/cmr/
m/n/10 = 
 []


Overfull \hbox (16.66672pt too wide) in paragraph at lines 173--173
 \OMS/cmsy/m/n/10 ^^@\/cmr/m/n/10 1)$ 
 []


Overfull \hbox (8.06367pt too wide) in paragraph at lines 173--173
 \OML/cmm/m/it/10 a \OMS/cmsy/m/n/10 ^^A 
 []


Overfull \hbox (20.78906pt too wide) in paragraph at lines 173--173
 \OML/cmm/m/it/10 x[]$ 
 []

! Misplaced alignment tab character &.
l.174   $\frac{1}{k \ln(a)}a^{kx}$ &
                                     $a^{kx}$ & $ka^{kx} \ln(a)$ \\
I can't figure out why you would want to use a tab mark
here. If you just want an ampersand, the remedy is
simple: Just type `I\&' now. But if some right brace
up above has ended a previous alignment prematurely,
you're probably due for more error messages, and you
might try typing `S' now just to see what is salvageable.

! Misplaced alignment tab character &.
l.174   $\frac{1}{k \ln(a)}a^{kx}$ & $a^{kx}$ &
                                                $ka^{kx} \ln(a)$ \\
I can't figure out why you would want to use a tab mark
here. If you just want an ampersand, the remedy is
simple: Just type `I\&' now. But if some right brace
up above has ended a previous alignment prematurely,
you're probably due for more error messages, and you
might try typing `S' now just to see what is salvageable.


Overfull \hbox (40.19495pt too wide) in paragraph at lines 174--174
 []$[]\OML/cmm/m/it/10 a[]$ 
 []


Overfull \hbox (14.74078pt too wide) in paragraph at lines 174--174
 \OML/cmm/m/it/10 a[]$ 
 []


Overfull \hbox (43.3253pt too wide) in paragraph at lines 174--174
 \OML/cmm/m/it/10 ka[] []\/cmr/m/n/10 (\OML/cmm/m/it/10 a\/cmr/m/n/10 )$ 
 []

! Misplaced alignment tab character &.
l.175   $\ln |x|$ &
                    $\frac{1}{x}$ & $-\frac{1}{x^2}$ \\
I can't figure out why you would want to use a tab mark
here. If you just want an ampersand, the remedy is
simple: Just type `I\&' now. But if some right brace
up above has ended a previous alignment prematurely,
you're probably due for more error messages, and you
might try typing `S' now just to see what is salvageable.

! Misplaced alignment tab character &.
l.175   $\ln |x|$ & $\frac{1}{x}$ &
                                    $-\frac{1}{x^2}$ \\
I can't figure out why you would want to use a tab mark
here. If you just want an ampersand, the remedy is
simple: Just type `I\&' now. But if some right brace
up above has ended a previous alignment prematurely,
you're probably due for more error messages, and you
might try typing `S' now just to see what is salvageable.


Overfull \hbox (21.27083pt too wide) in paragraph at lines 175--175
 []$[] \OMS/cmsy/m/n/10 j\OML/cmm/m/it/10 x\OMS/cmsy/m/n/10 j$ 
 []


Overfull \hbox (6.93472pt too wide) in paragraph at lines 175--175
 []$ 
 []


Overfull \hbox (18.61536pt too wide) in paragraph at lines 175--175
 \OMS/cmsy/m/n/10 ^^@[]$ 
 []

! Misplaced alignment tab character &.
l.176   $\frac{2}{3}x^{3/2}$ &
                               $\sqrt{x}$ & $\frac{1}{2\sqrt{x}}$\\
I can't figure out why you would want to use a tab mark
here. If you just want an ampersand, the remedy is
simple: Just type `I\&' now. But if some right brace
up above has ended a previous alignment prematurely,
you're probably due for more error messages, and you
might try typing `S' now just to see what is salvageable.

! Misplaced alignment tab character &.
l.176   $\frac{2}{3}x^{3/2}$ & $\sqrt{x}$ &
                                            $\frac{1}{2\sqrt{x}}$\\
I can't figure out why you would want to use a tab mark
here. If you just want an ampersand, the remedy is
simple: Just type `I\&' now. But if some right brace
up above has ended a previous alignment prematurely,
you're probably due for more error messages, and you
might try typing `S' now just to see what is salvageable.


Overfull \hbox (24.67088pt too wide) in paragraph at lines 176--176
 []$[]\OML/cmm/m/it/10 x[]$ 
 []


Overfull \hbox (14.04863pt too wide) in paragraph at lines 176--176
 []$ 
 []


Overfull \hbox (17.49033pt too wide) in paragraph at lines 176--176
 []$ 
 []

! Misplaced alignment tab character &.
l.177   $\frac{n}{n+1}x^{\frac{1}{n}+1}$ &
                                           $\sqrt[n]{x}$ & $\frac{1}{n}x^{\f...
I can't figure out why you would want to use a tab mark
here. If you just want an ampersand, the remedy is
simple: Just type `I\&' now. But if some right brace
up above has ended a previous alignment prematurely,
you're probably due for more error messages, and you
might try typing `S' now just to see what is salvageable.

! Misplaced alignment tab character &.
l.177 ...{n+1}x^{\frac{1}{n}+1}$ & $\sqrt[n]{x}$ &
                                                   $\frac{1}{n}x^{\frac{1}{n...
I can't figure out why you would want to use a tab mark
here. If you just want an ampersand, the remedy is
simple: Just type `I\&' now. But if some right brace
up above has ended a previous alignment prematurely,
you're probably due for more error messages, and you
might try typing `S' now just to see what is salvageable.


Overfull \hbox (40.61267pt too wide) in paragraph at lines 177--177
 []$[]\OML/cmm/m/it/10 x[]$ 
 []


Overfull \hbox (12.8972pt too wide) in paragraph at lines 177--177
 [][]$ 
 []


Overfull \hbox (30.59872pt too wide) in paragraph at lines 177--177
 []\OML/cmm/m/it/10 x[]$ 
 []

! Misplaced alignment tab character &.
l.178   $-\cos(x)$ &
                     $\sin(x)$ & $\cos(x)$ \\
I can't figure out why you would want to use a tab mark
here. If you just want an ampersand, the remedy is
simple: Just type `I\&' now. But if some right brace
up above has ended a previous alignment prematurely,
you're probably due for more error messages, and you
might try typing `S' now just to see what is salvageable.

! Misplaced alignment tab character &.
l.178   $-\cos(x)$ & $\sin(x)$ &
                                 $\cos(x)$ \\
I can't figure out why you would want to use a tab mark
here. If you just want an ampersand, the remedy is
simple: Just type `I\&' now. But if some right brace
up above has ended a previous alignment prematurely,
you're probably due for more error messages, and you
might try typing `S' now just to see what is salvageable.


Overfull \hbox (36.3264pt too wide) in paragraph at lines 178--178
 []$\OMS/cmsy/m/n/10 ^^@ []\/cmr/m/n/10 (\OML/cmm/m/it/10 x\/cmr/m/n/10 )$ 
 []


Overfull \hbox (25.77087pt too wide) in paragraph at lines 178--178
 []\/cmr/m/n/10 (\OML/cmm/m/it/10 x\/cmr/m/n/10 )$ 
 []


Overfull \hbox (26.88197pt too wide) in paragraph at lines 178--178
 []\/cmr/m/n/10 (\OML/cmm/m/it/10 x\/cmr/m/n/10 )$ 
 []

! Misplaced alignment tab character &.
l.179   $\sin(x)$ &
                    $\cos(x)$ & $-\sin(x)$ \\
I can't figure out why you would want to use a tab mark
here. If you just want an ampersand, the remedy is
simple: Just type `I\&' now. But if some right brace
up above has ended a previous alignment prematurely,
you're probably due for more error messages, and you
might try typing `S' now just to see what is salvageable.

! Misplaced alignment tab character &.
l.179   $\sin(x)$ & $\cos(x)$ &
                                $-\sin(x)$ \\
I can't figure out why you would want to use a tab mark
here. If you just want an ampersand, the remedy is
simple: Just type `I\&' now. But if some right brace
up above has ended a previous alignment prematurely,
you're probably due for more error messages, and you
might try typing `S' now just to see what is salvageable.


Overfull \hbox (25.77087pt too wide) in paragraph at lines 179--179
 []$[]\/cmr/m/n/10 (\OML/cmm/m/it/10 x\/cmr/m/n/10 )$ 
 []


Overfull \hbox (26.88197pt too wide) in paragraph at lines 179--179
 []\/cmr/m/n/10 (\OML/cmm/m/it/10 x\/cmr/m/n/10 )$ 
 []


Overfull \hbox (35.2153pt too wide) in paragraph at lines 179--179
 \OMS/cmsy/m/n/10 ^^@ []\/cmr/m/n/10 (\OML/cmm/m/it/10 x\/cmr/m/n/10 )$ 
 []

! Misplaced alignment tab character &.
l.180   $\frac{1}{2}(x-\frac{1}{2}\sin(2x))$ &
                                               $\sin^2(x)$ & $2 \sin(x)\cos(...
I can't figure out why you would want to use a tab mark
here. If you just want an ampersand, the remedy is
simple: Just type `I\&' now. But if some right brace
up above has ended a previous alignment prematurely,
you're probably due for more error messages, and you
might try typing `S' now just to see what is salvageable.

! Misplaced alignment tab character &.
l.180 ...}(x-\frac{1}{2}\sin(2x))$ & $\sin^2(x)$ &
                                                   $2 \sin(x)\cos(x)$ \\
I can't figure out why you would want to use a tab mark
here. If you just want an ampersand, the remedy is
simple: Just type `I\&' now. But if some right brace
up above has ended a previous alignment prematurely,
you're probably due for more error messages, and you
might try typing `S' now just to see what is salvageable.


Overfull \hbox (23.7681pt too wide) in paragraph at lines 180--180
 []$[]\/cmr/m/n/10 (\OML/cmm/m/it/10 x \OMS/cmsy/m/n/10 ^^@ 
 []


Overfull \hbox (42.71254pt too wide) in paragraph at lines 180--180
 [] []\/cmr/m/n/10 (2\OML/cmm/m/it/10 x\/cmr/m/n/10 ))$ 
 []


Overfull \hbox (30.257pt too wide) in paragraph at lines 180--180
 [][]\/cmr/m/n/10 (\OML/cmm/m/it/10 x\/cmr/m/n/10 )$ 
 []


Overfull \hbox (60.98611pt too wide) in paragraph at lines 180--180
 \/cmr/m/n/10 2 [](\OML/cmm/m/it/10 x\/cmr/m/n/10 ) [](\OML/cmm/m/it/10 x\/cmr/
m/n/10 )$ 
 []

! Misplaced alignment tab character &.
l.181   $\frac{1}{2}(x + \frac{1}{2}\sin(2x))$ &
                                                 $\cos^2(x)$ & $-2\sin(x)\co...
I can't figure out why you would want to use a tab mark
here. If you just want an ampersand, the remedy is
simple: Just type `I\&' now. But if some right brace
up above has ended a previous alignment prematurely,
you're probably due for more error messages, and you
might try typing `S' now just to see what is salvageable.

! Misplaced alignment tab character &.
l.181 ...x + \frac{1}{2}\sin(2x))$ & $\cos^2(x)$ &
                                                   $-2\sin(x)\cos(x)$ \\
I can't figure out why you would want to use a tab mark
here. If you just want an ampersand, the remedy is
simple: Just type `I\&' now. But if some right brace
up above has ended a previous alignment prematurely,
you're probably due for more error messages, and you
might try typing `S' now just to see what is salvageable.


Overfull \hbox (23.7681pt too wide) in paragraph at lines 181--181
 []$[]\/cmr/m/n/10 (\OML/cmm/m/it/10 x \/cmr/m/n/10 + 
 []


Overfull \hbox (42.71254pt too wide) in paragraph at lines 181--181
 [] []\/cmr/m/n/10 (2\OML/cmm/m/it/10 x\/cmr/m/n/10 ))$ 
 []


Overfull \hbox (31.3681pt too wide) in paragraph at lines 181--181
 [][]\/cmr/m/n/10 (\OML/cmm/m/it/10 x\/cmr/m/n/10 )$ 
 []


Overfull \hbox (68.76392pt too wide) in paragraph at lines 181--181
 \OMS/cmsy/m/n/10 ^^@\/cmr/m/n/10 2 [](\OML/cmm/m/it/10 x\/cmr/m/n/10 ) [](\OML
/cmm/m/it/10 x\/cmr/m/n/10 )$ 
 []

! Undefined control sequence.
<recently read> \multirow 
                          
l.182   \multirow
                 {2}*{$-\ln|\cos(x)|$} & \multirow{2}*{$\tan(x) = \frac{\sin...
The control sequence at the end of the top line
of your error message was never \def'ed. If you have
misspelled it (e.g., `\hobx'), type `I' and the correct
spelling (e.g., `I\hbox'). Otherwise just continue,
and I'll forget about whatever was undefined.

Missing character: There is no 2 in font nullfont!
Missing character: There is no * in font nullfont!
! Misplaced alignment tab character &.
l.182   \multirow{2}*{$-\ln|\cos(x)|$} &
                                         \multirow{2}*{$\tan(x) = \frac{\sin...
I can't figure out why you would want to use a tab mark
here. If you just want an ampersand, the remedy is
simple: Just type `I\&' now. But if some right brace
up above has ended a previous alignment prematurely,
you're probably due for more error messages, and you
might try typing `S' now just to see what is salvageable.

! Undefined control sequence.
l.182   \multirow{2}*{$-\ln|\cos(x)|$} & \multirow
                                                  {2}*{$\tan(x) = \frac{\sin...
The control sequence at the end of the top line
of your error message was never \def'ed. If you have
misspelled it (e.g., `\hobx'), type `I' and the correct
spelling (e.g., `I\hbox'). Otherwise just continue,
and I'll forget about whatever was undefined.

Missing character: There is no 2 in font nullfont!
Missing character: There is no * in font nullfont!
! Misplaced alignment tab character &.
l.182 ...irow{2}*{$\tan(x) = \frac{\sin}{\cos}$} &
                                                   $\frac{1}{\cos^2(x)}$  \\
I can't figure out why you would want to use a tab mark
here. If you just want an ampersand, the remedy is
simple: Just type `I\&' now. But if some right brace
up above has ended a previous alignment prematurely,
you're probably due for more error messages, and you
might try typing `S' now just to see what is salvageable.


Overfull \hbox (53.54858pt too wide) in paragraph at lines 182--182
 []$\OMS/cmsy/m/n/10 ^^@ [] j []\/cmr/m/n/10 (\OML/cmm/m/it/10 x\/cmr/m/n/10 )\
OMS/cmsy/m/n/10 j$ 
 []


Overfull \hbox (38.49307pt too wide) in paragraph at lines 182--182
 []\/cmr/m/n/10 (\OML/cmm/m/it/10 x\/cmr/m/n/10 ) = 
 []


Overfull \hbox (13.10977pt too wide) in paragraph at lines 182--182
 []$ 
 []


Overfull \hbox (27.79736pt too wide) in paragraph at lines 182--182
 []$ 
 []

! Misplaced alignment tab character &.
<recently read> &
                 
l.183   &
          & $1 + \tan^2(x)$ \\
I can't figure out why you would want to use a tab mark
here. If you just want an ampersand, the remedy is
simple: Just type `I\&' now. But if some right brace
up above has ended a previous alignment prematurely,
you're probably due for more error messages, and you
might try typing `S' now just to see what is salvageable.

! Misplaced alignment tab character &.
l.183   & &
            $1 + \tan^2(x)$ \\
I can't figure out why you would want to use a tab mark
here. If you just want an ampersand, the remedy is
simple: Just type `I\&' now. But if some right brace
up above has ended a previous alignment prematurely,
you're probably due for more error messages, and you
might try typing `S' now just to see what is salvageable.


Overfull \hbox (12.77782pt too wide) in paragraph at lines 183--183
 []$\/cmr/m/n/10 1 + 
 []


Overfull \hbox (32.42369pt too wide) in paragraph at lines 183--183
 [][]\/cmr/m/n/10 (\OML/cmm/m/it/10 x\/cmr/m/n/10 )$ 
 []

! Misplaced alignment tab character &.
l.184   $\cosh(x)$ &
                     $\sinh(x)$ & $\cosh(x)$ \\
I can't figure out why you would want to use a tab mark
here. If you just want an ampersand, the remedy is
simple: Just type `I\&' now. But if some right brace
up above has ended a previous alignment prematurely,
you're probably due for more error messages, and you
might try typing `S' now just to see what is salvageable.

! Misplaced alignment tab character &.
l.184   $\cosh(x)$ & $\sinh(x)$ &
                                  $\cosh(x)$ \\
I can't figure out why you would want to use a tab mark
here. If you just want an ampersand, the remedy is
simple: Just type `I\&' now. But if some right brace
up above has ended a previous alignment prematurely,
you're probably due for more error messages, and you
might try typing `S' now just to see what is salvageable.


Overfull \hbox (32.43755pt too wide) in paragraph at lines 184--184
 []$[]\/cmr/m/n/10 (\OML/cmm/m/it/10 x\/cmr/m/n/10 )$ 
 []


Overfull \hbox (31.32645pt too wide) in paragraph at lines 184--184
 []\/cmr/m/n/10 (\OML/cmm/m/it/10 x\/cmr/m/n/10 )$ 
 []


Overfull \hbox (32.43755pt too wide) in paragraph at lines 184--184
 []\/cmr/m/n/10 (\OML/cmm/m/it/10 x\/cmr/m/n/10 )$ 
 []

! Misplaced alignment tab character &.
l.185   $\log(\cosh(x))$ &
                           $\tanh(x)$ & $\frac{1}{\cosh^2(x)}$ \\
I can't figure out why you would want to use a tab mark
here. If you just want an ampersand, the remedy is
simple: Just type `I\&' now. But if some right brace
up above has ended a previous alignment prematurely,
you're probably due for more error messages, and you
might try typing `S' now just to see what is salvageable.

! Misplaced alignment tab character &.
l.185   $\log(\cosh(x))$ & $\tanh(x)$ &
                                        $\frac{1}{\cosh^2(x)}$ \\
I can't figure out why you would want to use a tab mark
here. If you just want an ampersand, the remedy is
simple: Just type `I\&' now. But if some right brace
up above has ended a previous alignment prematurely,
you're probably due for more error messages, and you
might try typing `S' now just to see what is salvageable.


Overfull \hbox (53.13203pt too wide) in paragraph at lines 185--185
 []$[]\/cmr/m/n/10 ([](\OML/cmm/m/it/10 x\/cmr/m/n/10 ))$ 
 []


Overfull \hbox (33.49313pt too wide) in paragraph at lines 185--185
 []\/cmr/m/n/10 (\OML/cmm/m/it/10 x\/cmr/m/n/10 )$ 
 []


Overfull \hbox (32.21405pt too wide) in paragraph at lines 185--185
 []$ 
 []

! Misplaced alignment tab character &.
l.186   $\ln | \sin(x)|$ &
                           $\cot(x)$ & $-\frac{1}{\sin^2(x)}$ \\
I can't figure out why you would want to use a tab mark
here. If you just want an ampersand, the remedy is
simple: Just type `I\&' now. But if some right brace
up above has ended a previous alignment prematurely,
you're probably due for more error messages, and you
might try typing `S' now just to see what is salvageable.

! Misplaced alignment tab character &.
l.186   $\ln | \sin(x)|$ & $\cot(x)$ &
                                       $-\frac{1}{\sin^2(x)}$ \\
I can't figure out why you would want to use a tab mark
here. If you just want an ampersand, the remedy is
simple: Just type `I\&' now. But if some right brace
up above has ended a previous alignment prematurely,
you're probably due for more error messages, and you
might try typing `S' now just to see what is salvageable.


Overfull \hbox (42.99306pt too wide) in paragraph at lines 186--186
 []$[] \OMS/cmsy/m/n/10 j []\/cmr/m/n/10 (\OML/cmm/m/it/10 x\/cmr/m/n/10 )\OMS/
cmsy/m/n/10 j$ 
 []


Overfull \hbox (26.82643pt too wide) in paragraph at lines 186--186
 []\/cmr/m/n/10 (\OML/cmm/m/it/10 x\/cmr/m/n/10 )$ 
 []


Overfull \hbox (34.71405pt too wide) in paragraph at lines 186--186
 \OMS/cmsy/m/n/10 ^^@[]$ 
 []

! Misplaced alignment tab character &.
l.187   $\frac{1}{c} \cdot e^{cx}$ &
                                     $e^{cx}$ & $c \cdot e^{cx}$ \\
I can't figure out why you would want to use a tab mark
here. If you just want an ampersand, the remedy is
simple: Just type `I\&' now. But if some right brace
up above has ended a previous alignment prematurely,
you're probably due for more error messages, and you
might try typing `S' now just to see what is salvageable.

! Misplaced alignment tab character &.
l.187   $\frac{1}{c} \cdot e^{cx}$ & $e^{cx}$ &
                                                $c \cdot e^{cx}$ \\
I can't figure out why you would want to use a tab mark
here. If you just want an ampersand, the remedy is
simple: Just type `I\&' now. But if some right brace
up above has ended a previous alignment prematurely,
you're probably due for more error messages, and you
might try typing `S' now just to see what is salvageable.


Overfull \hbox (9.16391pt too wide) in paragraph at lines 187--187
 []$[] \OMS/cmsy/m/n/10 ^^A 
 []


Overfull \hbox (13.26474pt too wide) in paragraph at lines 187--187
 \OML/cmm/m/it/10 e[]$ 
 []


Overfull \hbox (13.26474pt too wide) in paragraph at lines 187--187
 \OML/cmm/m/it/10 e[]$ 
 []


Overfull \hbox (7.10535pt too wide) in paragraph at lines 187--187
 \OML/cmm/m/it/10 c \OMS/cmsy/m/n/10 ^^A 
 []


Overfull \hbox (13.26474pt too wide) in paragraph at lines 187--187
 \OML/cmm/m/it/10 e[]$ 
 []

! Misplaced alignment tab character &.
l.188   $x(\ln |x| - 1)$ &
                           $\ln |x|$ & $\frac{1}{x}$ \\
I can't figure out why you would want to use a tab mark
here. If you just want an ampersand, the remedy is
simple: Just type `I\&' now. But if some right brace
up above has ended a previous alignment prematurely,
you're probably due for more error messages, and you
might try typing `S' now just to see what is salvageable.

! Misplaced alignment tab character &.
l.188   $x(\ln |x| - 1)$ & $\ln |x|$ &
                                       $\frac{1}{x}$ \\
I can't figure out why you would want to use a tab mark
here. If you just want an ampersand, the remedy is
simple: Just type `I\&' now. But if some right brace
up above has ended a previous alignment prematurely,
you're probably due for more error messages, and you
might try typing `S' now just to see what is salvageable.


Overfull \hbox (38.6528pt too wide) in paragraph at lines 188--188
 []$\OML/cmm/m/it/10 x\/cmr/m/n/10 ([] \OMS/cmsy/m/n/10 j\OML/cmm/m/it/10 x\OMS
/cmsy/m/n/10 j ^^@ 
 []


Overfull \hbox (8.88892pt too wide) in paragraph at lines 188--188
 \/cmr/m/n/10 1)$ 
 []


Overfull \hbox (21.27083pt too wide) in paragraph at lines 188--188
 [] \OMS/cmsy/m/n/10 j\OML/cmm/m/it/10 x\OMS/cmsy/m/n/10 j$ 
 []


Overfull \hbox (6.93472pt too wide) in paragraph at lines 188--188
 []$ 
 []

! Misplaced alignment tab character &.
l.189   $\frac{1}{2}(\ln(x))^2$ &
                                  $\frac{\ln(x)}{x}$ & $\frac{1 - \ln(x)}{x^...
I can't figure out why you would want to use a tab mark
here. If you just want an ampersand, the remedy is
simple: Just type `I\&' now. But if some right brace
up above has ended a previous alignment prematurely,
you're probably due for more error messages, and you
might try typing `S' now just to see what is salvageable.

! Misplaced alignment tab character &.
l.189 ...c{1}{2}(\ln(x))^2$ & $\frac{\ln(x)}{x}$ &
                                                   $\frac{1 - \ln(x)}{x^2}$ \\
I can't figure out why you would want to use a tab mark
here. If you just want an ampersand, the remedy is
simple: Just type `I\&' now. But if some right brace
up above has ended a previous alignment prematurely,
you're probably due for more error messages, and you
might try typing `S' now just to see what is salvageable.


Overfull \hbox (40.47649pt too wide) in paragraph at lines 189--189
 []$[]\/cmr/m/n/10 ([](\OML/cmm/m/it/10 x\/cmr/m/n/10 ))[]$ 
 []


Overfull \hbox (19.86534pt too wide) in paragraph at lines 189--189
 []$ 
 []


Overfull \hbox (30.10149pt too wide) in paragraph at lines 189--189
 []$ 
 []

! Misplaced alignment tab character &.
l.190   $\frac{x}{\ln(a)} (\ln|x| -1)$ &
                                         $\log_a |x|$ & $\frac{1}{\ln(a)x}$ \\
I can't figure out why you would want to use a tab mark
here. If you just want an ampersand, the remedy is
simple: Just type `I\&' now. But if some right brace
up above has ended a previous alignment prematurely,
you're probably due for more error messages, and you
might try typing `S' now just to see what is salvageable.

! Misplaced alignment tab character &.
l.190 ...{x}{\ln(a)} (\ln|x| -1)$ & $\log_a |x|$ &
                                                   $\frac{1}{\ln(a)x}$ \\
I can't figure out why you would want to use a tab mark
here. If you just want an ampersand, the remedy is
simple: Just type `I\&' now. But if some right brace
up above has ended a previous alignment prematurely,
you're probably due for more error messages, and you
might try typing `S' now just to see what is salvageable.


Overfull \hbox (52.60579pt too wide) in paragraph at lines 190--190
 []$[]\/cmr/m/n/10 ([] \OMS/cmsy/m/n/10 j\OML/cmm/m/it/10 x\OMS/cmsy/m/n/10 j ^
^@ 
 []


Overfull \hbox (8.88892pt too wide) in paragraph at lines 190--190
 \/cmr/m/n/10 1)$ 
 []


Overfull \hbox (30.6918pt too wide) in paragraph at lines 190--190
 [][] \OMS/cmsy/m/n/10 j\OML/cmm/m/it/10 x\OMS/cmsy/m/n/10 j$ 
 []


Overfull \hbox (24.20299pt too wide) in paragraph at lines 190--190
 []$ 
 []

! Undefined control sequence.
l.192   \bottomrule
                   
The control sequence at the end of the top line
of your error message was never \def'ed. If you have
misspelled it (e.g., `\hobx'), type `I' and the correct
spelling (e.g., `I\hbox'). Otherwise just continue,
and I'll forget about whatever was undefined.


! LaTeX Error: \begin{center} on input line 166 ended by \end{tabularx}.

See the LaTeX manual or LaTeX Companion for explanation.
Type  H <return>  for immediate help.
 ...                                              
                                                  
l.193   \end{tabularx}
                      
Your command was ignored.
Type  I <command> <return>  to replace it with another command,
or  <return>  to continue without it.

! Undefined control sequence.
l.195 \subsubsection
                    {Besonders hässliche Ableitungen}
The control sequence at the end of the top line
of your error message was never \def'ed. If you have
misspelled it (e.g., `\hobx'), type `I' and the correct
spelling (e.g., `I\hbox'). Otherwise just continue,
and I'll forget about whatever was undefined.

Missing character: There is no B in font nullfont!
Missing character: There is no e in font nullfont!
Missing character: There is no s in font nullfont!
Missing character: There is no o in font nullfont!
Missing character: There is no n in font nullfont!
Missing character: There is no d in font nullfont!
Missing character: There is no e in font nullfont!
Missing character: There is no r in font nullfont!
Missing character: There is no s in font nullfont!
Missing character: There is no h in font nullfont!
Missing character: There is no s in font nullfont!
Missing character: There is no s in font nullfont!
Missing character: There is no l in font nullfont!
Missing character: There is no i in font nullfont!
Missing character: There is no c in font nullfont!
Missing character: There is no h in font nullfont!
Missing character: There is no e in font nullfont!
Missing character: There is no A in font nullfont!
Missing character: There is no b in font nullfont!
Missing character: There is no l in font nullfont!
Missing character: There is no e in font nullfont!
Missing character: There is no i in font nullfont!
Missing character: There is no t in font nullfont!
Missing character: There is no u in font nullfont!
Missing character: There is no n in font nullfont!
Missing character: There is no g in font nullfont!
Missing character: There is no e in font nullfont!
Missing character: There is no n in font nullfont!

Overfull \hbox (5.00002pt too wide) in paragraph at lines 195--196
 \/cmr/m/n/10 ^^?a 
 []


Overfull \hbox (31.88887pt too wide) in paragraph at lines 197--198
[][] \/cmr/m/n/10 =
 []


Overfull \hbox (13.52779pt too wide) in paragraph at lines 197--198
\OML/cmm/m/it/10 x[] \OMS/cmsy/m/n/10 ^^A
 []


Overfull \hbox (16.66672pt too wide) in paragraph at lines 197--198
\/cmr/m/n/10 (1 +
 []


Overfull \hbox (35.87494pt too wide) in paragraph at lines 197--198
[] \OML/cmm/m/it/10 x\/cmr/m/n/10 ) \OML/cmm/m/it/10 x >
 []


Overfull \hbox (5.00002pt too wide) in paragraph at lines 197--198
\/cmr/m/n/10 0$ 
 []


Overfull \hbox (44.7014pt too wide) in paragraph at lines 198--199
[][] \/cmr/m/n/10 =
 []


Overfull \hbox (42.61113pt too wide) in paragraph at lines 198--199
[][] \/cmr/m/n/10 (\OML/cmm/m/it/10 x \/cmr/m/n/10 +
 []


Overfull \hbox (54.36803pt too wide) in paragraph at lines 198--199
\/cmr/m/n/10 2\OML/cmm/m/it/10 x []\/cmr/m/n/10 (\OML/cmm/m/it/10 x\/cmr/m/n/10
 )) \OML/cmm/m/it/10 x >
 []


Overfull \hbox (5.00002pt too wide) in paragraph at lines 198--199
\/cmr/m/n/10 0$ 
 []


Overfull \hbox (43.98618pt too wide) in paragraph at lines 199--200
[][] \/cmr/m/n/10 =
 []


Overfull \hbox (139.9026pt too wide) in paragraph at lines 199--200
\OML/cmm/m/it/10 x[] []$ 
 []


! LaTeX Error: Environment tabularx undefined.

See the LaTeX manual or LaTeX Companion for explanation.
Type  H <return>  for immediate help.
 ...                                              
                                                  
l.202   \begin{tabularx}
                        {\linewidth}{>{\centering\arraybackslash}X>{\centeri...

Your command was ignored.
Type  I <command> <return>  to replace it with another command,
or  <return>  to continue without it.

! Missing number, treated as zero.
<to be read again> 
                   }
l.202   \begin{tabularx}{\linewidth}
                                    {>{\centering\arraybackslash}X>{\centeri...
A number should have been here; I inserted `0'.
(If you can't figure out why I needed to see a number,
look up `weird error' in the index to The TeXbook.)

! Illegal unit of measure (pt inserted).
<to be read again> 
                   }
l.202   \begin{tabularx}{\linewidth}
                                    {>{\centering\arraybackslash}X>{\centeri...
Dimensions can be in units of em, ex, in, pt, pc,
cm, mm, dd, cc, nd, nc, bp, or sp; but yours is a new one!
I'll assume that you meant to say pt, for printer's points.
To recover gracefully from this error, it's best to
delete the erroneous units; e.g., type `2' to delete
two letters. (See Chapter 27 of The TeXbook.)

Missing character: There is no > in font nullfont!
! Undefined control sequence.
l.202 ...}{\linewidth}{>{\centering\arraybackslash
                                                  }X>{\centering\arraybacksl...
The control sequence at the end of the top line
of your error message was never \def'ed. If you have
misspelled it (e.g., `\hobx'), type `I' and the correct
spelling (e.g., `I\hbox'). Otherwise just continue,
and I'll forget about whatever was undefined.

Missing character: There is no X in font nullfont!
Missing character: There is no > in font nullfont!
! Undefined control sequence.
l.202 ...raybackslash}X>{\centering\arraybackslash
                                                  }X}
The control sequence at the end of the top line
of your error message was never \def'ed. If you have
misspelled it (e.g., `\hobx'), type `I' and the correct
spelling (e.g., `I\hbox'). Otherwise just continue,
and I'll forget about whatever was undefined.

Missing character: There is no X in font nullfont!
! Undefined control sequence.
l.203   \toprule
                
The control sequence at the end of the top line
of your error message was never \def'ed. If you have
misspelled it (e.g., `\hobx'), type `I' and the correct
spelling (e.g., `I\hbox'). Otherwise just continue,
and I'll forget about whatever was undefined.

! Misplaced alignment tab character &.
l.204   $\mathbf{F(x)}$ &
                          $\mathbf{f(x)}$ \\
I can't figure out why you would want to use a tab mark
here. If you just want an ampersand, the remedy is
simple: Just type `I\&' now. But if some right brace
up above has ended a previous alignment prematurely,
you're probably due for more error messages, and you
might try typing `S' now just to see what is salvageable.


Overfull \hbox (21.08328pt too wide) in paragraph at lines 202--204
 []$ 
 []


Overfull \hbox (18.45134pt too wide) in paragraph at lines 202--204
 []$ 
 []

! Undefined control sequence.
<recently read> \midrule 
                         
l.205   \midrule
                
The control sequence at the end of the top line
of your error message was never \def'ed. If you have
misspelled it (e.g., `\hobx'), type `I' and the correct
spelling (e.g., `I\hbox'). Otherwise just continue,
and I'll forget about whatever was undefined.

! Misplaced alignment tab character &.
l.206   $\frac{1}{a\cdot (n+1)}(ax+b)^{n+1}$ &
                                               $(ax+b)^n$ \\
I can't figure out why you would want to use a tab mark
here. If you just want an ampersand, the remedy is
simple: Just type `I\&' now. But if some right brace
up above has ended a previous alignment prematurely,
you're probably due for more error messages, and you
might try typing `S' now just to see what is salvageable.


Overfull \hbox (53.0989pt too wide) in paragraph at lines 206--206
 []$[]\/cmr/m/n/10 (\OML/cmm/m/it/10 ax \/cmr/m/n/10 + 
 []


Overfull \hbox (23.74893pt too wide) in paragraph at lines 206--206
 \OML/cmm/m/it/10 b\/cmr/m/n/10 )[]$ 
 []


Overfull \hbox (22.66786pt too wide) in paragraph at lines 206--206
 \/cmr/m/n/10 (\OML/cmm/m/it/10 ax \/cmr/m/n/10 + 
 []


Overfull \hbox (13.62389pt too wide) in paragraph at lines 206--206
 \OML/cmm/m/it/10 b\/cmr/m/n/10 )[]$ 
 []

! Misplaced alignment tab character &.
l.208   $\arcsin(x)$ &
                       $\frac{1}{\sqrt{1 - x^2}}$ \\
I can't figure out why you would want to use a tab mark
here. If you just want an ampersand, the remedy is
simple: Just type `I\&' now. But if some right brace
up above has ended a previous alignment prematurely,
you're probably due for more error messages, and you
might try typing `S' now just to see what is salvageable.


Overfull \hbox (39.132pt too wide) in paragraph at lines 208--208
 []$[]\/cmr/m/n/10 (\OML/cmm/m/it/10 x\/cmr/m/n/10 )$ 
 []


Overfull \hbox (27.64317pt too wide) in paragraph at lines 208--208
 []$ 
 []

! Misplaced alignment tab character &.
l.209   $\arccos(x)$ &
                       $\frac{-1}{\sqrt{1 - x^2}}$ \\
I can't figure out why you would want to use a tab mark
here. If you just want an ampersand, the remedy is
simple: Just type `I\&' now. But if some right brace
up above has ended a previous alignment prematurely,
you're probably due for more error messages, and you
might try typing `S' now just to see what is salvageable.


Overfull \hbox (40.2431pt too wide) in paragraph at lines 209--209
 []$[]\/cmr/m/n/10 (\OML/cmm/m/it/10 x\/cmr/m/n/10 )$ 
 []


Overfull \hbox (27.64317pt too wide) in paragraph at lines 209--209
 []$ 
 []

! Misplaced alignment tab character &.
l.210   $\arctan(x)$ &
                       $\frac{1}{1 + x^2}$ \\
I can't figure out why you would want to use a tab mark
here. If you just want an ampersand, the remedy is
simple: Just type `I\&' now. But if some right brace
up above has ended a previous alignment prematurely,
you're probably due for more error messages, and you
might try typing `S' now just to see what is salvageable.


Overfull \hbox (41.29869pt too wide) in paragraph at lines 210--210
 []$[]\/cmr/m/n/10 (\OML/cmm/m/it/10 x\/cmr/m/n/10 )$ 
 []


Overfull \hbox (20.9626pt too wide) in paragraph at lines 210--210
 []$ 
 []

! Undefined control sequence.
<recently read> \text 
                      
l.211   $\text
              {arcsinh}(x)$ & $\frac{1}{\sqrt{1 + x^2}}$ \\
The control sequence at the end of the top line
of your error message was never \def'ed. If you have
misspelled it (e.g., `\hobx'), type `I' and the correct
spelling (e.g., `I\hbox'). Otherwise just continue,
and I'll forget about whatever was undefined.

! Misplaced alignment tab character &.
l.211   $\text{arcsinh}(x)$ &
                              $\frac{1}{\sqrt{1 + x^2}}$ \\
I can't figure out why you would want to use a tab mark
here. If you just want an ampersand, the remedy is
simple: Just type `I\&' now. But if some right brace
up above has ended a previous alignment prematurely,
you're probably due for more error messages, and you
might try typing `S' now just to see what is salvageable.


Overfull \hbox (47.79245pt too wide) in paragraph at lines 211--211
 []$[]\/cmr/m/n/10 (\OML/cmm/m/it/10 x\/cmr/m/n/10 )$ 
 []


Overfull \hbox (27.53207pt too wide) in paragraph at lines 211--211
 []$ 
 []

! Undefined control sequence.
<recently read> \text 
                      
l.212   $\text
              {arccosh}(x) $ & $\frac{1}{\sqrt{x^2 - 1}}$ \\
The control sequence at the end of the top line
of your error message was never \def'ed. If you have
misspelled it (e.g., `\hobx'), type `I' and the correct
spelling (e.g., `I\hbox'). Otherwise just continue,
and I'll forget about whatever was undefined.

! Misplaced alignment tab character &.
l.212   $\text{arccosh}(x) $ &
                               $\frac{1}{\sqrt{x^2 - 1}}$ \\
I can't figure out why you would want to use a tab mark
here. If you just want an ampersand, the remedy is
simple: Just type `I\&' now. But if some right brace
up above has ended a previous alignment prematurely,
you're probably due for more error messages, and you
might try typing `S' now just to see what is salvageable.


Overfull \hbox (47.51976pt too wide) in paragraph at lines 212--212
 []$[]\/cmr/m/n/10 (\OML/cmm/m/it/10 x\/cmr/m/n/10 )$ 
 []


Overfull \hbox (27.64317pt too wide) in paragraph at lines 212--212
 []$ 
 []

! Undefined control sequence.
<recently read> \text 
                      
l.213   $\text
              {arctanh}(x) $ & $\frac{1}{1 - x^2}$ \\
The control sequence at the end of the top line
of your error message was never \def'ed. If you have
misspelled it (e.g., `\hobx'), type `I' and the correct
spelling (e.g., `I\hbox'). Otherwise just continue,
and I'll forget about whatever was undefined.

! Misplaced alignment tab character &.
l.213   $\text{arctanh}(x) $ &
                               $\frac{1}{1 - x^2}$ \\
I can't figure out why you would want to use a tab mark
here. If you just want an ampersand, the remedy is
simple: Just type `I\&' now. But if some right brace
up above has ended a previous alignment prematurely,
you're probably due for more error messages, and you
might try typing `S' now just to see what is salvageable.


Overfull \hbox (48.55682pt too wide) in paragraph at lines 213--213
 []$[]\/cmr/m/n/10 (\OML/cmm/m/it/10 x\/cmr/m/n/10 )$ 
 []


Overfull \hbox (21.0737pt too wide) in paragraph at lines 213--213
 []$ 
 []

! Misplaced alignment tab character &.
l.214   $x^x \ (x > 0)$ &
                          $x^x \cdot (1 + \ln x)$ \\
I can't figure out why you would want to use a tab mark
here. If you just want an ampersand, the remedy is
simple: Just type `I\&' now. But if some right brace
up above has ended a previous alignment prematurely,
you're probably due for more error messages, and you
might try typing `S' now just to see what is salvageable.


Overfull \hbox (30.90968pt too wide) in paragraph at lines 214--214
 []$\OML/cmm/m/it/10 x[] \/cmr/m/n/10 (\OML/cmm/m/it/10 x > 
 []


Overfull \hbox (8.88892pt too wide) in paragraph at lines 214--214
 \/cmr/m/n/10 0)$ 
 []


Overfull \hbox (13.52779pt too wide) in paragraph at lines 214--214
 \OML/cmm/m/it/10 x[] \OMS/cmsy/m/n/10 ^^A 
 []


Overfull \hbox (16.66672pt too wide) in paragraph at lines 214--214
 \/cmr/m/n/10 (1 + 
 []


Overfull \hbox (19.60416pt too wide) in paragraph at lines 214--214
 [] \OML/cmm/m/it/10 x\/cmr/m/n/10 )$ 
 []

! Misplaced alignment tab character &.
l.215   $\log_a|x|$ &
                      $\frac{1}{x \ln a}=\log_a(e)\frac{1}{x}$ \\
I can't figure out why you would want to use a tab mark
here. If you just want an ampersand, the remedy is
simple: Just type `I\&' now. But if some right brace
up above has ended a previous alignment prematurely,
you're probably due for more error messages, and you
might try typing `S' now just to see what is salvageable.


Overfull \hbox (30.6918pt too wide) in paragraph at lines 215--215
 []$[][] \OMS/cmsy/m/n/10 j\OML/cmm/m/it/10 x\OMS/cmsy/m/n/10 j$ 
 []


Overfull \hbox (31.23994pt too wide) in paragraph at lines 215--215
 [] \/cmr/m/n/10 = 
 []


Overfull \hbox (37.12312pt too wide) in paragraph at lines 215--215
 [][]\/cmr/m/n/10 (\OML/cmm/m/it/10 e\/cmr/m/n/10 )[]$ 
 []

! Undefined control sequence.
<recently read> \bottomrule 
                            
l.216   \bottomrule
                   
The control sequence at the end of the top line
of your error message was never \def'ed. If you have
misspelled it (e.g., `\hobx'), type `I' and the correct
spelling (e.g., `I\hbox'). Otherwise just continue,
and I'll forget about whatever was undefined.


! LaTeX Error: \begin{center} on input line 201 ended by \end{tabularx}.

See the LaTeX manual or LaTeX Companion for explanation.
Type  H <return>  for immediate help.
 ...                                              
                                                  
l.217   \end{tabularx}
                      
Your command was ignored.
Type  I <command> <return>  to replace it with another command,
or  <return>  to continue without it.

! Undefined control sequence.
l.227 \subsection
                 {Integrale}
The control sequence at the end of the top line
of your error message was never \def'ed. If you have
misspelled it (e.g., `\hobx'), type `I' and the correct
spelling (e.g., `I\hbox'). Otherwise just continue,
and I'll forget about whatever was undefined.

Missing character: There is no I in font nullfont!
Missing character: There is no n in font nullfont!
Missing character: There is no t in font nullfont!
Missing character: There is no e in font nullfont!
Missing character: There is no g in font nullfont!
Missing character: There is no r in font nullfont!
Missing character: There is no a in font nullfont!
Missing character: There is no l in font nullfont!
Missing character: There is no e in font nullfont!

Overfull \hbox (20.0pt too wide) in paragraph at lines 227--228
[] 
 []


! LaTeX Error: Environment tabularx undefined.

See the LaTeX manual or LaTeX Companion for explanation.
Type  H <return>  for immediate help.
 ...                                              
                                                  
l.229  \begin{tabularx}
                       {\linewidth}{>{\centering\arraybackslash}X>{\centerin...

Your command was ignored.
Type  I <command> <return>  to replace it with another command,
or  <return>  to continue without it.

! Missing number, treated as zero.
<to be read again> 
                   }
l.229  \begin{tabularx}{\linewidth}
                                   {>{\centering\arraybackslash}X>{\centerin...
A number should have been here; I inserted `0'.
(If you can't figure out why I needed to see a number,
look up `weird error' in the index to The TeXbook.)

! Illegal unit of measure (pt inserted).
<to be read again> 
                   }
l.229  \begin{tabularx}{\linewidth}
                                   {>{\centering\arraybackslash}X>{\centerin...
Dimensions can be in units of em, ex, in, pt, pc,
cm, mm, dd, cc, nd, nc, bp, or sp; but yours is a new one!
I'll assume that you meant to say pt, for printer's points.
To recover gracefully from this error, it's best to
delete the erroneous units; e.g., type `2' to delete
two letters. (See Chapter 27 of The TeXbook.)

Missing character: There is no > in font nullfont!
! Undefined control sequence.
l.229 ...}{\linewidth}{>{\centering\arraybackslash
                                                  }X>{\centering\arraybacksl...
The control sequence at the end of the top line
of your error message was never \def'ed. If you have
misspelled it (e.g., `\hobx'), type `I' and the correct
spelling (e.g., `I\hbox'). Otherwise just continue,
and I'll forget about whatever was undefined.

Missing character: There is no X in font nullfont!
Missing character: There is no > in font nullfont!
! Undefined control sequence.
l.229 ...raybackslash}X>{\centering\arraybackslash
                                                  }X}
The control sequence at the end of the top line
of your error message was never \def'ed. If you have
misspelled it (e.g., `\hobx'), type `I' and the correct
spelling (e.g., `I\hbox'). Otherwise just continue,
and I'll forget about whatever was undefined.

Missing character: There is no X in font nullfont!
! Undefined control sequence.
l.230   \toprule
                
The control sequence at the end of the top line
of your error message was never \def'ed. If you have
misspelled it (e.g., `\hobx'), type `I' and the correct
spelling (e.g., `I\hbox'). Otherwise just continue,
and I'll forget about whatever was undefined.

! Misplaced alignment tab character &.
l.231   $\mathbf{f(x)}$ &
                          $\mathbf{F(x)}$ \\
I can't figure out why you would want to use a tab mark
here. If you just want an ampersand, the remedy is
simple: Just type `I\&' now. But if some right brace
up above has ended a previous alignment prematurely,
you're probably due for more error messages, and you
might try typing `S' now just to see what is salvageable.


Overfull \hbox (18.45134pt too wide) in paragraph at lines 229--231
 []$ 
 []


Overfull \hbox (21.08328pt too wide) in paragraph at lines 229--231
 []$ 
 []

! Undefined control sequence.
<recently read> \midrule 
                         
l.232   \midrule
                
The control sequence at the end of the top line
of your error message was never \def'ed. If you have
misspelled it (e.g., `\hobx'), type `I' and the correct
spelling (e.g., `I\hbox'). Otherwise just continue,
and I'll forget about whatever was undefined.

! Undefined control sequence.
l.233   $\int f'(x) f(x) \dx
                            $ & $\frac{1}{2}(f(x))^2$ \\
The control sequence at the end of the top line
of your error message was never \def'ed. If you have
misspelled it (e.g., `\hobx'), type `I' and the correct
spelling (e.g., `I\hbox'). Otherwise just continue,
and I'll forget about whatever was undefined.

! Misplaced alignment tab character &.
l.233   $\int f'(x) f(x) \dx$ &
                                $\frac{1}{2}(f(x))^2$ \\
I can't figure out why you would want to use a tab mark
here. If you just want an ampersand, the remedy is
simple: Just type `I\&' now. But if some right brace
up above has ended a previous alignment prematurely,
you're probably due for more error messages, and you
might try typing `S' now just to see what is salvageable.


Overfull \hbox (50.06952pt too wide) in paragraph at lines 233--233
 []$[] \OML/cmm/m/it/10 f[]\/cmr/m/n/10 (\OML/cmm/m/it/10 x\/cmr/m/n/10 )\OML/c
mm/m/it/10 f\/cmr/m/n/10 (\OML/cmm/m/it/10 x\/cmr/m/n/10 )$ 
 []


Overfull \hbox (38.11539pt too wide) in paragraph at lines 233--233
 []\/cmr/m/n/10 (\OML/cmm/m/it/10 f\/cmr/m/n/10 (\OML/cmm/m/it/10 x\/cmr/m/n/10
 ))[]$ 
 []

! Undefined control sequence.
l.234   $\int \frac{f'(x)}{f(x)} \dx
                                    $ & $\ln|f(x)|$ \\
The control sequence at the end of the top line
of your error message was never \def'ed. If you have
misspelled it (e.g., `\hobx'), type `I' and the correct
spelling (e.g., `I\hbox'). Otherwise just continue,
and I'll forget about whatever was undefined.

! Misplaced alignment tab character &.
l.234   $\int \frac{f'(x)}{f(x)} \dx$ &
                                        $\ln|f(x)|$ \\
I can't figure out why you would want to use a tab mark
here. If you just want an ampersand, the remedy is
simple: Just type `I\&' now. But if some right brace
up above has ended a previous alignment prematurely,
you're probably due for more error messages, and you
might try typing `S' now just to see what is salvageable.


Overfull \hbox (28.90701pt too wide) in paragraph at lines 234--234
 []$[] []$ 
 []


Overfull \hbox (35.02089pt too wide) in paragraph at lines 234--234
 [] \OMS/cmsy/m/n/10 j\OML/cmm/m/it/10 f\/cmr/m/n/10 (\OML/cmm/m/it/10 x\/cmr/m
/n/10 )\OMS/cmsy/m/n/10 j$ 
 []

! Undefined control sequence.
l.235   $\int_{-\infty}^\infty e^{-x^2} \dx
                                           $ & $\sqrt{\pi}$ \\
The control sequence at the end of the top line
of your error message was never \def'ed. If you have
misspelled it (e.g., `\hobx'), type `I' and the correct
spelling (e.g., `I\hbox'). Otherwise just continue,
and I'll forget about whatever was undefined.

! Misplaced alignment tab character &.
l.235   $\int_{-\infty}^\infty e^{-x^2} \dx$ &
                                               $\sqrt{\pi}$ \\
I can't figure out why you would want to use a tab mark
here. If you just want an ampersand, the remedy is
simple: Just type `I\&' now. But if some right brace
up above has ended a previous alignment prematurely,
you're probably due for more error messages, and you
might try typing `S' now just to see what is salvageable.


Overfull \hbox (40.95496pt too wide) in paragraph at lines 235--235
 []$[][] \OML/cmm/m/it/10 e[]$ 
 []


Overfull \hbox (14.39241pt too wide) in paragraph at lines 235--235
 []$ 
 []

! Undefined control sequence.
l.236   $\int (ax+b)^n \dx
                          $ & $\frac{1}{a(n+1)}(ax+b)^{n+1}$ \\
The control sequence at the end of the top line
of your error message was never \def'ed. If you have
misspelled it (e.g., `\hobx'), type `I' and the correct
spelling (e.g., `I\hbox'). Otherwise just continue,
and I'll forget about whatever was undefined.

! Misplaced alignment tab character &.
l.236   $\int (ax+b)^n \dx$ &
                              $\frac{1}{a(n+1)}(ax+b)^{n+1}$ \\
I can't figure out why you would want to use a tab mark
here. If you just want an ampersand, the remedy is
simple: Just type `I\&' now. But if some right brace
up above has ended a previous alignment prematurely,
you're probably due for more error messages, and you
might try typing `S' now just to see what is salvageable.


Overfull \hbox (29.33453pt too wide) in paragraph at lines 236--236
 []$[]\/cmr/m/n/10 (\OML/cmm/m/it/10 ax \/cmr/m/n/10 + 
 []


Overfull \hbox (13.62389pt too wide) in paragraph at lines 236--236
 \OML/cmm/m/it/10 b\/cmr/m/n/10 )[]$ 
 []


Overfull \hbox (50.7239pt too wide) in paragraph at lines 236--236
 []\/cmr/m/n/10 (\OML/cmm/m/it/10 ax \/cmr/m/n/10 + 
 []


Overfull \hbox (23.74893pt too wide) in paragraph at lines 236--236
 \OML/cmm/m/it/10 b\/cmr/m/n/10 )[]$ 
 []

! Undefined control sequence.
l.237   $\int x(ax+b)^n \dx
                           $ & $\frac{(ax+b)^{n+2}}{(n+2)a^2} - \frac{b(ax+b...
The control sequence at the end of the top line
of your error message was never \def'ed. If you have
misspelled it (e.g., `\hobx'), type `I' and the correct
spelling (e.g., `I\hbox'). Otherwise just continue,
and I'll forget about whatever was undefined.

! Misplaced alignment tab character &.
l.237   $\int x(ax+b)^n \dx$ &
                               $\frac{(ax+b)^{n+2}}{(n+2)a^2} - \frac{b(ax+b...
I can't figure out why you would want to use a tab mark
here. If you just want an ampersand, the remedy is
simple: Just type `I\&' now. But if some right brace
up above has ended a previous alignment prematurely,
you're probably due for more error messages, and you
might try typing `S' now just to see what is salvageable.


Overfull \hbox (36.71643pt too wide) in paragraph at lines 237--237
 []$[] \OML/cmm/m/it/10 x\/cmr/m/n/10 (\OML/cmm/m/it/10 ax \/cmr/m/n/10 + 
 []


Overfull \hbox (13.62389pt too wide) in paragraph at lines 237--237
 \OML/cmm/m/it/10 b\/cmr/m/n/10 )[]$ 
 []


Overfull \hbox (48.40158pt too wide) in paragraph at lines 237--237
 [] \OMS/cmsy/m/n/10 ^^@ 
 []


Overfull \hbox (44.14044pt too wide) in paragraph at lines 237--237
 []$ 
 []

! Undefined control sequence.
l.238   $\int (ax^p+b)^n x^{p-1} \dx
                                    $ & $\frac{(ax^p+b)^{n+1}}{ap(n+1)}$ \\
The control sequence at the end of the top line
of your error message was never \def'ed. If you have
misspelled it (e.g., `\hobx'), type `I' and the correct
spelling (e.g., `I\hbox'). Otherwise just continue,
and I'll forget about whatever was undefined.

! Misplaced alignment tab character &.
l.238   $\int (ax^p+b)^n x^{p-1} \dx$ &
                                        $\frac{(ax^p+b)^{n+1}}{ap(n+1)}$ \\
I can't figure out why you would want to use a tab mark
here. If you just want an ampersand, the remedy is
simple: Just type `I\&' now. But if some right brace
up above has ended a previous alignment prematurely,
you're probably due for more error messages, and you
might try typing `S' now just to see what is salvageable.


Overfull \hbox (33.95688pt too wide) in paragraph at lines 238--238
 []$[]\/cmr/m/n/10 (\OML/cmm/m/it/10 ax[] \/cmr/m/n/10 + 
 []


Overfull \hbox (34.19765pt too wide) in paragraph at lines 238--238
 \OML/cmm/m/it/10 b\/cmr/m/n/10 )[]\OML/cmm/m/it/10 x[]$ 
 []


Overfull \hbox (44.82233pt too wide) in paragraph at lines 238--238
 []$ 
 []

! Undefined control sequence.
l.239   $\int (ax^p + b)^{-1} x^{p-1} \dx
                                         $ & $\frac{1}{ap} \ln |ax^p + b|$ \\
The control sequence at the end of the top line
of your error message was never \def'ed. If you have
misspelled it (e.g., `\hobx'), type `I' and the correct
spelling (e.g., `I\hbox'). Otherwise just continue,
and I'll forget about whatever was undefined.

! Misplaced alignment tab character &.
l.239   $\int (ax^p + b)^{-1} x^{p-1} \dx$ &
                                             $\frac{1}{ap} \ln |ax^p + b|$ \\
I can't figure out why you would want to use a tab mark
here. If you just want an ampersand, the remedy is
simple: Just type `I\&' now. But if some right brace
up above has ended a previous alignment prematurely,
you're probably due for more error messages, and you
might try typing `S' now just to see what is salvageable.


Overfull \hbox (33.95688pt too wide) in paragraph at lines 239--239
 []$[]\/cmr/m/n/10 (\OML/cmm/m/it/10 ax[] \/cmr/m/n/10 + 
 []


Overfull \hbox (39.49046pt too wide) in paragraph at lines 239--239
 \OML/cmm/m/it/10 b\/cmr/m/n/10 )[]\OML/cmm/m/it/10 x[]$ 
 []


Overfull \hbox (48.70569pt too wide) in paragraph at lines 239--239
 [] [] \OMS/cmsy/m/n/10 j\OML/cmm/m/it/10 ax[] \/cmr/m/n/10 + 
 []


Overfull \hbox (7.06944pt too wide) in paragraph at lines 239--239
 \OML/cmm/m/it/10 b\OMS/cmsy/m/n/10 j$ 
 []

! Undefined control sequence.
l.240   $\int \frac{ax+b}{cx+d} \dx
                                   $ & $\frac{ax}{c} - \frac{ad-bc}{c^2} \ln...
The control sequence at the end of the top line
of your error message was never \def'ed. If you have
misspelled it (e.g., `\hobx'), type `I' and the correct
spelling (e.g., `I\hbox'). Otherwise just continue,
and I'll forget about whatever was undefined.

! Misplaced alignment tab character &.
l.240   $\int \frac{ax+b}{cx+d} \dx$ &
                                       $\frac{ax}{c} - \frac{ad-bc}{c^2} \ln...
I can't figure out why you would want to use a tab mark
here. If you just want an ampersand, the remedy is
simple: Just type `I\&' now. But if some right brace
up above has ended a previous alignment prematurely,
you're probably due for more error messages, and you
might try typing `S' now just to see what is salvageable.


Overfull \hbox (29.26125pt too wide) in paragraph at lines 240--240
 []$[] []$ 
 []


Overfull \hbox (19.05017pt too wide) in paragraph at lines 240--240
 [] \OMS/cmsy/m/n/10 ^^@ 
 []


Overfull \hbox (56.50597pt too wide) in paragraph at lines 240--240
 [] [] \OMS/cmsy/m/n/10 j\OML/cmm/m/it/10 cx \/cmr/m/n/10 + 
 []


Overfull \hbox (7.98265pt too wide) in paragraph at lines 240--240
 \OML/cmm/m/it/10 d\OMS/cmsy/m/n/10 j$ 
 []

! Undefined control sequence.
l.241   $\int \frac{1}{x^2+a^2} \dx
                                   $ & $\frac{1}{a} \arctan \frac{x}{a}$ \\
The control sequence at the end of the top line
of your error message was never \def'ed. If you have
misspelled it (e.g., `\hobx'), type `I' and the correct
spelling (e.g., `I\hbox'). Otherwise just continue,
and I'll forget about whatever was undefined.

! Misplaced alignment tab character &.
l.241   $\int \frac{1}{x^2+a^2} \dx$ &
                                       $\frac{1}{a} \arctan \frac{x}{a}$ \\
I can't figure out why you would want to use a tab mark
here. If you just want an ampersand, the remedy is
simple: Just type `I\&' now. But if some right brace
up above has ended a previous alignment prematurely,
you're probably due for more error messages, and you
might try typing `S' now just to see what is salvageable.


Overfull \hbox (33.55025pt too wide) in paragraph at lines 241--241
 []$[] []$ 
 []


Overfull \hbox (44.81123pt too wide) in paragraph at lines 241--241
 [] [] []$ 
 []

! Undefined control sequence.
l.242   $\int \frac{1}{x^2 - a^2} \dx
                                     $ & $\frac{1}{2a} \ln\left| \frac{x-a}{...
The control sequence at the end of the top line
of your error message was never \def'ed. If you have
misspelled it (e.g., `\hobx'), type `I' and the correct
spelling (e.g., `I\hbox'). Otherwise just continue,
and I'll forget about whatever was undefined.

! Misplaced alignment tab character &.
l.242   $\int \frac{1}{x^2 - a^2} \dx$ &
                                         $\frac{1}{2a} \ln\left| \frac{x-a}{...
I can't figure out why you would want to use a tab mark
here. If you just want an ampersand, the remedy is
simple: Just type `I\&' now. But if some right brace
up above has ended a previous alignment prematurely,
you're probably due for more error messages, and you
might try typing `S' now just to see what is salvageable.


Overfull \hbox (33.66135pt too wide) in paragraph at lines 242--242
 []$[] []$ 
 []


Overfull \hbox (46.57942pt too wide) in paragraph at lines 242--242
 [] [] []$ 
 []

! Undefined control sequence.
l.243   $\int \sqrt{a^2+x^2} \dx
                                 $ & $\frac{x}{2}f(x) + \frac{a^2}{2}\ln(x+f...
The control sequence at the end of the top line
of your error message was never \def'ed. If you have
misspelled it (e.g., `\hobx'), type `I' and the correct
spelling (e.g., `I\hbox'). Otherwise just continue,
and I'll forget about whatever was undefined.

! Misplaced alignment tab character &.
l.243   $\int \sqrt{a^2+x^2} \dx $ &
                                     $\frac{x}{2}f(x) + \frac{a^2}{2}\ln(x+f...
I can't figure out why you would want to use a tab mark
here. If you just want an ampersand, the remedy is
simple: Just type `I\&' now. But if some right brace
up above has ended a previous alignment prematurely,
you're probably due for more error messages, and you
might try typing `S' now just to see what is salvageable.


Overfull \hbox (48.86221pt too wide) in paragraph at lines 243--243
 []$[] []$ 
 []


Overfull \hbox (34.17786pt too wide) in paragraph at lines 243--243
 []\OML/cmm/m/it/10 f\/cmr/m/n/10 (\OML/cmm/m/it/10 x\/cmr/m/n/10 ) + 
 []


Overfull \hbox (38.02243pt too wide) in paragraph at lines 243--243
 [] []\/cmr/m/n/10 (\OML/cmm/m/it/10 x \/cmr/m/n/10 + 
 []


Overfull \hbox (23.35423pt too wide) in paragraph at lines 243--243
 \OML/cmm/m/it/10 f\/cmr/m/n/10 (\OML/cmm/m/it/10 x\/cmr/m/n/10 ))$ 
 []

! Misplaced alignment tab character &.
l.249   $\int \frac{1}{(x+a)^2}dx$&
                                    $-\frac{1}{a+x}$ \\
I can't figure out why you would want to use a tab mark
here. If you just want an ampersand, the remedy is
simple: Just type `I\&' now. But if some right brace
up above has ended a previous alignment prematurely,
you're probably due for more error messages, and you
might try typing `S' now just to see what is salvageable.


Overfull \hbox (46.81758pt too wide) in paragraph at lines 249--249
 []$[] []\OML/cmm/m/it/10 dx$ 
 []


Overfull \hbox (25.18909pt too wide) in paragraph at lines 249--249
 \OMS/cmsy/m/n/10 ^^@[]$ 
 []

! Misplaced alignment tab character &.
l.250 $\int \frac{1}{(x+a)^3}dx$&
                                  $-\frac{1}{2(a+x)^2}$ \\
I can't figure out why you would want to use a tab mark
here. If you just want an ampersand, the remedy is
simple: Just type `I\&' now. But if some right brace
up above has ended a previous alignment prematurely,
you're probably due for more error messages, and you
might try typing `S' now just to see what is salvageable.


Overfull \hbox (46.81758pt too wide) in paragraph at lines 250--250
 []$[] []\OML/cmm/m/it/10 dx$ 
 []


Overfull \hbox (39.32808pt too wide) in paragraph at lines 250--250
 \OMS/cmsy/m/n/10 ^^@[]$ 
 []

! Misplaced alignment tab character &.
l.251 $\int \frac{1}{(x+a)^t}dx$&
                                  $\frac{1}{(1-t)(x+a)^{t+1}}$ \\
I can't figure out why you would want to use a tab mark
here. If you just want an ampersand, the remedy is
simple: Just type `I\&' now. But if some right brace
up above has ended a previous alignment prematurely,
you're probably due for more error messages, and you
might try typing `S' now just to see what is salvageable.


Overfull \hbox (46.23306pt too wide) in paragraph at lines 251--251
 []$[] []\OML/cmm/m/it/10 dx$ 
 []


Overfull \hbox (55.02846pt too wide) in paragraph at lines 251--251
 []$ 
 []

! Misplaced alignment tab character &.
l.252 $\int \frac{x}{(x+a)^2}dx$&
                                  $\frac{a}{a+x}+\log |a+x|$ \\
I can't figure out why you would want to use a tab mark
here. If you just want an ampersand, the remedy is
simple: Just type `I\&' now. But if some right brace
up above has ended a previous alignment prematurely,
you're probably due for more error messages, and you
might try typing `S' now just to see what is salvageable.


Overfull \hbox (46.81758pt too wide) in paragraph at lines 252--252
 []$[] []\OML/cmm/m/it/10 dx$ 
 []


Overfull \hbox (25.18909pt too wide) in paragraph at lines 252--252
 [] \/cmr/m/n/10 + 
 []


Overfull \hbox (30.42479pt too wide) in paragraph at lines 252--252
 [] \OMS/cmsy/m/n/10 j\OML/cmm/m/it/10 a \/cmr/m/n/10 + 
 []


Overfull \hbox (8.49306pt too wide) in paragraph at lines 252--252
 \OML/cmm/m/it/10 x\OMS/cmsy/m/n/10 j$ 
 []

! Misplaced alignment tab character &.
l.253 $\int \frac{x}{(x+a)^3}dx$&
                                  $-\frac{a+2x}{2(a+x)^2}$ \\
I can't figure out why you would want to use a tab mark
here. If you just want an ampersand, the remedy is
simple: Just type `I\&' now. But if some right brace
up above has ended a previous alignment prematurely,
you're probably due for more error messages, and you
might try typing `S' now just to see what is salvageable.


Overfull \hbox (46.81758pt too wide) in paragraph at lines 253--253
 []$[] []\OML/cmm/m/it/10 dx$ 
 []


Overfull \hbox (39.32808pt too wide) in paragraph at lines 253--253
 \OMS/cmsy/m/n/10 ^^@[]$ 
 []

! Misplaced alignment tab character &.
l.254 $\int \frac{1}{ax^2+bx+c}dx$&
                                    $\frac{2 \arctan\left(\frac{2ax+b}{\sqrt...
I can't figure out why you would want to use a tab mark
here. If you just want an ampersand, the remedy is
simple: Just type `I\&' now. But if some right brace
up above has ended a previous alignment prematurely,
you're probably due for more error messages, and you
might try typing `S' now just to see what is salvageable.


Overfull \hbox (58.3316pt too wide) in paragraph at lines 254--254
 []$[] []\OML/cmm/m/it/10 dx$ 
 []


Overfull \hbox (73.86868pt too wide) in paragraph at lines 254--254
 []$ 
 []

! Misplaced alignment tab character &.
l.256   $\int \sin(kx)\cdot \cos(kx)dx$ &
                                          $-\frac{1}{4k}\cos(2kx)=\frac{-(\c...
I can't figure out why you would want to use a tab mark
here. If you just want an ampersand, the remedy is
simple: Just type `I\&' now. But if some right brace
up above has ended a previous alignment prematurely,
you're probably due for more error messages, and you
might try typing `S' now just to see what is salvageable.


Overfull \hbox (42.4028pt too wide) in paragraph at lines 256--256
 []$[] []\/cmr/m/n/10 (\OML/cmm/m/it/10 kx\/cmr/m/n/10 ) \OMS/cmsy/m/n/10 ^^A 
 []


Overfull \hbox (43.32295pt too wide) in paragraph at lines 256--256
 []\/cmr/m/n/10 (\OML/cmm/m/it/10 kx\/cmr/m/n/10 )\OML/cmm/m/it/10 dx$ 
 []


Overfull \hbox (68.20906pt too wide) in paragraph at lines 256--256
 \OMS/cmsy/m/n/10 ^^@[] []\/cmr/m/n/10 (2\OML/cmm/m/it/10 kx\/cmr/m/n/10 ) = 
 []


Overfull \hbox (40.29741pt too wide) in paragraph at lines 256--256
 []$ 
 []

! Misplaced alignment tab character &.
l.260  $\int \cos^n(x) d x$ &
                              $\frac{n-1}{n} \int \cos^{n-2}(x) d x+\frac{\c...
I can't figure out why you would want to use a tab mark
here. If you just want an ampersand, the remedy is
simple: Just type `I\&' now. But if some right brace
up above has ended a previous alignment prematurely,
you're probably due for more error messages, and you
might try typing `S' now just to see what is salvageable.


Overfull \hbox (51.57874pt too wide) in paragraph at lines 260--260
 []$[] [][]\/cmr/m/n/10 (\OML/cmm/m/it/10 x\/cmr/m/n/10 )\OML/cmm/m/it/10 dx$ 
 []


Overfull \hbox (88.83878pt too wide) in paragraph at lines 260--260
 [] [] [][]\/cmr/m/n/10 (\OML/cmm/m/it/10 x\/cmr/m/n/10 )\OML/cmm/m/it/10 dx \/
cmr/m/n/10 + 
 []


Overfull \hbox (59.61725pt too wide) in paragraph at lines 260--260
 []$ 
 []

! Misplaced alignment tab character &.
l.261 $ \int \sin^n(x) d x $ &
                               $\frac{n-1}{n} \int \sin ^{n-2}(x) d x-\frac{...
I can't figure out why you would want to use a tab mark
here. If you just want an ampersand, the remedy is
simple: Just type `I\&' now. But if some right brace
up above has ended a previous alignment prematurely,
you're probably due for more error messages, and you
might try typing `S' now just to see what is salvageable.


Overfull \hbox (50.46764pt too wide) in paragraph at lines 261--261
 []$[] [][]\/cmr/m/n/10 (\OML/cmm/m/it/10 x\/cmr/m/n/10 )\OML/cmm/m/it/10 dx$ 
 []


Overfull \hbox (87.72768pt too wide) in paragraph at lines 261--261
 [] [] [][]\/cmr/m/n/10 (\OML/cmm/m/it/10 x\/cmr/m/n/10 )\OML/cmm/m/it/10 dx \O
MS/cmsy/m/n/10 ^^@ 
 []


Overfull \hbox (59.61725pt too wide) in paragraph at lines 261--261
 []$ 
 []

! Misplaced alignment tab character &.
l.264 $\int \sin \cos dx$ &
                            $\frac{-1}{2}\cos^2$\\
I can't figure out why you would want to use a tab mark
here. If you just want an ampersand, the remedy is
simple: Just type `I\&' now. But if some right brace
up above has ended a previous alignment prematurely,
you're probably due for more error messages, and you
might try typing `S' now just to see what is salvageable.


Overfull \hbox (48.25339pt too wide) in paragraph at lines 264--264
 []$[] [] [] \OML/cmm/m/it/10 dx$ 
 []


Overfull \hbox (32.1778pt too wide) in paragraph at lines 264--264
 [] [][]$ 
 []

! Misplaced alignment tab character &.
l.265   $\int \frac{\cos}{ \sin} dx$ &
                                       $\log(\cos(x))$\\
I can't figure out why you would want to use a tab mark
here. If you just want an ampersand, the remedy is
simple: Just type `I\&' now. But if some right brace
up above has ended a previous alignment prematurely,
you're probably due for more error messages, and you
might try typing `S' now just to see what is salvageable.


Overfull \hbox (32.3632pt too wide) in paragraph at lines 265--265
 []$[] []\OML/cmm/m/it/10 dx$ 
 []


Overfull \hbox (47.57646pt too wide) in paragraph at lines 265--265
 []\/cmr/m/n/10 ([](\OML/cmm/m/it/10 x\/cmr/m/n/10 ))$ 
 []

! Undefined control sequence.
l.267   \bottomrule
                   
The control sequence at the end of the top line
of your error message was never \def'ed. If you have
misspelled it (e.g., `\hobx'), type `I' and the correct
spelling (e.g., `I\hbox'). Otherwise just continue,
and I'll forget about whatever was undefined.


! LaTeX Error: \begin{center} on input line 228 ended by \end{tabularx}.

See the LaTeX manual or LaTeX Companion for explanation.
Type  H <return>  for immediate help.
 ...                                              
                                                  
l.268  \end{tabularx}
                     
Your command was ignored.
Type  I <command> <return>  to replace it with another command,
or  <return>  to continue without it.


Overfull \hbox (20.0pt too wide) in paragraph at lines 272--272
[] 
 []

! Misplaced \noalign.
\hline ->\noalign 
                  {\ifnum 0=`}\fi \hrule \@height \arrayrulewidth \futurelet...
l.273 \vspace{1mm} \hline
                          \vspace{1mm}
I expect to see \noalign only after the \cr of
an alignment. Proceed, and I'll ignore this case.

! Undefined control sequence.
l.274 \subparagraph
                   {Integration durch Substitution}
The control sequence at the end of the top line
of your error message was never \def'ed. If you have
misspelled it (e.g., `\hobx'), type `I' and the correct
spelling (e.g., `I\hbox'). Otherwise just continue,
and I'll forget about whatever was undefined.

Missing character: There is no I in font nullfont!
Missing character: There is no n in font nullfont!
Missing character: There is no t in font nullfont!
Missing character: There is no e in font nullfont!
Missing character: There is no g in font nullfont!
Missing character: There is no r in font nullfont!
Missing character: There is no a in font nullfont!
Missing character: There is no t in font nullfont!
Missing character: There is no i in font nullfont!
Missing character: There is no o in font nullfont!
Missing character: There is no n in font nullfont!
Missing character: There is no d in font nullfont!
Missing character: There is no u in font nullfont!
Missing character: There is no r in font nullfont!
Missing character: There is no c in font nullfont!
Missing character: There is no h in font nullfont!
Missing character: There is no S in font nullfont!
Missing character: There is no u in font nullfont!
Missing character: There is no b in font nullfont!
Missing character: There is no s in font nullfont!
Missing character: There is no t in font nullfont!
Missing character: There is no i in font nullfont!
Missing character: There is no t in font nullfont!
Missing character: There is no u in font nullfont!
Missing character: There is no t in font nullfont!
Missing character: There is no i in font nullfont!
Missing character: There is no o in font nullfont!
Missing character: There is no n in font nullfont!
Missing character: There is no B in font nullfont!
Missing character: There is no e in font nullfont!
Missing character: There is no i in font nullfont!
Missing character: There is no s in font nullfont!
Missing character: There is no p in font nullfont!
Missing character: There is no i in font nullfont!
Missing character: There is no e in font nullfont!
Missing character: There is no l in font nullfont!
Missing character: There is no 1 in font nullfont!
Missing character: There is no : in font nullfont!
Missing character: There is no B in font nullfont!
Missing character: There is no e in font nullfont!
Missing character: There is no r in font nullfont!
Missing character: There is no e in font nullfont!
Missing character: There is no c in font nullfont!
Missing character: There is no h in font nullfont!
Missing character: There is no n in font nullfont!
Missing character: There is no e in font nullfont!

Overfull \hbox (60.18343pt too wide) detected at line 276
[][] []
 []

Missing character: There is no I in font nullfont!
Missing character: There is no n in font nullfont!
Missing character: There is no t in font nullfont!
Missing character: There is no e in font nullfont!
Missing character: There is no g in font nullfont!
Missing character: There is no r in font nullfont!
Missing character: There is no a in font nullfont!
Missing character: There is no t in font nullfont!
Missing character: There is no i in font nullfont!
Missing character: There is no o in font nullfont!
Missing character: There is no n in font nullfont!
Missing character: There is no d in font nullfont!
Missing character: There is no u in font nullfont!
Missing character: There is no r in font nullfont!
Missing character: There is no c in font nullfont!
Missing character: There is no h in font nullfont!
Missing character: There is no S in font nullfont!
Missing character: There is no u in font nullfont!
Missing character: There is no b in font nullfont!
Missing character: There is no s in font nullfont!
Missing character: There is no t in font nullfont!
Missing character: There is no i in font nullfont!
Missing character: There is no t in font nullfont!
Missing character: There is no u in font nullfont!
Missing character: There is no t in font nullfont!
Missing character: There is no i in font nullfont!
Missing character: There is no o in font nullfont!
Missing character: There is no n in font nullfont!
Missing character: There is no , in font nullfont!
Missing character: There is no w in font nullfont!
Missing character: There is no o in font nullfont!
Missing character: There is no b in font nullfont!
Missing character: There is no e in font nullfont!
Missing character: There is no i in font nullfont!
Missing character: There is no g in font nullfont!
Missing character: There is no i in font nullfont!
Missing character: There is no l in font nullfont!
Missing character: There is no t in font nullfont!

Overfull \hbox (30.02084pt too wide) in paragraph at lines 279--280
\OML/cmm/m/it/10 f\/cmr/m/n/10 (\OML/cmm/m/it/10 x\/cmr/m/n/10 ) = 
 []


Overfull \hbox (5.71527pt too wide) in paragraph at lines 279--280
\OML/cmm/m/it/10 x$  
 []


Overfull \hbox (29.17705pt too wide) in paragraph at lines 280--281
\OML/cmm/m/it/10 g\/cmr/m/n/10 (\OML/cmm/m/it/10 x\/cmr/m/n/10 ) = 
 []


Overfull \hbox (37.93759pt too wide) in paragraph at lines 280--281
[]\/cmr/m/n/10 ([](\OML/cmm/m/it/10 x\/cmr/m/n/10 ))$  
 []


Overfull \hbox (31.9826pt too wide) in paragraph at lines 281--282
\OML/cmm/m/it/10 g[]\/cmr/m/n/10 (\OML/cmm/m/it/10 x\/cmr/m/n/10 ) = 
 []


Overfull \hbox (25.76581pt too wide) in paragraph at lines 281--282
[]$  
 []

Missing character: There is no u in font nullfont!
Missing character: There is no n in font nullfont!
Missing character: There is no d in font nullfont!
Missing character: There is no s in font nullfont!
Missing character: There is no o in font nullfont!
Missing character: There is no m in font nullfont!
Missing character: There is no i in font nullfont!
Missing character: There is no t in font nullfont!
Missing character: There is no g in font nullfont!
Missing character: There is no i in font nullfont!
Missing character: There is no l in font nullfont!
Missing character: There is no t in font nullfont!

Overfull \hbox (122.888pt too wide) detected at line 284
[][] \OML/cmm/m/it/10 f\/cmr/m/n/10 (\OML/cmm/m/it/10 y\/cmr/m/n/10 )\OML/cmm/m
/it/10 dy \/cmr/m/n/10 = [][] \OML/cmm/m/it/10 xdx \/cmr/m/n/10 = []
 []

Missing character: There is no B in font nullfont!
Missing character: There is no e in font nullfont!
Missing character: There is no i in font nullfont!
Missing character: There is no s in font nullfont!
Missing character: There is no p in font nullfont!
Missing character: There is no i in font nullfont!
Missing character: There is no e in font nullfont!
Missing character: There is no l in font nullfont!
Missing character: There is no 2 in font nullfont!
Missing character: There is no : in font nullfont!
Missing character: There is no G in font nullfont!
Missing character: There is no e in font nullfont!
Missing character: There is no g in font nullfont!
Missing character: There is no e in font nullfont!
Missing character: There is no b in font nullfont!
Missing character: There is no e in font nullfont!
Missing character: There is no n in font nullfont!
Missing character: There is no s in font nullfont!
Missing character: There is no e in font nullfont!
Missing character: There is no i in font nullfont!

Overfull \hbox (71.87906pt too wide) detected at line 286
[] []
 []

Missing character: There is no W in font nullfont!
Missing character: There is no i in font nullfont!
Missing character: There is no r in font nullfont!
Missing character: There is no f in font nullfont!
Missing character: There is no o in font nullfont!
Missing character: There is no r in font nullfont!
Missing character: There is no m in font nullfont!
Missing character: There is no e in font nullfont!
Missing character: There is no n in font nullfont!
Missing character: There is no u in font nullfont!
Missing character: There is no m in font nullfont!
Missing character: There is no z in font nullfont!
Missing character: There is no u in font nullfont!
Missing character: There is no u in font nullfont!
Missing character: There is no n in font nullfont!
Missing character: There is no d in font nullfont!
Missing character: There is no s in font nullfont!
Missing character: There is no o in font nullfont!
Missing character: There is no m in font nullfont!
Missing character: There is no i in font nullfont!
Missing character: There is no t in font nullfont!
Missing character: There is no h in font nullfont!
Missing character: There is no a in font nullfont!
Missing character: There is no b in font nullfont!
Missing character: There is no e in font nullfont!
Missing character: There is no n in font nullfont!
Missing character: There is no w in font nullfont!
Missing character: There is no i in font nullfont!
Missing character: There is no r in font nullfont!
Missing character: There is no u in font nullfont!
Missing character: There is no n in font nullfont!
Missing character: There is no d in font nullfont!
Missing character: There is no . in font nullfont!
Missing character: There is no W in font nullfont!
Missing character: There is no i in font nullfont!
Missing character: There is no r in font nullfont!
Missing character: There is no i in font nullfont!
Missing character: There is no n in font nullfont!
Missing character: There is no t in font nullfont!
Missing character: There is no e in font nullfont!
Missing character: There is no g in font nullfont!
Missing character: There is no r in font nullfont!
Missing character: There is no i in font nullfont!
Missing character: There is no e in font nullfont!
Missing character: There is no r in font nullfont!
Missing character: There is no e in font nullfont!
Missing character: There is no n in font nullfont!

Overfull \hbox (61.44667pt too wide) in paragraph at lines 286--289
    $[] [] \/cmr/m/n/10 = 
 []


Overfull \hbox (30.93037pt too wide) in paragraph at lines 286--289
[]$ 
 []


Overfull \hbox (16.28009pt too wide) in paragraph at lines 286--289
\OML/cmm/m/it/10 u \/cmr/m/n/10 = 
 []


Overfull \hbox (21.3577pt too wide) in paragraph at lines 286--289
\/cmr/m/n/10 (\OML/cmm/m/it/10 e[] \/cmr/m/n/10 + 
 []


Overfull \hbox (8.88892pt too wide) in paragraph at lines 286--289
\/cmr/m/n/10 1)$ 
 []


Overfull \hbox (21.48495pt too wide) in paragraph at lines 286--289
\OML/cmm/m/it/10 du \/cmr/m/n/10 = 
 []


Overfull \hbox (9.691pt too wide) in paragraph at lines 286--289
\OML/cmm/m/it/10 e[]$ 
 []


Overfull \hbox (200.07883pt too wide) detected at line 289
[] [] \/cmr/m/n/10 = [] []\OML/cmm/m/it/10 du \/cmr/m/n/10 = \OMS/cmsy/m/n/10 ^
^@[] \/cmr/m/n/10 = \OMS/cmsy/m/n/10 ^^@[]
 []

Missing character: There is no B in font nullfont!
Missing character: There is no e in font nullfont!
Missing character: There is no i in font nullfont!
Missing character: There is no s in font nullfont!
Missing character: There is no p in font nullfont!
Missing character: There is no i in font nullfont!
Missing character: There is no e in font nullfont!
Missing character: There is no l in font nullfont!
Missing character: There is no 3 in font nullfont!
Missing character: There is no : in font nullfont!

Overfull \hbox (58.83049pt too wide) detected at line 291
[] []
 []

Missing character: There is no . in font nullfont!
Missing character: There is no W in font nullfont!
Missing character: There is no i in font nullfont!
Missing character: There is no r in font nullfont!
Missing character: There is no s in font nullfont!
Missing character: There is no u in font nullfont!
Missing character: There is no b in font nullfont!
Missing character: There is no s in font nullfont!
Missing character: There is no t in font nullfont!
Missing character: There is no i in font nullfont!
Missing character: There is no t in font nullfont!
Missing character: There is no u in font nullfont!
Missing character: There is no i in font nullfont!
Missing character: There is no e in font nullfont!
Missing character: There is no r in font nullfont!
Missing character: There is no e in font nullfont!
Missing character: There is no n in font nullfont!
Missing character: There is no u in font nullfont!
Missing character: There is no n in font nullfont!
Missing character: There is no d in font nullfont!
Missing character: There is no u in font nullfont!
Missing character: There is no n in font nullfont!
Missing character: There is no d in font nullfont!
Missing character: There is no s in font nullfont!
Missing character: There is no o in font nullfont!
Missing character: There is no m in font nullfont!
Missing character: There is no i in font nullfont!
Missing character: There is no t in font nullfont!
Missing character: There is no i in font nullfont!
Missing character: There is no s in font nullfont!
Missing character: There is no t in font nullfont!
Missing character: There is no . in font nullfont!
Missing character: There is no E in font nullfont!
Missing character: There is no s in font nullfont!
Missing character: There is no f in font nullfont!
Missing character: There is no o in font nullfont!
Missing character: There is no l in font nullfont!
Missing character: There is no g in font nullfont!
Missing character: There is no t in font nullfont!

Overfull \hbox (16.28009pt too wide) in paragraph at lines 291--291
   $\OML/cmm/m/it/10 u \/cmr/m/n/10 = 
 []


Overfull \hbox (14.04863pt too wide) in paragraph at lines 291--291
[]$ 
 []


Overfull \hbox (21.48495pt too wide) in paragraph at lines 291--291
\OML/cmm/m/it/10 du \/cmr/m/n/10 = 
 []


Overfull \hbox (28.41046pt too wide) in paragraph at lines 291--291
[]\OML/cmm/m/it/10 dx$ 
 []


Overfull \hbox (14.88307pt too wide) in paragraph at lines 291--291
\OML/cmm/m/it/10 c \/cmr/m/n/10 = 
 []


Overfull \hbox (19.16385pt too wide) in paragraph at lines 291--291
[] \OMS/cmsy/m/n/10 ) 
 []


Overfull \hbox (25.61922pt too wide) in paragraph at lines 291--291
\OML/cmm/m/it/10 c[] \/cmr/m/n/10 = 
 []


Overfull \hbox (5.00002pt too wide) in paragraph at lines 291--291
\/cmr/m/n/10 2$ 
 []


Overfull \hbox (183.36871pt too wide) detected at line 291
[] []\OML/cmm/m/it/10 du \/cmr/m/n/10 = 2 [](\OML/cmm/m/it/10 u\/cmr/m/n/10 ) =
 2 []([])
 []

Missing character: There is no B in font nullfont!
Missing character: There is no e in font nullfont!
Missing character: There is no i in font nullfont!
Missing character: There is no s in font nullfont!
Missing character: There is no p in font nullfont!
Missing character: There is no i in font nullfont!
Missing character: There is no e in font nullfont!
Missing character: There is no l in font nullfont!
Missing character: There is no 4 in font nullfont!
Missing character: There is no : in font nullfont!

Overfull \hbox (73.5868pt too wide) detected at line 293
[][] \OML/cmm/m/it/10 x []\/cmr/m/n/10 (\OML/cmm/m/it/10 x\/cmr/m/n/10 )\OML/cm
m/m/it/10 dx
 []

Missing character: There is no W in font nullfont!
Missing character: There is no i in font nullfont!
Missing character: There is no r in font nullfont!
Missing character: There is no s in font nullfont!
Missing character: There is no u in font nullfont!
Missing character: There is no b in font nullfont!
Missing character: There is no s in font nullfont!
Missing character: There is no t in font nullfont!
Missing character: There is no i in font nullfont!
Missing character: There is no t in font nullfont!
Missing character: There is no u in font nullfont!
Missing character: There is no i in font nullfont!
Missing character: There is no e in font nullfont!
Missing character: There is no r in font nullfont!
Missing character: There is no e in font nullfont!
Missing character: There is no n in font nullfont!
Missing character: There is no : in font nullfont!

Overfull \hbox (67.2384pt too wide) in paragraph at lines 296--297
\OML/cmm/m/it/10 u []\/cmr/m/n/10 (\OML/cmm/m/it/10 x\/cmr/m/n/10 )\OML/cmm/m/i
t/10 ; x \/cmr/m/n/10 = 
 []


Overfull \hbox (25.78018pt too wide) in paragraph at lines 296--297
[]\/cmr/m/n/10 (\OML/cmm/m/it/10 u\/cmr/m/n/10 )$  
 []


Overfull \hbox (21.47565pt too wide) in paragraph at lines 297--298
\OML/cmm/m/it/10 dx \/cmr/m/n/10 = 
 []


Overfull \hbox (37.82072pt too wide) in paragraph at lines 297--298
[]\/cmr/m/n/10 (\OML/cmm/m/it/10 u\/cmr/m/n/10 )\OML/cmm/m/it/10 du$  
 []

Missing character: There is no u in font nullfont!
Missing character: There is no n in font nullfont!
Missing character: There is no d in font nullfont!
Missing character: There is no e in font nullfont!
Missing character: There is no r in font nullfont!
Missing character: There is no h in font nullfont!
Missing character: There is no a in font nullfont!
Missing character: There is no l in font nullfont!
Missing character: There is no t in font nullfont!
Missing character: There is no e in font nullfont!
Missing character: There is no n in font nullfont!
Missing character: There is no : in font nullfont!

Overfull \hbox (265.23584pt too wide) detected at line 300
[][] []\/cmr/m/n/10 (\OML/cmm/m/it/10 u\/cmr/m/n/10 ) []([](\OML/cmm/m/it/10 u\
/cmr/m/n/10 )) [](\OML/cmm/m/it/10 u\/cmr/m/n/10 ) = [][] [](\OML/cmm/m/it/10 u
\/cmr/m/n/10 ) \OMS/cmsy/m/n/10 ^^A \OML/cmm/m/it/10 u \OMS/cmsy/m/n/10 ^^A []\
/cmr/m/n/10 (\OML/cmm/m/it/10 u\/cmr/m/n/10 )\OML/cmm/m/it/10 du
 []

Missing character: There is no W in font nullfont!
Missing character: There is no i in font nullfont!
Missing character: There is no r in font nullfont!
Missing character: There is no v in font nullfont!
Missing character: There is no e in font nullfont!
Missing character: There is no r in font nullfont!
Missing character: There is no s in font nullfont!
Missing character: There is no u in font nullfont!
Missing character: There is no c in font nullfont!
Missing character: There is no h in font nullfont!
Missing character: There is no e in font nullfont!
Missing character: There is no n in font nullfont!
Missing character: There is no n in font nullfont!
Missing character: There is no u in font nullfont!
Missing character: There is no n in font nullfont!
Missing character: There is no m in font nullfont!
Missing character: There is no i in font nullfont!
Missing character: There is no t in font nullfont!
Missing character: There is no p in font nullfont!
Missing character: There is no a in font nullfont!
Missing character: There is no r in font nullfont!
Missing character: There is no t in font nullfont!
Missing character: There is no i in font nullfont!
Missing character: There is no e in font nullfont!
Missing character: There is no l in font nullfont!
Missing character: There is no l in font nullfont!
Missing character: There is no e in font nullfont!
Missing character: There is no I in font nullfont!
Missing character: There is no n in font nullfont!
Missing character: There is no t in font nullfont!
Missing character: There is no e in font nullfont!
Missing character: There is no g in font nullfont!
Missing character: There is no r in font nullfont!
Missing character: There is no a in font nullfont!
Missing character: There is no t in font nullfont!
Missing character: There is no i in font nullfont!
Missing character: There is no o in font nullfont!
Missing character: There is no n in font nullfont!
Missing character: There is no z in font nullfont!
Missing character: There is no w in font nullfont!
Missing character: There is no e in font nullfont!
Missing character: There is no i in font nullfont!
Missing character: There is no F in font nullfont!
Missing character: There is no u in font nullfont!
Missing character: There is no n in font nullfont!
Missing character: There is no k in font nullfont!
Missing character: There is no t in font nullfont!
Missing character: There is no i in font nullfont!
Missing character: There is no o in font nullfont!
Missing character: There is no n in font nullfont!
Missing character: There is no e in font nullfont!
Missing character: There is no n in font nullfont!
Missing character: There is no z in font nullfont!
Missing character: There is no u in font nullfont!
Missing character: There is no f in font nullfont!
Missing character: There is no i in font nullfont!
Missing character: There is no n in font nullfont!
Missing character: There is no d in font nullfont!
Missing character: There is no e in font nullfont!
Missing character: There is no n in font nullfont!
Missing character: There is no , in font nullfont!
Missing character: There is no d in font nullfont!
Missing character: There is no i in font nullfont!
Missing character: There is no e in font nullfont!
Missing character: There is no d in font nullfont!
Missing character: There is no a in font nullfont!
Missing character: There is no s in font nullfont!
Missing character: There is no I in font nullfont!
Missing character: There is no n in font nullfont!
Missing character: There is no t in font nullfont!
Missing character: There is no e in font nullfont!
Missing character: There is no g in font nullfont!
Missing character: There is no r in font nullfont!
Missing character: There is no a in font nullfont!
Missing character: There is no l in font nullfont!
Missing character: There is no v in font nullfont!
Missing character: There is no e in font nullfont!
Missing character: There is no r in font nullfont!
Missing character: There is no e in font nullfont!
Missing character: There is no i in font nullfont!
Missing character: There is no n in font nullfont!
Missing character: There is no f in font nullfont!
Missing character: There is no a in font nullfont!
Missing character: There is no c in font nullfont!
Missing character: There is no h in font nullfont!
Missing character: There is no e in font nullfont!
Missing character: There is no n in font nullfont!
Missing character: There is no . in font nullfont!
Missing character: There is no W in font nullfont!
Missing character: There is no i in font nullfont!
Missing character: There is no r in font nullfont!
Missing character: There is no b in font nullfont!
Missing character: There is no e in font nullfont!
Missing character: There is no m in font nullfont!
Missing character: There is no e in font nullfont!
Missing character: There is no r in font nullfont!
Missing character: There is no k in font nullfont!
Missing character: There is no e in font nullfont!
Missing character: There is no n in font nullfont!
Missing character: There is no , in font nullfont!
Missing character: There is no d in font nullfont!
Missing character: There is no a in font nullfont!
Missing character: There is no s in font nullfont!
Missing character: There is no s in font nullfont!
Missing character: There is no d in font nullfont!
Missing character: There is no i in font nullfont!
Missing character: There is no e in font nullfont!
Missing character: There is no F in font nullfont!
Missing character: There is no u in font nullfont!
Missing character: There is no n in font nullfont!
Missing character: There is no k in font nullfont!
Missing character: There is no t in font nullfont!
Missing character: There is no i in font nullfont!
Missing character: There is no o in font nullfont!
Missing character: There is no n in font nullfont!
Missing character: There is no a in font nullfont!
Missing character: There is no b in font nullfont!
Missing character: There is no g in font nullfont!
Missing character: There is no e in font nullfont!
Missing character: There is no l in font nullfont!
Missing character: There is no e in font nullfont!
Missing character: There is no i in font nullfont!
Missing character: There is no t in font nullfont!
Missing character: There is no e in font nullfont!
Missing character: There is no t in font nullfont!
Missing character: There is no e in font nullfont!
Missing character: There is no r in font nullfont!
Missing character: There is no g in font nullfont!
Missing character: There is no i in font nullfont!
Missing character: There is no b in font nullfont!
Missing character: There is no t in font nullfont!
Missing character: There is no u in font nullfont!
Missing character: There is no n in font nullfont!
Missing character: There is no d in font nullfont!
Missing character: There is no w in font nullfont!
Missing character: There is no i in font nullfont!
Missing character: There is no r in font nullfont!
Missing character: There is no s in font nullfont!
Missing character: There is no o in font nullfont!
Missing character: There is no m in font nullfont!
Missing character: There is no i in font nullfont!
Missing character: There is no t in font nullfont!
Missing character: There is no n in font nullfont!
Missing character: There is no u in font nullfont!
Missing character: There is no r in font nullfont!
Missing character: There is no n in font nullfont!
Missing character: There is no o in font nullfont!
Missing character: There is no c in font nullfont!
Missing character: There is no h in font nullfont!
Missing character: There is no " in font nullfont!
Missing character: There is no i in font nullfont!
Missing character: There is no n in font nullfont!
Missing character: There is no t in font nullfont!
Missing character: There is no e in font nullfont!
Missing character: There is no g in font nullfont!
Missing character: There is no r in font nullfont!
Missing character: There is no i in font nullfont!
Missing character: There is no e in font nullfont!
Missing character: There is no r in font nullfont!
Missing character: There is no e in font nullfont!
Missing character: There is no n in font nullfont!
Missing character: There is no m in font nullfont!
Missing character: There is no s in font nullfont!
Missing character: There is no s in font nullfont!
Missing character: There is no e in font nullfont!
Missing character: There is no n in font nullfont!
Missing character: There is no " in font nullfont!
Missing character: There is no . in font nullfont!
Missing character: There is no D in font nullfont!
Missing character: There is no e in font nullfont!
Missing character: There is no n in font nullfont!
Missing character: There is no n in font nullfont!
Missing character: There is no w in font nullfont!
Missing character: There is no e in font nullfont!
Missing character: There is no n in font nullfont!
Missing character: There is no n in font nullfont!
Missing character: There is no u in font nullfont!
Missing character: There is no n in font nullfont!
Missing character: There is no d in font nullfont!
Missing character: There is no s in font nullfont!
Missing character: There is no o in font nullfont!
Missing character: There is no m in font nullfont!
Missing character: There is no i in font nullfont!
Missing character: There is no t in font nullfont!
Missing character: There is no g in font nullfont!
Missing character: There is no i in font nullfont!
Missing character: There is no l in font nullfont!
Missing character: There is no t in font nullfont!
Missing character: There is no e in font nullfont!
Missing character: There is no r in font nullfont!
Missing character: There is no g in font nullfont!
Missing character: There is no i in font nullfont!
Missing character: There is no b in font nullfont!
Missing character: There is no t in font nullfont!
Missing character: There is no d in font nullfont!
Missing character: There is no a in font nullfont!
Missing character: There is no s in font nullfont!
Missing character: There is no : in font nullfont!

Overfull \hbox (5.72458pt too wide) in paragraph at lines 300--302
                   $\OML/cmm/m/it/10 u$ 
 []


Overfull \hbox (5.00002pt too wide) in paragraph at lines 300--302
\/cmr/m/n/10 1$ 
 []


Overfull \hbox (27.33333pt too wide) in paragraph at lines 300--302
[] []$ 
 []


Overfull \hbox (5.55557pt too wide) in paragraph at lines 300--302
\/cmr/m/n/10 ^^?u 
 []


Overfull \hbox (29.18636pt too wide) in paragraph at lines 300--302
\OML/cmm/m/it/10 g\/cmr/m/n/10 (\OML/cmm/m/it/10 u\/cmr/m/n/10 ) = 
 []


Overfull \hbox (5.72458pt too wide) in paragraph at lines 300--302
\OML/cmm/m/it/10 u$ 
 []


Overfull \hbox (31.99191pt too wide) in paragraph at lines 300--302
\OML/cmm/m/it/10 g[]\/cmr/m/n/10 (\OML/cmm/m/it/10 u\/cmr/m/n/10 ) = 
 []


Overfull \hbox (5.00002pt too wide) in paragraph at lines 300--302
\/cmr/m/n/10 1$ 
 []


Overfull \hbox (131.02438pt too wide) detected at line 302
[] \OML/cmm/m/it/10 u []\/cmr/m/n/10 (\OML/cmm/m/it/10 u\/cmr/m/n/10 ) [](\OML/
cmm/m/it/10 u\/cmr/m/n/10 ) = \OML/cmm/m/it/10 fg \OMS/cmsy/m/n/10 ^^@ [] \/cmr
/m/n/10 1 \OMS/cmsy/m/n/10 ^^A \OML/cmm/m/it/10 f
 []

Missing character: There is no D in font nullfont!
Missing character: There is no a in font nullfont!
Missing character: There is no g in font nullfont!
Missing character: There is no i in font nullfont!
Missing character: There is no l in font nullfont!
Missing character: There is no t in font nullfont!
Missing character: There is no b in font nullfont!
Missing character: There is no l in font nullfont!
Missing character: There is no e in font nullfont!
Missing character: There is no i in font nullfont!
Missing character: There is no b in font nullfont!
Missing character: There is no t in font nullfont!
Missing character: There is no n in font nullfont!
Missing character: There is no o in font nullfont!
Missing character: There is no c in font nullfont!
Missing character: There is no h in font nullfont!
Missing character: There is no . in font nullfont!
Missing character: There is no S in font nullfont!
Missing character: There is no o in font nullfont!
Missing character: There is no m in font nullfont!
Missing character: There is no i in font nullfont!
Missing character: There is no t in font nullfont!
Missing character: There is no e in font nullfont!
Missing character: There is no r in font nullfont!
Missing character: There is no g in font nullfont!
Missing character: There is no i in font nullfont!
Missing character: There is no b in font nullfont!
Missing character: There is no t in font nullfont!
Missing character: There is no s in font nullfont!
Missing character: There is no i in font nullfont!
Missing character: There is no c in font nullfont!
Missing character: There is no h in font nullfont!
Missing character: There is no : in font nullfont!

Overfull \hbox (15.68398pt too wide) in paragraph at lines 302--304
  $\OML/cmm/m/it/10 g \/cmr/m/n/10 = 
 []


Overfull \hbox (5.72458pt too wide) in paragraph at lines 302--304
\OML/cmm/m/it/10 u$ 
 []


Overfull \hbox (16.52777pt too wide) in paragraph at lines 302--304
\OML/cmm/m/it/10 f \/cmr/m/n/10 = 
 []


Overfull \hbox (27.33333pt too wide) in paragraph at lines 302--304
[] []$ 
 []


Overfull \hbox (212.01056pt too wide) detected at line 304
[][] [] [] \/cmr/m/n/10 = [][] \OMS/cmsy/m/n/10 ^^@ [][] [] ^^A []
 []

Missing character: There is no N in font nullfont!
Missing character: There is no u in font nullfont!
Missing character: There is no m in font nullfont!
Missing character: There is no e in font nullfont!
Missing character: There is no r in font nullfont!
Missing character: There is no i in font nullfont!
Missing character: There is no s in font nullfont!
Missing character: There is no c in font nullfont!
Missing character: There is no h in font nullfont!
Missing character: There is no e in font nullfont!
Missing character: There is no r in font nullfont!
Missing character: There is no g in font nullfont!
Missing character: There is no i in font nullfont!
Missing character: There is no b in font nullfont!
Missing character: There is no t in font nullfont!
Missing character: There is no d in font nullfont!
Missing character: There is no a in font nullfont!
Missing character: There is no s in font nullfont!
Missing character: There is no f in font nullfont!
Missing character: There is no o in font nullfont!
Missing character: There is no l in font nullfont!
Missing character: There is no g in font nullfont!
Missing character: There is no l in font nullfont!
Missing character: There is no i in font nullfont!
Missing character: There is no c in font nullfont!
Missing character: There is no h in font nullfont!
! Misplaced \noalign.
\hline ->\noalign 
                  {\ifnum 0=`}\fi \hrule \@height \arrayrulewidth \futurelet...
l.306 \vspace{1mm} \hline
                          \vspace{1mm}
I expect to see \noalign only after the \cr of
an alignment. Proceed, and I'll ignore this case.


Overfull \hbox (15.10527pt too wide) in paragraph at lines 304--306
    $[] \OMS/cmsy/m/n/10 ^^@ 
 []


Overfull \hbox (17.88298pt too wide) in paragraph at lines 304--306
[] \/cmr/m/n/10 = 
 []


Overfull \hbox (7.32747pt too wide) in paragraph at lines 304--306
[]$ 
 []

! Undefined control sequence.
l.307 \subparagraph
                   {Partielle Integration: DI-Methode}
The control sequence at the end of the top line
of your error message was never \def'ed. If you have
misspelled it (e.g., `\hobx'), type `I' and the correct
spelling (e.g., `I\hbox'). Otherwise just continue,
and I'll forget about whatever was undefined.

Missing character: There is no P in font nullfont!
Missing character: There is no a in font nullfont!
Missing character: There is no r in font nullfont!
Missing character: There is no t in font nullfont!
Missing character: There is no i in font nullfont!
Missing character: There is no e in font nullfont!
Missing character: There is no l in font nullfont!
Missing character: There is no l in font nullfont!
Missing character: There is no e in font nullfont!
Missing character: There is no I in font nullfont!
Missing character: There is no n in font nullfont!
Missing character: There is no t in font nullfont!
Missing character: There is no e in font nullfont!
Missing character: There is no g in font nullfont!
Missing character: There is no r in font nullfont!
Missing character: There is no a in font nullfont!
Missing character: There is no t in font nullfont!
Missing character: There is no i in font nullfont!
Missing character: There is no o in font nullfont!
Missing character: There is no n in font nullfont!
Missing character: There is no : in font nullfont!
Missing character: There is no D in font nullfont!
Missing character: There is no I in font nullfont!
Missing character: There is no - in font nullfont!
Missing character: There is no M in font nullfont!
Missing character: There is no e in font nullfont!
Missing character: There is no t in font nullfont!
Missing character: There is no h in font nullfont!
Missing character: There is no o in font nullfont!
Missing character: There is no d in font nullfont!
Missing character: There is no e in font nullfont!
Missing character: There is no F in font nullfont!
Missing character: There is no a in font nullfont!
Missing character: There is no l in font nullfont!
Missing character: There is no l in font nullfont!
Missing character: There is no ( in font nullfont!
Missing character: There is no a in font nullfont!
Missing character: There is no ) in font nullfont!
Missing character: There is no : in font nullfont!

Overfull \hbox (83.73946pt too wide) detected at line 310
\OML/cmm/m/it/10 I \/cmr/m/n/10 = [] \OML/cmm/m/it/10 x[] []\/cmr/m/n/10 (3\OML
/cmm/m/it/10 x\/cmr/m/n/10 )\OML/cmm/m/it/10 dx
 []

Missing character: There is no i in font nullfont!
Missing character: There is no n in font nullfont!
Missing character: There is no t in font nullfont!
Missing character: There is no e in font nullfont!
Missing character: There is no g in font nullfont!
Missing character: There is no r in font nullfont!
Missing character: There is no i in font nullfont!
Missing character: There is no e in font nullfont!
Missing character: There is no r in font nullfont!
Missing character: There is no e in font nullfont!
Missing character: There is no n in font nullfont!
Missing character: There is no d in font nullfont!
Missing character: There is no e in font nullfont!
Missing character: There is no : in font nullfont!
Missing character: There is no u in font nullfont!
Missing character: There is no n in font nullfont!
Missing character: There is no d in font nullfont!
Missing character: There is no d in font nullfont!
Missing character: There is no i in font nullfont!
Missing character: There is no f in font nullfont!
Missing character: There is no f in font nullfont!
Missing character: There is no e in font nullfont!
Missing character: There is no r in font nullfont!
Missing character: There is no e in font nullfont!
Missing character: There is no n in font nullfont!
Missing character: There is no z in font nullfont!
Missing character: There is no i in font nullfont!
Missing character: There is no e in font nullfont!
Missing character: There is no r in font nullfont!
Missing character: There is no e in font nullfont!
Missing character: There is no n in font nullfont!
Missing character: There is no d in font nullfont!
Missing character: There is no e in font nullfont!
Missing character: There is no : in font nullfont!

Overfull \hbox (16.52777pt too wide) in paragraph at lines 312--314
\OML/cmm/m/it/10 f \/cmr/m/n/10 = 
 []


Overfull \hbox (30.77089pt too wide) in paragraph at lines 312--314
[]\/cmr/m/n/10 (3\OML/cmm/m/it/10 x\/cmr/m/n/10 )$ 
 []


Overfull \hbox (15.68398pt too wide) in paragraph at lines 312--314
\OML/cmm/m/it/10 g \/cmr/m/n/10 = 
 []


Overfull \hbox (10.2014pt too wide) in paragraph at lines 312--314
\OML/cmm/m/it/10 x[]$  
 []


Overfull \hbox (64.67789pt too wide) in paragraph at lines 316--324
 [] 
 []


Overfull \hbox (195.1389pt too wide) detected at line 326
\OML/cmm/m/it/10 I \/cmr/m/n/10 = [] [](3\OML/cmm/m/it/10 x\/cmr/m/n/10 ) + [] 
[](3\OML/cmm/m/it/10 x\/cmr/m/n/10 ) + [] [](3\OML/cmm/m/it/10 x\/cmr/m/n/10 ) 
+ \OML/cmm/m/it/10 C
 []

Missing character: There is no F in font nullfont!
Missing character: There is no a in font nullfont!
Missing character: There is no l in font nullfont!
Missing character: There is no l in font nullfont!
Missing character: There is no ( in font nullfont!
Missing character: There is no b in font nullfont!
Missing character: There is no ) in font nullfont!
Missing character: There is no : in font nullfont!

Overfull \hbox (74.795pt too wide) detected at line 329
\OML/cmm/m/it/10 I \/cmr/m/n/10 = [] \OML/cmm/m/it/10 x[] []\/cmr/m/n/10 (\OML/
cmm/m/it/10 x\/cmr/m/n/10 )\OML/cmm/m/it/10 dx
 []

Missing character: There is no i in font nullfont!
Missing character: There is no n in font nullfont!
Missing character: There is no t in font nullfont!
Missing character: There is no e in font nullfont!
Missing character: There is no g in font nullfont!
Missing character: There is no r in font nullfont!
Missing character: There is no i in font nullfont!
Missing character: There is no e in font nullfont!
Missing character: There is no r in font nullfont!
Missing character: There is no e in font nullfont!
Missing character: There is no n in font nullfont!
Missing character: There is no d in font nullfont!
Missing character: There is no e in font nullfont!
Missing character: There is no : in font nullfont!
Missing character: There is no u in font nullfont!
Missing character: There is no n in font nullfont!
Missing character: There is no d in font nullfont!
Missing character: There is no d in font nullfont!
Missing character: There is no i in font nullfont!
Missing character: There is no f in font nullfont!
Missing character: There is no f in font nullfont!
Missing character: There is no e in font nullfont!
Missing character: There is no r in font nullfont!
Missing character: There is no e in font nullfont!
Missing character: There is no n in font nullfont!
Missing character: There is no z in font nullfont!
Missing character: There is no i in font nullfont!
Missing character: There is no e in font nullfont!
Missing character: There is no r in font nullfont!
Missing character: There is no e in font nullfont!
Missing character: There is no n in font nullfont!
Missing character: There is no d in font nullfont!
Missing character: There is no e in font nullfont!
Missing character: There is no : in font nullfont!

Overfull \hbox (16.52777pt too wide) in paragraph at lines 331--333
\OML/cmm/m/it/10 f \/cmr/m/n/10 = 
 []


Overfull \hbox (21.82643pt too wide) in paragraph at lines 331--333
[]\/cmr/m/n/10 (\OML/cmm/m/it/10 x\/cmr/m/n/10 )$ 
 []


Overfull \hbox (15.68398pt too wide) in paragraph at lines 331--333
\OML/cmm/m/it/10 g \/cmr/m/n/10 = 
 []


Overfull \hbox (10.2014pt too wide) in paragraph at lines 331--333
\OML/cmm/m/it/10 x[]$  
 []


Overfull \hbox (46.1918pt too wide) in paragraph at lines 334--339
 [] 
 []


Overfull \hbox (235.58104pt too wide) detected at line 341
\OML/cmm/m/it/10 I \/cmr/m/n/10 = [](\OML/cmm/m/it/10 x\/cmr/m/n/10 ) \OMS/cmsy
/m/n/10 ^^A []\OML/cmm/m/it/10 x[] \OMS/cmsy/m/n/10 ^^@ [] [][]\OML/cmm/m/it/10
 x[]dx \/cmr/m/n/10 = [] = [] \OMS/cmsy/m/n/10 ^^@ []\OML/cmm/m/it/10 x[] \/cmr
/m/n/10 + \OML/cmm/m/it/10 C
 []

Missing character: There is no F in font nullfont!
Missing character: There is no a in font nullfont!
Missing character: There is no l in font nullfont!
Missing character: There is no l in font nullfont!
Missing character: There is no ( in font nullfont!
Missing character: There is no c in font nullfont!
Missing character: There is no ) in font nullfont!
Missing character: There is no : in font nullfont!

Overfull \hbox (67.3089pt too wide) detected at line 345
\OML/cmm/m/it/10 I \/cmr/m/n/10 = [] \OML/cmm/m/it/10 e[] []\/cmr/m/n/10 (\OML/
cmm/m/it/10 x\/cmr/m/n/10 )
 []

Missing character: There is no i in font nullfont!
Missing character: There is no n in font nullfont!
Missing character: There is no t in font nullfont!
Missing character: There is no e in font nullfont!
Missing character: There is no g in font nullfont!
Missing character: There is no r in font nullfont!
Missing character: There is no i in font nullfont!
Missing character: There is no e in font nullfont!
Missing character: There is no r in font nullfont!
Missing character: There is no e in font nullfont!
Missing character: There is no n in font nullfont!
Missing character: There is no d in font nullfont!
Missing character: There is no e in font nullfont!
Missing character: There is no : in font nullfont!
Missing character: There is no u in font nullfont!
Missing character: There is no n in font nullfont!
Missing character: There is no d in font nullfont!
Missing character: There is no d in font nullfont!
Missing character: There is no i in font nullfont!
Missing character: There is no f in font nullfont!
Missing character: There is no f in font nullfont!
Missing character: There is no e in font nullfont!
Missing character: There is no r in font nullfont!
Missing character: There is no e in font nullfont!
Missing character: There is no n in font nullfont!
Missing character: There is no z in font nullfont!
Missing character: There is no i in font nullfont!
Missing character: There is no e in font nullfont!
Missing character: There is no r in font nullfont!
Missing character: There is no e in font nullfont!
Missing character: There is no n in font nullfont!
Missing character: There is no d in font nullfont!
Missing character: There is no e in font nullfont!
Missing character: There is no : in font nullfont!

Overfull \hbox (16.52777pt too wide) in paragraph at lines 347--349
\OML/cmm/m/it/10 f \/cmr/m/n/10 = 
 []


Overfull \hbox (25.77087pt too wide) in paragraph at lines 347--349
[]\/cmr/m/n/10 (\OML/cmm/m/it/10 x\/cmr/m/n/10 )$ 
 []


Overfull \hbox (15.68398pt too wide) in paragraph at lines 347--349
\OML/cmm/m/it/10 g \/cmr/m/n/10 = 
 []


Overfull \hbox (9.691pt too wide) in paragraph at lines 347--349
\OML/cmm/m/it/10 e[]$  
 []


Overfull \hbox (53.79524pt too wide) in paragraph at lines 351--358
 [] 
 []


! LaTeX Error: Environment align* undefined.

See the LaTeX manual or LaTeX Companion for explanation.
Type  H <return>  for immediate help.
 ...                                              
                                                  
l.359 \item \begin{align*}
                          
Your command was ignored.
Type  I <command> <return>  to replace it with another command,
or  <return>  to continue without it.

Missing character: There is no I in font nullfont!
! Misplaced alignment tab character &.
l.360 I &
         = -e^{x} \cos(x) + e^x \sin(x) - I \\  2 I &= -e^{x} \cos(x) + e^x ...
I can't figure out why you would want to use a tab mark
here. If you just want an ampersand, the remedy is
simple: Just type `I\&' now. But if some right brace
up above has ended a previous alignment prematurely,
you're probably due for more error messages, and you
might try typing `S' now just to see what is salvageable.

Missing character: There is no = in font nullfont!
Missing character: There is no - in font nullfont!
Missing character: There is no e in font nullfont!
! Missing $ inserted.
<inserted text> 
                $
l.360 I &= -e^
              {x} \cos(x) + e^x \sin(x) - I \\  2 I &= -e^{x} \cos(x) + e^x ...
I've inserted a begin-math/end-math symbol since I think
you left one out. Proceed, with fingers crossed.


! LaTeX Error: There's no line here to end.

See the LaTeX manual or LaTeX Companion for explanation.
Type  H <return>  for immediate help.
 ...                                              
                                                  
l.360 I &= -e^{x} \cos(x) + e^x \sin(x) - I \\
                                                2 I &= -e^{x} \cos(x) + e^x ...

Your command was ignored.
Type  I <command> <return>  to replace it with another command,
or  <return>  to continue without it.

! Missing $ inserted.
<inserted text> 
                $
l.360 I &= -e^{x} \cos(x) + e^x \sin(x) - I \\
                                                2 I &= -e^{x} \cos(x) + e^x ...
I've inserted a begin-math/end-math symbol since I think
you left one out. Proceed, with fingers crossed.

! Missing } inserted.
<inserted text> 
                }
l.360 I &= -e^{x} \cos(x) + e^x \sin(x) - I \\
                                                2 I &= -e^{x} \cos(x) + e^x ...
I've inserted something that you may have forgotten.
(See the <inserted text> above.)
With luck, this will get me unwedged. But if you
really didn't forget anything, try typing `2' now; then
my insertion and my current dilemma will both disappear.


Overfull \hbox (41.36113pt too wide) in paragraph at lines 360--360
[] []\/cmr/m/n/10 (\OML/cmm/m/it/10 x\/cmr/m/n/10 ) + 
 []


Overfull \hbox (44.9063pt too wide) in paragraph at lines 360--360
\OML/cmm/m/it/10 e[] []\/cmr/m/n/10 (\OML/cmm/m/it/10 x\/cmr/m/n/10 ) \OMS/cmsy
/m/n/10 ^^@ 
 []


Overfull \hbox (5.18054pt too wide) in paragraph at lines 360--360
\OML/cmm/m/it/10 I[]$  
 []

! Extra }, or forgotten \endgroup.
\@par ... \@noitemerr {\@@par }\fi \else {\@@par }
                                                  \fi 
l.360 I &= -e^{x} \cos(x) + e^x \sin(x) - I \\
                                                2 I &= -e^{x} \cos(x) + e^x ...
I've deleted a group-closing symbol because it seems to be
spurious, as in `$x}$'. But perhaps the } is legitimate and
you forgot something else, as in `\hbox{$x}'. In such cases
the way to recover is to insert both the forgotten and the
deleted material, e.g., by typing `I$}'.

Missing character: There is no 2 in font nullfont!
Missing character: There is no I in font nullfont!
! Misplaced alignment tab character &.
l.360 ...e^{x} \cos(x) + e^x \sin(x) - I \\  2 I &
                                                  = -e^{x} \cos(x) + e^x \si...
I can't figure out why you would want to use a tab mark
here. If you just want an ampersand, the remedy is
simple: Just type `I\&' now. But if some right brace
up above has ended a previous alignment prematurely,
you're probably due for more error messages, and you
might try typing `S' now just to see what is salvageable.

Missing character: There is no = in font nullfont!
Missing character: There is no - in font nullfont!
Missing character: There is no e in font nullfont!
! Missing $ inserted.
<inserted text> 
                $
l.360 ... \cos(x) + e^x \sin(x) - I \\  2 I &= -e^
                                                  {x} \cos(x) + e^x \sin(x)\\
I've inserted a begin-math/end-math symbol since I think
you left one out. Proceed, with fingers crossed.


! LaTeX Error: There's no line here to end.

See the LaTeX manual or LaTeX Companion for explanation.
Type  H <return>  for immediate help.
 ...                                              
                                                  
l.360 ...\\  2 I &= -e^{x} \cos(x) + e^x \sin(x)\\
                                                  
Your command was ignored.
Type  I <command> <return>  to replace it with another command,
or  <return>  to continue without it.

! Missing $ inserted.
<inserted text> 
                $
l.360 ...\\  2 I &= -e^{x} \cos(x) + e^x \sin(x)\\
                                                  
I've inserted a begin-math/end-math symbol since I think
you left one out. Proceed, with fingers crossed.

! Missing } inserted.
<inserted text> 
                }
l.360 ...\\  2 I &= -e^{x} \cos(x) + e^x \sin(x)\\
                                                  
I've inserted something that you may have forgotten.
(See the <inserted text> above.)
With luck, this will get me unwedged. But if you
really didn't forget anything, try typing `2' now; then
my insertion and my current dilemma will both disappear.


Overfull \hbox (41.36113pt too wide) in paragraph at lines 360--360
[] []\/cmr/m/n/10 (\OML/cmm/m/it/10 x\/cmr/m/n/10 ) + 
 []


Overfull \hbox (37.1285pt too wide) in paragraph at lines 360--360
\OML/cmm/m/it/10 e[] []\/cmr/m/n/10 (\OML/cmm/m/it/10 x\/cmr/m/n/10 )[]$  
 []

! Extra }, or forgotten \endgroup.
\@par ... \@noitemerr {\@@par }\fi \else {\@@par }
                                                  \fi 
l.360 ...\\  2 I &= -e^{x} \cos(x) + e^x \sin(x)\\
                                                  
I've deleted a group-closing symbol because it seems to be
spurious, as in `$x}$'. But perhaps the } is legitimate and
you forgot something else, as in `\hbox{$x}'. In such cases
the way to recover is to insert both the forgotten and the
deleted material, e.g., by typing `I$}'.

Missing character: There is no I in font nullfont!
! Misplaced alignment tab character &.
l.361 I &
         = \frac{1}{2} \left[ -e^{x} \cos(x) + e^x \sin(x)\right]
I can't figure out why you would want to use a tab mark
here. If you just want an ampersand, the remedy is
simple: Just type `I\&' now. But if some right brace
up above has ended a previous alignment prematurely,
you're probably due for more error messages, and you
might try typing `S' now just to see what is salvageable.

Missing character: There is no = in font nullfont!
Missing character: There is no 1 in font nullfont!
! Missing $ inserted.
<inserted text> 
                $
l.361 I &= \frac{1}{2}
                       \left[ -e^{x} \cos(x) + e^x \sin(x)\right]
I've inserted a begin-math/end-math symbol since I think
you left one out. Proceed, with fingers crossed.

! Extra }, or forgotten $.
\frac  #1#2->{\begingroup #1\endgroup \over #2}
                                               
l.361 I &= \frac{1}{2}
                       \left[ -e^{x} \cos(x) + e^x \sin(x)\right]
I've deleted a group-closing symbol because it seems to be
spurious, as in `$x}$'. But perhaps the } is legitimate and
you forgot something else, as in `\hbox{$x}'. In such cases
the way to recover is to insert both the forgotten and the
deleted material, e.g., by typing `I$}'.


! LaTeX Error: \begin{enumerate} on input line 346 ended by \end{align*}.

See the LaTeX manual or LaTeX Companion for explanation.
Type  H <return>  for immediate help.
 ...                                              
                                                  
l.362 \end{align*}
                  
Your command was ignored.
Type  I <command> <return>  to replace it with another command,
or  <return>  to continue without it.

! Missing $ inserted.
<inserted text> 
                $
l.362 \end{align*}
                  
I've inserted something that you may have forgotten.
(See the <inserted text> above.)
With luck, this will get me unwedged. But if you
really didn't forget anything, try typing `2' now; then
my insertion and my current dilemma will both disappear.

! Missing } inserted.
<inserted text> 
                }
l.362 \end{align*}
                  
I've inserted something that you may have forgotten.
(See the <inserted text> above.)
With luck, this will get me unwedged. But if you
really didn't forget anything, try typing `2' now; then
my insertion and my current dilemma will both disappear.


Overfull \hbox (84.66724pt too wide) in paragraph at lines 361--363
[]$  
 []

! Misplaced \noalign.
\hline ->\noalign 
                  {\ifnum 0=`}\fi \hrule \@height \arrayrulewidth \futurelet...
l.365 \vspace{1mm} \hline
                          \vspace{1mm}
I expect to see \noalign only after the \cr of
an alignment. Proceed, and I'll ignore this case.

! Undefined control sequence.
l.366 \subparagraph
                   {Limits }\\
The control sequence at the end of the top line
of your error message was never \def'ed. If you have
misspelled it (e.g., `\hobx'), type `I' and the correct
spelling (e.g., `I\hbox'). Otherwise just continue,
and I'll forget about whatever was undefined.

Missing character: There is no L in font nullfont!
Missing character: There is no i in font nullfont!
Missing character: There is no m in font nullfont!
Missing character: There is no i in font nullfont!
Missing character: There is no t in font nullfont!
Missing character: There is no s in font nullfont!
Missing character: There is no Z in font nullfont!
Missing character: There is no e in font nullfont!
Missing character: There is no i in font nullfont!
Missing character: There is no g in font nullfont!
Missing character: There is no e in font nullfont!
Missing character: There is no n in font nullfont!
Missing character: There is no S in font nullfont!
Missing character: There is no i in font nullfont!
Missing character: There is no e in font nullfont!
Missing character: There is no , in font nullfont!
Missing character: There is no d in font nullfont!
Missing character: There is no a in font nullfont!
Missing character: There is no s in font nullfont!
Missing character: There is no s in font nullfont!
Missing character: There is no f in font nullfont!
Missing character: There is no r in font nullfont!
Missing character: There is no a in font nullfont!
Missing character: There is no l in font nullfont!
Missing character: There is no l in font nullfont!
Missing character: There is no e in font nullfont!
! Undefined control sequence.
l.367 Zeigen Sie, dass für alle $t \in \mathbb
                                               {R}$ gilt
The control sequence at the end of the top line
of your error message was never \def'ed. If you have
misspelled it (e.g., `\hobx'), type `I' and the correct
spelling (e.g., `I\hbox'). Otherwise just continue,
and I'll forget about whatever was undefined.

Missing character: There is no g in font nullfont!
Missing character: There is no i in font nullfont!
Missing character: There is no l in font nullfont!
Missing character: There is no t in font nullfont!

Overfull \hbox (5.55557pt too wide) in paragraph at lines 367--368
\/cmr/m/n/10 ^^?u 
 []


Overfull \hbox (13.05551pt too wide) in paragraph at lines 367--368
\OML/cmm/m/it/10 t \OMS/cmsy/m/n/10 2 
 []


Overfull \hbox (7.67015pt too wide) in paragraph at lines 367--368
\OML/cmm/m/it/10 R$ 
 []


Overfull \hbox (125.87201pt too wide) detected at line 370
[] [][] \/cmr/m/n/10 = \OML/cmm/m/it/10 e[]:
 []

Missing character: There is no D in font nullfont!
Missing character: There is no a in font nullfont!
Missing character: There is no u in font nullfont!
Missing character: There is no n in font nullfont!
Missing character: There is no d in font nullfont!
Missing character: There is no g in font nullfont!
Missing character: There is no i in font nullfont!
Missing character: There is no l in font nullfont!
Missing character: There is no t in font nullfont!
Missing character: There is no f in font nullfont!
Missing character: There is no r in font nullfont!
Missing character: There is no a in font nullfont!
Missing character: There is no l in font nullfont!
Missing character: There is no l in font nullfont!
Missing character: There is no e in font nullfont!
! Undefined control sequence.
l.371 ...x^2\right)$ gilt für alle $t \in \mathbb
                                                  {R}$ wenn $n \rightarrow \...
The control sequence at the end of the top line
of your error message was never \def'ed. If you have
misspelled it (e.g., `\hobx'), type `I' and the correct
spelling (e.g., `I\hbox'). Otherwise just continue,
and I'll forget about whatever was undefined.

Missing character: There is no w in font nullfont!
Missing character: There is no e in font nullfont!
Missing character: There is no n in font nullfont!
Missing character: There is no n in font nullfont!

Overfull \hbox (37.43748pt too wide) in paragraph at lines 370--372
 $[]\/cmr/m/n/10 (\OML/cmm/m/it/10 x\/cmr/m/n/10 ) = 
 []


Overfull \hbox (12.77782pt too wide) in paragraph at lines 370--372
\/cmr/m/n/10 1 \OMS/cmsy/m/n/10 ^^@ 
 []


Overfull \hbox (18.61536pt too wide) in paragraph at lines 370--372
[] \/cmr/m/n/10 + 
 []


Overfull \hbox (29.27367pt too wide) in paragraph at lines 370--372
\OMS/cmsy/m/n/10 O []$ 
 []


Overfull \hbox (29.5834pt too wide) in paragraph at lines 370--372
[]\/cmr/m/n/10 (1 + 
 []


Overfull \hbox (20.15968pt too wide) in paragraph at lines 370--372
\OML/cmm/m/it/10 x\/cmr/m/n/10 ) = 
 []


Overfull \hbox (13.49307pt too wide) in paragraph at lines 370--372
\OML/cmm/m/it/10 x \/cmr/m/n/10 + 
 []


Overfull \hbox (29.27367pt too wide) in paragraph at lines 370--372
\OMS/cmsy/m/n/10 O []$ 
 []


Overfull \hbox (5.55557pt too wide) in paragraph at lines 370--372
\/cmr/m/n/10 ^^?u 
 []


Overfull \hbox (13.05551pt too wide) in paragraph at lines 370--372
\OML/cmm/m/it/10 t \OMS/cmsy/m/n/10 2 
 []


Overfull \hbox (7.67015pt too wide) in paragraph at lines 370--372
\OML/cmm/m/it/10 R$ 
 []


Overfull \hbox (18.78008pt too wide) in paragraph at lines 370--372
\OML/cmm/m/it/10 n \OMS/cmsy/m/n/10 ! 
 []


Overfull \hbox (10.00002pt too wide) in paragraph at lines 370--372
\OMS/cmsy/m/n/10 1$  
 []


! LaTeX Error: Environment aligned undefined.

See the LaTeX manual or LaTeX Companion for explanation.
Type  H <return>  for immediate help.
 ...                                              
                                                  
l.373 \begin{aligned}
                     
Your command was ignored.
Type  I <command> <return>  to replace it with another command,
or  <return>  to continue without it.

! Misplaced alignment tab character &.
l.374 \cos \left(\frac{t}{\sqrt{n}}\right)^n &
                                               =\exp \left(n \log \left(\cos...
I can't figure out why you would want to use a tab mark
here. If you just want an ampersand, the remedy is
simple: Just type `I\&' now. But if some right brace
up above has ended a previous alignment prematurely,
you're probably due for more error messages, and you
might try typing `S' now just to see what is salvageable.


! LaTeX Error: There's no line here to end.

See the LaTeX manual or LaTeX Companion for explanation.
Type  H <return>  for immediate help.
 ...                                              
                                                  
l.374 ...frac{t}{\sqrt{n}}\right)\right)\right) \\
                                                  
Your command was ignored.
Type  I <command> <return>  to replace it with another command,
or  <return>  to continue without it.

! Missing $ inserted.
<inserted text> 
                $
l.374 ...frac{t}{\sqrt{n}}\right)\right)\right) \\
                                                  
I've inserted a begin-math/end-math symbol since I think
you left one out. Proceed, with fingers crossed.

! Missing } inserted.
<inserted text> 
                }
l.374 ...frac{t}{\sqrt{n}}\right)\right)\right) \\
                                                  
I've inserted something that you may have forgotten.
(See the <inserted text> above.)
With luck, this will get me unwedged. But if you
really didn't forget anything, try typing `2' now; then
my insertion and my current dilemma will both disappear.

! Missing \endgroup inserted.
<inserted text> 
                \endgroup 
l.374 ...frac{t}{\sqrt{n}}\right)\right)\right) \\
                                                  
I've inserted something that you may have forgotten.
(See the <inserted text> above.)
With luck, this will get me unwedged. But if you
really didn't forget anything, try typing `2' now; then
my insertion and my current dilemma will both disappear.

! Display math should end with $$.
<to be read again> 
                   \tex_par:D 
l.374 ...frac{t}{\sqrt{n}}\right)\right)\right) \\
                                                  
The `$' that I just saw supposedly matches a previous `$$'.
So I shall assume that you typed `$$' both times.


Overfull \hbox (182.11153pt too wide) detected at line 374
[] [][] \/cmr/m/n/10 = [] [] []
 []

! Extra }, or forgotten \endgroup.
\@par ... \@noitemerr {\@@par }\fi \else {\@@par }
                                                  \fi 
l.374 ...frac{t}{\sqrt{n}}\right)\right)\right) \\
                                                  
I've deleted a group-closing symbol because it seems to be
spurious, as in `$x}$'. But perhaps the } is legitimate and
you forgot something else, as in `\hbox{$x}'. In such cases
the way to recover is to insert both the forgotten and the
deleted material, e.g., by typing `I$}'.

! Misplaced alignment tab character &.
<recently read> &
                 
l.375 &
        =\exp \left(n \log \left(1-\frac{t^2}{2 n}+\mathcal{O}\left(\frac{1}...
I can't figure out why you would want to use a tab mark
here. If you just want an ampersand, the remedy is
simple: Just type `I\&' now. But if some right brace
up above has ended a previous alignment prematurely,
you're probably due for more error messages, and you
might try typing `S' now just to see what is salvageable.

Missing character: There is no = in font nullfont!
! Missing $ inserted.
<inserted text> 
                $
l.375 & =\exp
              \left(n \log \left(1-\frac{t^2}{2 n}+\mathcal{O}\left(\frac{1}...
I've inserted a begin-math/end-math symbol since I think
you left one out. Proceed, with fingers crossed.


! LaTeX Error: There's no line here to end.

See the LaTeX manual or LaTeX Companion for explanation.
Type  H <return>  for immediate help.
 ...                                              
                                                  
l.375 ...eft(\frac{1}{n^2}\right)\right)\right) \\
                                                  
Your command was ignored.
Type  I <command> <return>  to replace it with another command,
or  <return>  to continue without it.

! Missing $ inserted.
<inserted text> 
                $
l.375 ...eft(\frac{1}{n^2}\right)\right)\right) \\
                                                  
I've inserted a begin-math/end-math symbol since I think
you left one out. Proceed, with fingers crossed.

! Missing } inserted.
<inserted text> 
                }
l.375 ...eft(\frac{1}{n^2}\right)\right)\right) \\
                                                  
I've inserted something that you may have forgotten.
(See the <inserted text> above.)
With luck, this will get me unwedged. But if you
really didn't forget anything, try typing `2' now; then
my insertion and my current dilemma will both disappear.


Overfull \hbox (135.84444pt too wide) in paragraph at lines 375--375
[]$[] [] []$  
 []

! Extra }, or forgotten \endgroup.
\@par ... \@noitemerr {\@@par }\fi \else {\@@par }
                                                  \fi 
l.375 ...eft(\frac{1}{n^2}\right)\right)\right) \\
                                                  
I've deleted a group-closing symbol because it seems to be
spurious, as in `$x}$'. But perhaps the } is legitimate and
you forgot something else, as in `\hbox{$x}'. In such cases
the way to recover is to insert both the forgotten and the
deleted material, e.g., by typing `I$}'.

! Misplaced alignment tab character &.
<recently read> &
                 
l.376 &
        =\exp \left(n\left(-\frac{t^2}{2 n}+\mathcal{O}\left(\frac{1}{n^2}\r...
I can't figure out why you would want to use a tab mark
here. If you just want an ampersand, the remedy is
simple: Just type `I\&' now. But if some right brace
up above has ended a previous alignment prematurely,
you're probably due for more error messages, and you
might try typing `S' now just to see what is salvageable.

Missing character: There is no = in font nullfont!
! Missing $ inserted.
<inserted text> 
                $
l.376 & =\exp
              \left(n\left(-\frac{t^2}{2 n}+\mathcal{O}\left(\frac{1}{n^2}\r...
I've inserted a begin-math/end-math symbol since I think
you left one out. Proceed, with fingers crossed.


! LaTeX Error: There's no line here to end.

See the LaTeX manual or LaTeX Companion for explanation.
Type  H <return>  for immediate help.
 ...                                              
                                                  
l.376 ...eft(\frac{1}{n^2}\right)\right)\right) \\
                                                  
Your command was ignored.
Type  I <command> <return>  to replace it with another command,
or  <return>  to continue without it.

! Missing $ inserted.
<inserted text> 
                $
l.376 ...eft(\frac{1}{n^2}\right)\right)\right) \\
                                                  
I've inserted a begin-math/end-math symbol since I think
you left one out. Proceed, with fingers crossed.

! Missing } inserted.
<inserted text> 
                }
l.376 ...eft(\frac{1}{n^2}\right)\right)\right) \\
                                                  
I've inserted something that you may have forgotten.
(See the <inserted text> above.)
With luck, this will get me unwedged. But if you
really didn't forget anything, try typing `2' now; then
my insertion and my current dilemma will both disappear.


Overfull \hbox (111.81677pt too wide) in paragraph at lines 376--376
[]$[] [] []$  
 []

! Extra }, or forgotten \endgroup.
\@par ... \@noitemerr {\@@par }\fi \else {\@@par }
                                                  \fi 
l.376 ...eft(\frac{1}{n^2}\right)\right)\right) \\
                                                  
I've deleted a group-closing symbol because it seems to be
spurious, as in `$x}$'. But perhaps the } is legitimate and
you forgot something else, as in `\hbox{$x}'. In such cases
the way to recover is to insert both the forgotten and the
deleted material, e.g., by typing `I$}'.

! Misplaced alignment tab character &.
<recently read> &
                 
l.377 &
        =\exp \left(-\frac{t^2}{2 n}+\mathcal{O}\left(\frac{1}{n^2}\right)\r...
I can't figure out why you would want to use a tab mark
here. If you just want an ampersand, the remedy is
simple: Just type `I\&' now. But if some right brace
up above has ended a previous alignment prematurely,
you're probably due for more error messages, and you
might try typing `S' now just to see what is salvageable.

Missing character: There is no = in font nullfont!
! Missing $ inserted.
<inserted text> 
                $
l.377 & =\exp
              \left(-\frac{t^2}{2 n}+\mathcal{O}\left(\frac{1}{n^2}\right)\r...
I've inserted a begin-math/end-math symbol since I think
you left one out. Proceed, with fingers crossed.

! Undefined control sequence.
l.377 ...eft(\frac{1}{n^2}\right)\right) \underset
                                                  {n \rightarrow \infty}{\lo...
The control sequence at the end of the top line
of your error message was never \def'ed. If you have
misspelled it (e.g., `\hobx'), type `I' and the correct
spelling (e.g., `I\hbox'). Otherwise just continue,
and I'll forget about whatever was undefined.


! LaTeX Error: \begin{flushleft} on input line 272 ended by \end{aligned}.

See the LaTeX manual or LaTeX Companion for explanation.
Type  H <return>  for immediate help.
 ...                                              
                                                  
l.378 \end{aligned}
                   
Your command was ignored.
Type  I <command> <return>  to replace it with another command,
or  <return>  to continue without it.

! Missing $ inserted.
<inserted text> 
                $
l.378 \end{aligned}
                   
I've inserted something that you may have forgotten.
(See the <inserted text> above.)
With luck, this will get me unwedged. But if you
really didn't forget anything, try typing `2' now; then
my insertion and my current dilemma will both disappear.


Overfull \hbox (198.08484pt too wide) in paragraph at lines 377--379
[]$[] [] [][] [] [] \/cmr/m/n/10 =
 []


Overfull \hbox (20.52742pt too wide) in paragraph at lines 377--379
\OML/cmm/m/it/10 e[]$ 
 []

! Missing $ inserted.
<inserted text> 
                $
l.380 
      
I've inserted a begin-math/end-math symbol since I think
you left one out. Proceed, with fingers crossed.

! Display math should end with $$.
<to be read again> 
                   \tex_par:D 
l.380 
      
The `$' that I just saw supposedly matches a previous `$$'.
So I shall assume that you typed `$$' both times.

! Undefined control sequence.
l.381 \includegraphics
                      [scale=0.5]{build/pictures/degrees_circle.pdf}
The control sequence at the end of the top line
of your error message was never \def'ed. If you have
misspelled it (e.g., `\hobx'), type `I' and the correct
spelling (e.g., `I\hbox'). Otherwise just continue,
and I'll forget about whatever was undefined.

Missing character: There is no [ in font nullfont!
Missing character: There is no s in font nullfont!
Missing character: There is no c in font nullfont!
Missing character: There is no a in font nullfont!
Missing character: There is no l in font nullfont!
Missing character: There is no e in font nullfont!
Missing character: There is no = in font nullfont!
Missing character: There is no 0 in font nullfont!
Missing character: There is no . in font nullfont!
Missing character: There is no 5 in font nullfont!
Missing character: There is no ] in font nullfont!
Missing character: There is no b in font nullfont!
Missing character: There is no u in font nullfont!
Missing character: There is no i in font nullfont!
Missing character: There is no l in font nullfont!
Missing character: There is no d in font nullfont!
Missing character: There is no / in font nullfont!
Missing character: There is no p in font nullfont!
Missing character: There is no i in font nullfont!
Missing character: There is no c in font nullfont!
Missing character: There is no t in font nullfont!
Missing character: There is no u in font nullfont!
Missing character: There is no r in font nullfont!
Missing character: There is no e in font nullfont!
Missing character: There is no s in font nullfont!
Missing character: There is no / in font nullfont!
Missing character: There is no d in font nullfont!
Missing character: There is no e in font nullfont!
Missing character: There is no g in font nullfont!
Missing character: There is no r in font nullfont!
Missing character: There is no e in font nullfont!
Missing character: There is no e in font nullfont!
Missing character: There is no s in font nullfont!
! Missing $ inserted.
<inserted text> 
                $
l.381 ...aphics[scale=0.5]{build/pictures/degrees_
                                                  circle.pdf}
I've inserted a begin-math/end-math symbol since I think
you left one out. Proceed, with fingers crossed.

! Extra }, or forgotten $.
l.381 ...e=0.5]{build/pictures/degrees_circle.pdf}
                                                  
I've deleted a group-closing symbol because it seems to be
spurious, as in `$x}$'. But perhaps the } is legitimate and
you forgot something else, as in `\hbox{$x}'. In such cases
the way to recover is to insert both the forgotten and the
deleted material, e.g., by typing `I$}'.

! Missing $ inserted.
<inserted text> 
                $
l.382 
      
I've inserted a begin-math/end-math symbol since I think
you left one out. Proceed, with fingers crossed.


Overfull \hbox (61.79213pt too wide) in paragraph at lines 381--382
[]$[]\OML/cmm/m/it/10 ircle:pdf$ 
 []


! LaTeX Error: \begin{document} ended by \end{flushleft}.

See the LaTeX manual or LaTeX Companion for explanation.
Type  H <return>  for immediate help.
 ...                                              
                                                  
l.384 \end{flushleft}
                     
Your command was ignored.
Type  I <command> <return>  to replace it with another command,
or  <return>  to continue without it.

! Missing } inserted.
<inserted text> 
                }
l.384 \end{flushleft}
                     
I've inserted something that you may have forgotten.
(See the <inserted text> above.)
With luck, this will get me unwedged. But if you
really didn't forget anything, try typing `2' now; then
my insertion and my current dilemma will both disappear.

! Extra \endgroup.
<recently read> \endgroup 
                          
l.384 \end{flushleft}
                     
Things are pretty mixed up, but I think the worst is over.

)
! Emergency stop.
<*> ./Anhang.tex
                
*** (job aborted, no legal \end found)

 
Here is how much of TeX's memory you used:
 52 strings out of 475385
 1016 string characters out of 2776906
 400320 words of memory out of 3000000
 21526 multiletter control sequences out of 15000+600000
 470186 words of font info for 31 fonts, out of 8000000 for 9000
 1141 hyphenation exceptions out of 8191
 26i,9n,32p,315b,242s stack positions out of 10000i,1000n,20000p,200000b,80000s
!  ==> Fatal error occurred, no output PDF file produced!
