This is pdfTeX, Version 3.141592653-2.6-1.40.24 (MiKTeX 22.10) (preloaded format=pdflatex 2022.11.28)  28 NOV 2024 14:47
entering extended mode
 restricted \write18 enabled.
 %&-line parsing enabled.
**./Integral.tex
(Integral.tex
LaTeX2e <2022-06-01> patch level 5
L3 programming layer <2022-09-28>
! Undefined control sequence.
l.2 \mysection
              [BurntOrange]{\centering Integral}
The control sequence at the end of the top line
of your error message was never \def'ed. If you have
misspelled it (e.g., `\hobx'), type `I' and the correct
spelling (e.g., `I\hbox'). Otherwise just continue,
and I'll forget about whatever was undefined.


! LaTeX Error: Missing \begin{document}.

See the LaTeX manual or LaTeX Companion for explanation.
Type  H <return>  for immediate help.
 ...                                              
                                                  
l.2 \mysection[
               BurntOrange]{\centering Integral}
You're in trouble here.  Try typing  <return>  to proceed.
If that doesn't work, type  X <return>  to quit.

Missing character: There is no [ in font nullfont!
Missing character: There is no B in font nullfont!
Missing character: There is no u in font nullfont!
Missing character: There is no r in font nullfont!
Missing character: There is no n in font nullfont!
Missing character: There is no t in font nullfont!
Missing character: There is no O in font nullfont!
Missing character: There is no r in font nullfont!
Missing character: There is no a in font nullfont!
Missing character: There is no n in font nullfont!
Missing character: There is no g in font nullfont!
Missing character: There is no e in font nullfont!
Missing character: There is no ] in font nullfont!
Missing character: There is no I in font nullfont!
Missing character: There is no n in font nullfont!
Missing character: There is no t in font nullfont!
Missing character: There is no e in font nullfont!
Missing character: There is no g in font nullfont!
Missing character: There is no r in font nullfont!
Missing character: There is no a in font nullfont!
Missing character: There is no l in font nullfont!

Overfull \hbox (20.0pt too wide) in paragraph at lines 2--3
[] 
 []

! Undefined control sequence.
l.6 \DEF
        {4.1.1 (1)}{ $[a, b] \subseteq \mathbb{R}, f:[a, b] \rightarrow \mat...
The control sequence at the end of the top line
of your error message was never \def'ed. If you have
misspelled it (e.g., `\hobx'), type `I' and the correct
spelling (e.g., `I\hbox'). Otherwise just continue,
and I'll forget about whatever was undefined.


! LaTeX Error: Missing \begin{document}.

See the LaTeX manual or LaTeX Companion for explanation.
Type  H <return>  for immediate help.
 ...                                              
                                                  
l.6 \DEF{4
          .1.1 (1)}{ $[a, b] \subseteq \mathbb{R}, f:[a, b] \rightarrow \mat...

You're in trouble here.  Try typing  <return>  to proceed.
If that doesn't work, type  X <return>  to quit.

Missing character: There is no 4 in font nullfont!
Missing character: There is no . in font nullfont!
Missing character: There is no 1 in font nullfont!
Missing character: There is no . in font nullfont!
Missing character: There is no 1 in font nullfont!
Missing character: There is no ( in font nullfont!
Missing character: There is no 1 in font nullfont!
Missing character: There is no ) in font nullfont!
LaTeX Font Info:    External font `cmex10' loaded for size
(Font)              <7> on input line 6.
LaTeX Font Info:    External font `cmex10' loaded for size
(Font)              <5> on input line 6.
! Undefined control sequence.
l.6 \DEF{4.1.1 (1)}{ $[a, b] \subseteq \mathbb
                                              {R}, f:[a, b] \rightarrow \mat...
The control sequence at the end of the top line
of your error message was never \def'ed. If you have
misspelled it (e.g., `\hobx'), type `I' and the correct
spelling (e.g., `I\hbox'). Otherwise just continue,
and I'll forget about whatever was undefined.

! Undefined control sequence.
l.6 ...eq \mathbb{R}, f:[a, b] \rightarrow \mathbb
                                                  {R}^n$ stetig.
The control sequence at the end of the top line
of your error message was never \def'ed. If you have
misspelled it (e.g., `\hobx'), type `I' and the correct
spelling (e.g., `I\hbox'). Otherwise just continue,
and I'll forget about whatever was undefined.

Missing character: There is no s in font nullfont!
Missing character: There is no t in font nullfont!
Missing character: There is no e in font nullfont!
Missing character: There is no t in font nullfont!
Missing character: There is no i in font nullfont!
Missing character: There is no g in font nullfont!
Missing character: There is no . in font nullfont!
Missing character: There is no D in font nullfont!
Missing character: There is no a in font nullfont!
Missing character: There is no n in font nullfont!
Missing character: There is no n in font nullfont!

Overfull \hbox (20.0pt too wide) in paragraph at lines 6--7
[]
 []


Overfull \hbox (30.13304pt too wide) in paragraph at lines 6--7
\OT1/cmr/m/n/10 [\OML/cmm/m/it/10 a; b\OT1/cmr/m/n/10 ] \OMS/cmsy/m/n/10 ^^R
 []


Overfull \hbox (23.64232pt too wide) in paragraph at lines 6--7
\OML/cmm/m/it/10 R; f \OT1/cmr/m/n/10 :
 []


Overfull \hbox (32.35526pt too wide) in paragraph at lines 6--7
\OT1/cmr/m/n/10 [\OML/cmm/m/it/10 a; b\OT1/cmr/m/n/10 ] \OMS/cmsy/m/n/10 !
 []


Overfull \hbox (13.11348pt too wide) in paragraph at lines 6--7
\OML/cmm/m/it/10 R[]$
 []

! Undefined control sequence.
l.7 ...ots, \int_a^b f_n(t) d t\right) \in \mathbb
                                                  {R}^n$$
The control sequence at the end of the top line
of your error message was never \def'ed. If you have
misspelled it (e.g., `\hobx'), type `I' and the correct
spelling (e.g., `I\hbox'). Otherwise just continue,
and I'll forget about whatever was undefined.


Overfull \hbox (212.86006pt too wide) detected at line 7
[][] \OML/cmm/m/it/10 f\OT1/cmr/m/n/10 (\OML/cmm/m/it/10 t\OT1/cmr/m/n/10 )\OML
/cmm/m/it/10 dt \OT1/cmr/m/n/10 := [] \OMS/cmsy/m/n/10 2 \OML/cmm/m/it/10 R[]
 []

! Undefined control sequence.
l.12 \mysubsection
                  {\centering Wegintegrale}
The control sequence at the end of the top line
of your error message was never \def'ed. If you have
misspelled it (e.g., `\hobx'), type `I' and the correct
spelling (e.g., `I\hbox'). Otherwise just continue,
and I'll forget about whatever was undefined.


! LaTeX Error: Missing \begin{document}.

See the LaTeX manual or LaTeX Companion for explanation.
Type  H <return>  for immediate help.
 ...                                              
                                                  
l.12 \mysubsection{\centering W
                               egintegrale}
You're in trouble here.  Try typing  <return>  to proceed.
If that doesn't work, type  X <return>  to quit.

Missing character: There is no W in font nullfont!
Missing character: There is no e in font nullfont!
Missing character: There is no g in font nullfont!
Missing character: There is no i in font nullfont!
Missing character: There is no n in font nullfont!
Missing character: There is no t in font nullfont!
Missing character: There is no e in font nullfont!
Missing character: There is no g in font nullfont!
Missing character: There is no r in font nullfont!
Missing character: There is no a in font nullfont!
Missing character: There is no l in font nullfont!
Missing character: There is no e in font nullfont!
! Undefined control sequence.
l.13 \NOTE
          {MC}{
The control sequence at the end of the top line
of your error message was never \def'ed. If you have
misspelled it (e.g., `\hobx'), type `I' and the correct
spelling (e.g., `I\hbox'). Otherwise just continue,
and I'll forget about whatever was undefined.

Missing character: There is no M in font nullfont!
Missing character: There is no C in font nullfont!
Missing character: There is no F in font nullfont!
Missing character: There is no a in font nullfont!
Missing character: There is no l in font nullfont!
Missing character: There is no l in font nullfont!
Missing character: There is no s in font nullfont!
Missing character: There is no e in font nullfont!
Missing character: There is no i in font nullfont!
Missing character: There is no n in font nullfont!
Missing character: There is no e in font nullfont!
Missing character: There is no o in font nullfont!
Missing character: There is no r in font nullfont!
Missing character: There is no i in font nullfont!
Missing character: There is no e in font nullfont!
Missing character: There is no n in font nullfont!
Missing character: There is no t in font nullfont!
Missing character: There is no i in font nullfont!
Missing character: There is no e in font nullfont!
Missing character: There is no r in font nullfont!
Missing character: There is no t in font nullfont!
Missing character: There is no e in font nullfont!
Missing character: There is no U in font nullfont!
Missing character: There is no m in font nullfont!
Missing character: There is no p in font nullfont!
Missing character: There is no a in font nullfont!
Missing character: There is no r in font nullfont!
Missing character: There is no a in font nullfont!
Missing character: There is no m in font nullfont!
Missing character: There is no e in font nullfont!
Missing character: There is no t in font nullfont!
Missing character: There is no r in font nullfont!
Missing character: There is no i in font nullfont!
Missing character: There is no s in font nullfont!
Missing character: There is no i in font nullfont!
Missing character: There is no e in font nullfont!
Missing character: There is no r in font nullfont!
Missing character: There is no u in font nullfont!
Missing character: There is no n in font nullfont!
Missing character: There is no g in font nullfont!
Missing character: There is no v in font nullfont!
Missing character: There is no o in font nullfont!
Missing character: There is no n in font nullfont!
Missing character: There is no i in font nullfont!
Missing character: There is no s in font nullfont!
Missing character: There is no t in font nullfont!
Missing character: There is no m in font nullfont!
Missing character: There is no i in font nullfont!
Missing character: There is no t in font nullfont!
Missing character: There is no . in font nullfont!
Missing character: There is no S in font nullfont!
Missing character: There is no o in font nullfont!
Missing character: There is no i in font nullfont!
Missing character: There is no s in font nullfont!
Missing character: There is no t in font nullfont!
Missing character: There is no a in font nullfont!
Missing character: There is no u in font nullfont!
Missing character: There is no c in font nullfont!
Missing character: There is no h in font nullfont!
Missing character: There is no e in font nullfont!
Missing character: There is no i in font nullfont!
Missing character: There is no n in font nullfont!
Missing character: There is no e in font nullfont!
Missing character: There is no o in font nullfont!
Missing character: There is no U in font nullfont!
Missing character: There is no f in font nullfont!
LaTeX Font Info:    Trying to load font information for +cmr on input line 15.
LaTeX Font Info:    No file cmr.fd. on input line 15.

LaTeX Font Warning: Font shape `/cmr/m/n' undefined
(Font)              using `/cmr/m/n' instead on input line 15.

! Corrupted NFSS tables.
wrong@fontshape ...message {Corrupted NFSS tables}
                                                  error@fontshape else let f...
l.15 ...\varphi$. So ist auch $\gamma$ eine oU fü
                                                  r $\delta$ mit $\varphi^{-1}$
This error message was generated by an \errmessage
command, so I can't give any explicit help.
Pretend that you're Hercule Poirot: Examine all clues,
and deduce the truth by order and method.


LaTeX Font Warning: Font shape `/cmr/m/n' undefined
(Font)              using `OT1/cmr/m/n' instead on input line 15.

Missing character: There is no r in font nullfont!
Missing character: There is no m in font nullfont!
Missing character: There is no i in font nullfont!
Missing character: There is no t in font nullfont!

Overfull \hbox (4.8229pt too wide) in paragraph at lines 15--16
\OML/cmm/m/it/10 ^^N$
 []


Overfull \hbox (5.73285pt too wide) in paragraph at lines 15--16
\OML/cmm/m/it/10 ^^M$
 []


Overfull \hbox (6.54167pt too wide) in paragraph at lines 15--16
\OML/cmm/m/it/10 '$
 []


Overfull \hbox (5.73285pt too wide) in paragraph at lines 15--16
\OML/cmm/m/it/10 ^^M$
 []


Overfull \hbox (10.55559pt too wide) in paragraph at lines 15--16
\/cmr/m/n/10 ^^?u
 []


Overfull \hbox (4.8229pt too wide) in paragraph at lines 15--16
\OML/cmm/m/it/10 ^^N$
 []


Overfull \hbox (17.27782pt too wide) in paragraph at lines 15--16
\OML/cmm/m/it/10 '[]$ 
 []

! Undefined control sequence.
l.19 \KRZ
         {Wegintegral}{
The control sequence at the end of the top line
of your error message was never \def'ed. If you have
misspelled it (e.g., `\hobx'), type `I' and the correct
spelling (e.g., `I\hbox'). Otherwise just continue,
and I'll forget about whatever was undefined.


! LaTeX Error: Missing \begin{document}.

See the LaTeX manual or LaTeX Companion for explanation.
Type  H <return>  for immediate help.
 ...                                              
                                                  
l.19 \KRZ{W
           egintegral}{
You're in trouble here.  Try typing  <return>  to proceed.
If that doesn't work, type  X <return>  to quit.

Missing character: There is no W in font nullfont!
Missing character: There is no e in font nullfont!
Missing character: There is no g in font nullfont!
Missing character: There is no i in font nullfont!
Missing character: There is no n in font nullfont!
Missing character: There is no t in font nullfont!
Missing character: There is no e in font nullfont!
Missing character: There is no g in font nullfont!
Missing character: There is no r in font nullfont!
Missing character: There is no a in font nullfont!
Missing character: There is no l in font nullfont!

Overfull \hbox (20.0pt too wide) in paragraph at lines 19--20
[] 
 []


! LaTeX Error: Missing \begin{document}.

See the LaTeX manual or LaTeX Companion for explanation.
Type  H <return>  for immediate help.
 ...                                              
                                                  
l.20 \begin{enumerate}[
                       leftmargin = *]
You're in trouble here.  Try typing  <return>  to proceed.
If that doesn't work, type  X <return>  to quit.

Missing character: There is no [ in font nullfont!
Missing character: There is no l in font nullfont!
Missing character: There is no e in font nullfont!
Missing character: There is no f in font nullfont!
Missing character: There is no t in font nullfont!
Missing character: There is no m in font nullfont!
Missing character: There is no a in font nullfont!
Missing character: There is no r in font nullfont!
Missing character: There is no g in font nullfont!
Missing character: There is no i in font nullfont!
Missing character: There is no n in font nullfont!
Missing character: There is no = in font nullfont!
Missing character: There is no * in font nullfont!
Missing character: There is no ] in font nullfont!

! LaTeX Error: Something's wrong--perhaps a missing \item.

See the LaTeX manual or LaTeX Companion for explanation.
Type  H <return>  for immediate help.
 ...                                              
                                                  
l.21 \item P
            arametrisiere $\gamma$ mit \COL{Parametrisierung}
Try typing  <return>  to proceed.
If that doesn't work, type  X <return>  to quit.


! LaTeX Error: Something's wrong--perhaps a missing \item.

See the LaTeX manual or LaTeX Companion for explanation.
Type  H <return>  for immediate help.
 ...                                              
                                                  
l.21 \item P
            arametrisiere $\gamma$ mit \COL{Parametrisierung}
Try typing  <return>  to proceed.
If that doesn't work, type  X <return>  to quit.


! LaTeX Error: Something's wrong--perhaps a missing \item.

See the LaTeX manual or LaTeX Companion for explanation.
Type  H <return>  for immediate help.
 ...                                              
                                                  
l.21 \item P
            arametrisiere $\gamma$ mit \COL{Parametrisierung}
Try typing  <return>  to proceed.
If that doesn't work, type  X <return>  to quit.

Missing character: There is no P in font nullfont!
Missing character: There is no a in font nullfont!
Missing character: There is no r in font nullfont!
Missing character: There is no a in font nullfont!
Missing character: There is no m in font nullfont!
Missing character: There is no e in font nullfont!
Missing character: There is no t in font nullfont!
Missing character: There is no r in font nullfont!
Missing character: There is no i in font nullfont!
Missing character: There is no s in font nullfont!
Missing character: There is no i in font nullfont!
Missing character: There is no e in font nullfont!
Missing character: There is no r in font nullfont!
Missing character: There is no e in font nullfont!
Missing character: There is no m in font nullfont!
Missing character: There is no i in font nullfont!
Missing character: There is no t in font nullfont!
! Undefined control sequence.
l.21 \item Parametrisiere $\gamma$ mit \COL
                                           {Parametrisierung}
The control sequence at the end of the top line
of your error message was never \def'ed. If you have
misspelled it (e.g., `\hobx'), type `I' and the correct
spelling (e.g., `I\hbox'). Otherwise just continue,
and I'll forget about whatever was undefined.

Missing character: There is no P in font nullfont!
Missing character: There is no a in font nullfont!
Missing character: There is no r in font nullfont!
Missing character: There is no a in font nullfont!
Missing character: There is no m in font nullfont!
Missing character: There is no e in font nullfont!
Missing character: There is no t in font nullfont!
Missing character: There is no r in font nullfont!
Missing character: There is no i in font nullfont!
Missing character: There is no s in font nullfont!
Missing character: There is no i in font nullfont!
Missing character: There is no e in font nullfont!
Missing character: There is no r in font nullfont!
Missing character: There is no u in font nullfont!
Missing character: There is no n in font nullfont!
Missing character: There is no g in font nullfont!

! LaTeX Error: Something's wrong--perhaps a missing \item.

See the LaTeX manual or LaTeX Companion for explanation.
Type  H <return>  for immediate help.
 ...                                              
                                                  
l.22 \item B
            erechne $\vec{\gamma}^{\prime}(t)=\frac{d}{d t} \vec{\gamma}(t)$...

Try typing  <return>  to proceed.
If that doesn't work, type  X <return>  to quit.


! LaTeX Error: Something's wrong--perhaps a missing \item.

See the LaTeX manual or LaTeX Companion for explanation.
Type  H <return>  for immediate help.
 ...                                              
                                                  
l.22 \item B
            erechne $\vec{\gamma}^{\prime}(t)=\frac{d}{d t} \vec{\gamma}(t)$...

Try typing  <return>  to proceed.
If that doesn't work, type  X <return>  to quit.


! LaTeX Error: Something's wrong--perhaps a missing \item.

See the LaTeX manual or LaTeX Companion for explanation.
Type  H <return>  for immediate help.
 ...                                              
                                                  
l.22 \item B
            erechne $\vec{\gamma}^{\prime}(t)=\frac{d}{d t} \vec{\gamma}(t)$...

Try typing  <return>  to proceed.
If that doesn't work, type  X <return>  to quit.

Missing character: There is no B in font nullfont!
Missing character: There is no e in font nullfont!
Missing character: There is no r in font nullfont!
Missing character: There is no e in font nullfont!
Missing character: There is no c in font nullfont!
Missing character: There is no h in font nullfont!
Missing character: There is no n in font nullfont!
Missing character: There is no e in font nullfont!
Missing character: There is no ( in font nullfont!
Missing character: There is no j in font nullfont!
Missing character: There is no e in font nullfont!
Missing character: There is no d in font nullfont!
Missing character: There is no e in font nullfont!
Missing character: There is no K in font nullfont!
Missing character: There is no o in font nullfont!
Missing character: There is no m in font nullfont!
Missing character: There is no p in font nullfont!
Missing character: There is no o in font nullfont!
Missing character: There is no n in font nullfont!
Missing character: There is no e in font nullfont!
Missing character: There is no n in font nullfont!
Missing character: There is no t in font nullfont!
Missing character: There is no e in font nullfont!
Missing character: There is no n in font nullfont!
Missing character: There is no a in font nullfont!
Missing character: There is no c in font nullfont!
Missing character: There is no h in font nullfont!
Missing character: There is no d in font nullfont!
Missing character: There is no e in font nullfont!
Missing character: There is no m in font nullfont!
Missing character: There is no P in font nullfont!
Missing character: There is no a in font nullfont!
Missing character: There is no r in font nullfont!
Missing character: There is no a in font nullfont!
Missing character: There is no m in font nullfont!
Missing character: There is no e in font nullfont!
Missing character: There is no t in font nullfont!
Missing character: There is no e in font nullfont!
Missing character: There is no r in font nullfont!
Missing character: There is no a in font nullfont!
Missing character: There is no b in font nullfont!
Missing character: There is no l in font nullfont!
Missing character: There is no e in font nullfont!
Missing character: There is no i in font nullfont!
Missing character: There is no t in font nullfont!
Missing character: There is no e in font nullfont!
Missing character: There is no n in font nullfont!
Missing character: There is no ) in font nullfont!
Missing character: There is no . in font nullfont!

! LaTeX Error: Something's wrong--perhaps a missing \item.

See the LaTeX manual or LaTeX Companion for explanation.
Type  H <return>  for immediate help.
 ...                                              
                                                  
l.23 \item B
            enutze die Formel:
Try typing  <return>  to proceed.
If that doesn't work, type  X <return>  to quit.


! LaTeX Error: Something's wrong--perhaps a missing \item.

See the LaTeX manual or LaTeX Companion for explanation.
Type  H <return>  for immediate help.
 ...                                              
                                                  
l.23 \item B
            enutze die Formel:
Try typing  <return>  to proceed.
If that doesn't work, type  X <return>  to quit.


! LaTeX Error: Something's wrong--perhaps a missing \item.

See the LaTeX manual or LaTeX Companion for explanation.
Type  H <return>  for immediate help.
 ...                                              
                                                  
l.23 \item B
            enutze die Formel:
Try typing  <return>  to proceed.
If that doesn't work, type  X <return>  to quit.

Missing character: There is no B in font nullfont!
Missing character: There is no e in font nullfont!
Missing character: There is no n in font nullfont!
Missing character: There is no u in font nullfont!
Missing character: There is no t in font nullfont!
Missing character: There is no z in font nullfont!
Missing character: There is no e in font nullfont!
Missing character: There is no d in font nullfont!
Missing character: There is no i in font nullfont!
Missing character: There is no e in font nullfont!
Missing character: There is no F in font nullfont!
Missing character: There is no o in font nullfont!
Missing character: There is no r in font nullfont!
Missing character: There is no m in font nullfont!
Missing character: There is no e in font nullfont!
Missing character: There is no l in font nullfont!
Missing character: There is no : in font nullfont!

Overfull \hbox (5.73285pt too wide) in paragraph at lines 20--24
\OML/cmm/m/it/10 ^^M$
 []


Overfull \hbox (30.48283pt too wide) in paragraph at lines 20--24
[]\/cmr/m/n/10 (\OML/cmm/m/it/10 t\/cmr/m/n/10 ) =
 []


Overfull \hbox (26.70547pt too wide) in paragraph at lines 20--24
[][]\/cmr/m/n/10 (\OML/cmm/m/it/10 t\/cmr/m/n/10 )$
 []


Overfull \hbox (3.61111pt too wide) in paragraph at lines 20--24
\OML/cmm/m/it/10 t$
 []


Overfull \hbox (123.6504pt too wide) detected at line 26
[][] [] \OMS/cmsy/m/n/10 ^^A \OML/cmm/m/it/10 d[] \/cmr/m/n/10 = [][] []([](\OM
L/cmm/m/it/10 t\/cmr/m/n/10 )) \OMS/cmsy/m/n/10 ^^A []\/cmr/m/n/10 (\OML/cmm/m/
it/10 t\/cmr/m/n/10 )\OML/cmm/m/it/10 dt:
 []


! LaTeX Error: Something's wrong--perhaps a missing \item.

See the LaTeX manual or LaTeX Companion for explanation.
Type  H <return>  for immediate help.
 ...                                              
                                                  
l.27 \end{enumerate}
                    
Try typing  <return>  to proceed.
If that doesn't work, type  X <return>  to quit.

! Undefined control sequence.
l.30 \KRZ
         {Parametrisierungen}{
The control sequence at the end of the top line
of your error message was never \def'ed. If you have
misspelled it (e.g., `\hobx'), type `I' and the correct
spelling (e.g., `I\hbox'). Otherwise just continue,
and I'll forget about whatever was undefined.


! LaTeX Error: Missing \begin{document}.

See the LaTeX manual or LaTeX Companion for explanation.
Type  H <return>  for immediate help.
 ...                                              
                                                  
l.30 \KRZ{P
           arametrisierungen}{
You're in trouble here.  Try typing  <return>  to proceed.
If that doesn't work, type  X <return>  to quit.

Missing character: There is no P in font nullfont!
Missing character: There is no a in font nullfont!
Missing character: There is no r in font nullfont!
Missing character: There is no a in font nullfont!
Missing character: There is no m in font nullfont!
Missing character: There is no e in font nullfont!
Missing character: There is no t in font nullfont!
Missing character: There is no r in font nullfont!
Missing character: There is no i in font nullfont!
Missing character: There is no s in font nullfont!
Missing character: There is no i in font nullfont!
Missing character: There is no e in font nullfont!
Missing character: There is no r in font nullfont!
Missing character: There is no u in font nullfont!
Missing character: There is no n in font nullfont!
Missing character: There is no g in font nullfont!
Missing character: There is no e in font nullfont!
Missing character: There is no n in font nullfont!

Overfull \hbox (20.0pt too wide) in paragraph at lines 30--31
[] 
 []


! LaTeX Error: Missing \begin{document}.

See the LaTeX manual or LaTeX Companion for explanation.
Type  H <return>  for immediate help.
 ...                                              
                                                  
l.31 \begin{itemize}[
                     leftmargin = *]
You're in trouble here.  Try typing  <return>  to proceed.
If that doesn't work, type  X <return>  to quit.

Missing character: There is no [ in font nullfont!
Missing character: There is no l in font nullfont!
Missing character: There is no e in font nullfont!
Missing character: There is no f in font nullfont!
Missing character: There is no t in font nullfont!
Missing character: There is no m in font nullfont!
Missing character: There is no a in font nullfont!
Missing character: There is no r in font nullfont!
Missing character: There is no g in font nullfont!
Missing character: There is no i in font nullfont!
Missing character: There is no n in font nullfont!
Missing character: There is no = in font nullfont!
Missing character: There is no * in font nullfont!
Missing character: There is no ] in font nullfont!

! LaTeX Error: Something's wrong--perhaps a missing \item.

See the LaTeX manual or LaTeX Companion for explanation.
Type  H <return>  for immediate help.
 ...                                              
                                                  
l.32 \item F
            unktion:  $y=f(x)$ oder $x = g(y)$
Try typing  <return>  to proceed.
If that doesn't work, type  X <return>  to quit.


! LaTeX Error: Something's wrong--perhaps a missing \item.

See the LaTeX manual or LaTeX Companion for explanation.
Type  H <return>  for immediate help.
 ...                                              
                                                  
l.32 \item F
            unktion:  $y=f(x)$ oder $x = g(y)$
Try typing  <return>  to proceed.
If that doesn't work, type  X <return>  to quit.


! LaTeX Error: Something's wrong--perhaps a missing \item.

See the LaTeX manual or LaTeX Companion for explanation.
Type  H <return>  for immediate help.
 ...                                              
                                                  
l.32 \item F
            unktion:  $y=f(x)$ oder $x = g(y)$
Try typing  <return>  to proceed.
If that doesn't work, type  X <return>  to quit.

Missing character: There is no F in font nullfont!
Missing character: There is no u in font nullfont!
Missing character: There is no n in font nullfont!
Missing character: There is no k in font nullfont!
Missing character: There is no t in font nullfont!
Missing character: There is no i in font nullfont!
Missing character: There is no o in font nullfont!
Missing character: There is no n in font nullfont!
Missing character: There is no : in font nullfont!
Missing character: There is no o in font nullfont!
Missing character: There is no d in font nullfont!
Missing character: There is no e in font nullfont!
Missing character: There is no r in font nullfont!

! LaTeX Error: Something's wrong--perhaps a missing \item.

See the LaTeX manual or LaTeX Companion for explanation.
Type  H <return>  for immediate help.
 ...                                              
                                                  
l.34 \item $
            x=t, y=f(t)$
Try typing  <return>  to proceed.
If that doesn't work, type  X <return>  to quit.


Overfull \hbox (15.81711pt too wide) in paragraph at lines 31--34
\OML/cmm/m/it/10 y \/cmr/m/n/10 =
 []


Overfull \hbox (19.46533pt too wide) in paragraph at lines 31--34
\OML/cmm/m/it/10 f\/cmr/m/n/10 (\OML/cmm/m/it/10 x\/cmr/m/n/10 )$
 []


Overfull \hbox (16.27078pt too wide) in paragraph at lines 31--34
\OML/cmm/m/it/10 x \/cmr/m/n/10 =
 []


Overfull \hbox (18.16786pt too wide) in paragraph at lines 31--34
\OML/cmm/m/it/10 g\/cmr/m/n/10 (\OML/cmm/m/it/10 y\/cmr/m/n/10 )$ 
 []


Overfull \hbox (16.27078pt too wide) in paragraph at lines 34--35
\OML/cmm/m/it/10 x \/cmr/m/n/10 =
 []


Overfull \hbox (23.87263pt too wide) in paragraph at lines 34--35
\OML/cmm/m/it/10 t; y \/cmr/m/n/10 =
 []


Overfull \hbox (17.36118pt too wide) in paragraph at lines 34--35
\OML/cmm/m/it/10 f\/cmr/m/n/10 (\OML/cmm/m/it/10 t\/cmr/m/n/10 )$ 
 []


Overfull \hbox (16.27078pt too wide) in paragraph at lines 35--36
\OML/cmm/m/it/10 x \/cmr/m/n/10 =
 []


Overfull \hbox (36.7789pt too wide) in paragraph at lines 35--36
\OML/cmm/m/it/10 g\/cmr/m/n/10 (\OML/cmm/m/it/10 t\/cmr/m/n/10 )\OML/cmm/m/it/1
0 ; y \/cmr/m/n/10 =
 []


Overfull \hbox (3.61111pt too wide) in paragraph at lines 35--36
\OML/cmm/m/it/10 t$ 
 []

Missing character: There is no L in font nullfont!
Missing character: There is no i in font nullfont!
Missing character: There is no n in font nullfont!
Missing character: There is no i in font nullfont!
Missing character: There is no e in font nullfont!
Missing character: There is no n in font nullfont!
Missing character: There is no s in font nullfont!
Missing character: There is no e in font nullfont!
Missing character: There is no g in font nullfont!
Missing character: There is no m in font nullfont!
Missing character: There is no e in font nullfont!
Missing character: There is no n in font nullfont!
Missing character: There is no t in font nullfont!
Missing character: There is no : in font nullfont!
Missing character: There is no V in font nullfont!
Missing character: There is no o in font nullfont!
Missing character: There is no n in font nullfont!
Missing character: There is no n in font nullfont!
Missing character: There is no a in font nullfont!
Missing character: There is no c in font nullfont!
Missing character: There is no h in font nullfont!
Missing character: There is no m in font nullfont!
Missing character: There is no i in font nullfont!
Missing character: There is no t in font nullfont!

Overfull \hbox (9.51738pt too wide) in paragraph at lines 37--38
\OML/cmm/m/it/10 p[]$
 []


Overfull \hbox (9.51738pt too wide) in paragraph at lines 37--38
\OML/cmm/m/it/10 p[]$
 []


Overfull \hbox (51.95023pt too wide) in paragraph at lines 37--38
\OML/cmm/m/it/10 p[] []$ 
 []


Overfull \hbox (15.34488pt too wide) in paragraph at lines 39--40
[] \/cmr/m/n/10 =
 []


Overfull \hbox (16.66672pt too wide) in paragraph at lines 39--40
\/cmr/m/n/10 (1 \OMS/cmsy/m/n/10 ^^@
 []


Overfull \hbox (24.7952pt too wide) in paragraph at lines 39--40
\OML/cmm/m/it/10 t\/cmr/m/n/10 )\OML/cmm/m/it/10 p[] \/cmr/m/n/10 +
 []


Overfull \hbox (13.1285pt too wide) in paragraph at lines 39--40
\OML/cmm/m/it/10 tp[]$ 
 []

Missing character: There is no K in font nullfont!
Missing character: There is no r in font nullfont!
Missing character: There is no e in font nullfont!
Missing character: There is no i in font nullfont!
Missing character: There is no s in font nullfont!
Missing character: There is no : in font nullfont!
Missing character: There is no D in font nullfont!
Missing character: There is no e in font nullfont!
Missing character: There is no f in font nullfont!

Overfull \hbox (17.9792pt too wide) in paragraph at lines 41--42
\OML/cmm/m/it/10 x[] \/cmr/m/n/10 +
 []


Overfull \hbox (20.30324pt too wide) in paragraph at lines 41--42
\OML/cmm/m/it/10 y[] \/cmr/m/n/10 =
 []


Overfull \hbox (9.2755pt too wide) in paragraph at lines 41--42
\OML/cmm/m/it/10 r[]$ 
 []

Missing character: There is no U in font nullfont!
Missing character: There is no Z in font nullfont!
Missing character: There is no S in font nullfont!
Missing character: There is no : in font nullfont!

Overfull \hbox (16.27078pt too wide) in paragraph at lines 43--44
\OML/cmm/m/it/10 x \/cmr/m/n/10 =
 []


Overfull \hbox (7.56715pt too wide) in paragraph at lines 43--44
\OML/cmm/m/it/10 r \OMS/cmsy/m/n/10 ^^A
 []


Overfull \hbox (38.92816pt too wide) in paragraph at lines 43--44
[] \OML/cmm/m/it/10 t; y \/cmr/m/n/10 =
 []


Overfull \hbox (15.34496pt too wide) in paragraph at lines 43--44
\OMS/cmsy/m/n/10 ^^@\OML/cmm/m/it/10 r \OMS/cmsy/m/n/10 ^^A
 []


Overfull \hbox (17.55554pt too wide) in paragraph at lines 43--44
[] \OML/cmm/m/it/10 t$ 
 []

Missing character: There is no G in font nullfont!
Missing character: There is no U in font nullfont!
Missing character: There is no Z in font nullfont!
Missing character: There is no S in font nullfont!
Missing character: There is no : in font nullfont!

Overfull \hbox (16.27078pt too wide) in paragraph at lines 44--45
\OML/cmm/m/it/10 x \/cmr/m/n/10 =
 []


Overfull \hbox (7.56715pt too wide) in paragraph at lines 44--45
\OML/cmm/m/it/10 r \OMS/cmsy/m/n/10 ^^A
 []


Overfull \hbox (38.92816pt too wide) in paragraph at lines 44--45
[] \OML/cmm/m/it/10 t; y \/cmr/m/n/10 =
 []


Overfull \hbox (7.56715pt too wide) in paragraph at lines 44--45
\OML/cmm/m/it/10 r \OMS/cmsy/m/n/10 ^^A
 []


Overfull \hbox (17.55554pt too wide) in paragraph at lines 44--45
[] \OML/cmm/m/it/10 t$ 
 []

Missing character: There is no E in font nullfont!
Missing character: There is no l in font nullfont!
Missing character: There is no i in font nullfont!
Missing character: There is no p in font nullfont!
Missing character: There is no s in font nullfont!
Missing character: There is no e in font nullfont!
Missing character: There is no : in font nullfont!
Missing character: There is no D in font nullfont!
Missing character: There is no e in font nullfont!
Missing character: There is no f in font nullfont!

Overfull \hbox (18.61536pt too wide) in paragraph at lines 46--47
[] \/cmr/m/n/10 +
 []


Overfull \hbox (21.16508pt too wide) in paragraph at lines 46--47
[] \/cmr/m/n/10 =
 []


Overfull \hbox (5.00002pt too wide) in paragraph at lines 46--47
\/cmr/m/n/10 1$ 
 []

Missing character: There is no U in font nullfont!
Missing character: There is no Z in font nullfont!
Missing character: There is no S in font nullfont!
Missing character: There is no : in font nullfont!

Overfull \hbox (16.27078pt too wide) in paragraph at lines 48--49
\OML/cmm/m/it/10 x \/cmr/m/n/10 =
 []


Overfull \hbox (8.06367pt too wide) in paragraph at lines 48--49
\OML/cmm/m/it/10 a \OMS/cmsy/m/n/10 ^^A
 []


Overfull \hbox (38.92816pt too wide) in paragraph at lines 48--49
[] \OML/cmm/m/it/10 t; y \/cmr/m/n/10 =
 []


Overfull \hbox (14.84724pt too wide) in paragraph at lines 48--49
\OMS/cmsy/m/n/10 ^^@\OML/cmm/m/it/10 b \OMS/cmsy/m/n/10 ^^A
 []


Overfull \hbox (17.55554pt too wide) in paragraph at lines 48--49
[] \OML/cmm/m/it/10 t$ 
 []

Missing character: There is no G in font nullfont!
Missing character: There is no U in font nullfont!
Missing character: There is no Z in font nullfont!
Missing character: There is no S in font nullfont!
Missing character: There is no : in font nullfont!

Overfull \hbox (16.27078pt too wide) in paragraph at lines 49--50
\OML/cmm/m/it/10 x \/cmr/m/n/10 =
 []


Overfull \hbox (8.06367pt too wide) in paragraph at lines 49--50
\OML/cmm/m/it/10 a \OMS/cmsy/m/n/10 ^^A
 []


Overfull \hbox (38.92816pt too wide) in paragraph at lines 49--50
[] \OML/cmm/m/it/10 t; y \/cmr/m/n/10 =
 []


Overfull \hbox (7.06944pt too wide) in paragraph at lines 49--50
\OML/cmm/m/it/10 b \OMS/cmsy/m/n/10 ^^A
 []


Overfull \hbox (17.55554pt too wide) in paragraph at lines 49--50
[] \OML/cmm/m/it/10 t$ 
 []

Missing character: There is no U in font nullfont!
Missing character: There is no Z in font nullfont!
Missing character: There is no S in font nullfont!
Missing character: There is no = in font nullfont!
Missing character: There is no U in font nullfont!
Missing character: There is no h in font nullfont!
Missing character: There is no r in font nullfont!
Missing character: There is no z in font nullfont!
Missing character: There is no e in font nullfont!
Missing character: There is no i in font nullfont!
Missing character: There is no g in font nullfont!
Missing character: There is no e in font nullfont!
Missing character: There is no r in font nullfont!
Missing character: There is no s in font nullfont!
Missing character: There is no i in font nullfont!
Missing character: There is no n in font nullfont!
Missing character: There is no n in font nullfont!
Missing character: There is no , in font nullfont!
Missing character: There is no G in font nullfont!
Missing character: There is no U in font nullfont!
Missing character: There is no Z in font nullfont!
Missing character: There is no S in font nullfont!
Missing character: There is no = in font nullfont!
Missing character: There is no G in font nullfont!
Missing character: There is no e in font nullfont!
Missing character: There is no g in font nullfont!
Missing character: There is no e in font nullfont!
Missing character: There is no n in font nullfont!
Missing character: There is no u in font nullfont!
Missing character: There is no h in font nullfont!
Missing character: There is no r in font nullfont!
Missing character: There is no z in font nullfont!
Missing character: There is no e in font nullfont!
Missing character: There is no i in font nullfont!
Missing character: There is no g in font nullfont!
Missing character: There is no e in font nullfont!
Missing character: There is no r in font nullfont!
Missing character: There is no s in font nullfont!
Missing character: There is no i in font nullfont!
Missing character: There is no n in font nullfont!
Missing character: There is no n in font nullfont!

Overfull \hbox (20.0pt too wide) in paragraph at lines 54--56
[]
 []

! Undefined control sequence.
l.59 \KRZ
         {Potential}{
The control sequence at the end of the top line
of your error message was never \def'ed. If you have
misspelled it (e.g., `\hobx'), type `I' and the correct
spelling (e.g., `I\hbox'). Otherwise just continue,
and I'll forget about whatever was undefined.


! LaTeX Error: Missing \begin{document}.

See the LaTeX manual or LaTeX Companion for explanation.
Type  H <return>  for immediate help.
 ...                                              
                                                  
l.59 \KRZ{P
           otential}{
You're in trouble here.  Try typing  <return>  to proceed.
If that doesn't work, type  X <return>  to quit.

Missing character: There is no P in font nullfont!
Missing character: There is no o in font nullfont!
Missing character: There is no t in font nullfont!
Missing character: There is no e in font nullfont!
Missing character: There is no n in font nullfont!
Missing character: There is no t in font nullfont!
Missing character: There is no i in font nullfont!
Missing character: There is no a in font nullfont!
Missing character: There is no l in font nullfont!
Missing character: There is no G in font nullfont!
Missing character: There is no e in font nullfont!
Missing character: There is no g in font nullfont!
Missing character: There is no e in font nullfont!
Missing character: There is no b in font nullfont!
Missing character: There is no e in font nullfont!
Missing character: There is no n in font nullfont!
Missing character: There is no s in font nullfont!
Missing character: There is no e in font nullfont!
Missing character: There is no i in font nullfont!
Missing character: There is no e in font nullfont!
Missing character: There is no i in font nullfont!
Missing character: There is no n in font nullfont!
Missing character: There is no k in font nullfont!
Missing character: There is no o in font nullfont!
Missing character: There is no n in font nullfont!
Missing character: There is no s in font nullfont!
Missing character: There is no e in font nullfont!
Missing character: There is no r in font nullfont!
Missing character: There is no v in font nullfont!
Missing character: There is no a in font nullfont!
Missing character: There is no t in font nullfont!
Missing character: There is no i in font nullfont!
Missing character: There is no v in font nullfont!
Missing character: There is no e in font nullfont!
Missing character: There is no s in font nullfont!
Missing character: There is no V in font nullfont!
Missing character: There is no e in font nullfont!
Missing character: There is no k in font nullfont!
Missing character: There is no t in font nullfont!
Missing character: There is no o in font nullfont!
Missing character: There is no r in font nullfont!
Missing character: There is no f in font nullfont!
Missing character: There is no e in font nullfont!
Missing character: There is no l in font nullfont!
Missing character: There is no d in font nullfont!
! Undefined control sequence.
l.60 ...ei ein konservatives Vektorfeld $f:\mathbb
                                                  {R}^3 \rightarrow \mathbb{...
The control sequence at the end of the top line
of your error message was never \def'ed. If you have
misspelled it (e.g., `\hobx'), type `I' and the correct
spelling (e.g., `I\hbox'). Otherwise just continue,
and I'll forget about whatever was undefined.

! Undefined control sequence.
l.60 ...orfeld $f:\mathbb{R}^3 \rightarrow \mathbb
                                                  {R}^3$ mit $f=(f_1, f_2,f_...
The control sequence at the end of the top line
of your error message was never \def'ed. If you have
misspelled it (e.g., `\hobx'), type `I' and the correct
spelling (e.g., `I\hbox'). Otherwise just continue,
and I'll forget about whatever was undefined.

Missing character: There is no m in font nullfont!
Missing character: There is no i in font nullfont!
Missing character: There is no t in font nullfont!
! Undefined control sequence.
l.60 ...row \mathbb{R}^3$ mit $f=(f_1, f_2,f_3)^\T
                                                  $
The control sequence at the end of the top line
of your error message was never \def'ed. If you have
misspelled it (e.g., `\hobx'), type `I' and the correct
spelling (e.g., `I\hbox'). Otherwise just continue,
and I'll forget about whatever was undefined.

! Missing { inserted.
<to be read again> 
                   $
l.60 ...ow \mathbb{R}^3$ mit $f=(f_1, f_2,f_3)^\T$
                                                  
A left brace was mandatory here, so I've put one in.
You might want to delete and/or insert some corrections
so that I will find a matching right brace soon.
(If you're confused by all this, try typing `I}' now.)

! Missing } inserted.
<inserted text> 
                }
l.60 ...ow \mathbb{R}^3$ mit $f=(f_1, f_2,f_3)^\T$
                                                  
I've inserted something that you may have forgotten.
(See the <inserted text> above.)
With luck, this will get me unwedged. But if you
really didn't forget anything, try typing `2' now; then
my insertion and my current dilemma will both disappear.

Missing character: There is no G in font nullfont!
Missing character: There is no e in font nullfont!
Missing character: There is no s in font nullfont!
Missing character: There is no u in font nullfont!
Missing character: There is no c in font nullfont!
Missing character: There is no h in font nullfont!
Missing character: There is no t in font nullfont!
Missing character: There is no : in font nullfont!
! Undefined control sequence.
l.61 Gesucht: $g: \mathbb
                         {R}^3 \rightarrow \mathbb{R}$ mit $\nabla g=f$.
The control sequence at the end of the top line
of your error message was never \def'ed. If you have
misspelled it (e.g., `\hobx'), type `I' and the correct
spelling (e.g., `I\hbox'). Otherwise just continue,
and I'll forget about whatever was undefined.

! Undefined control sequence.
l.61 Gesucht: $g: \mathbb{R}^3 \rightarrow \mathbb
                                                  {R}$ mit $\nabla g=f$.
The control sequence at the end of the top line
of your error message was never \def'ed. If you have
misspelled it (e.g., `\hobx'), type `I' and the correct
spelling (e.g., `I\hbox'). Otherwise just continue,
and I'll forget about whatever was undefined.

Missing character: There is no m in font nullfont!
Missing character: There is no i in font nullfont!
Missing character: There is no t in font nullfont!
Missing character: There is no . in font nullfont!

Overfull \hbox (20.0pt too wide) in paragraph at lines 59--62
[]
 []


Overfull \hbox (11.52776pt too wide) in paragraph at lines 59--62
\OML/cmm/m/it/10 f \/cmr/m/n/10 :
 []


Overfull \hbox (24.934pt too wide) in paragraph at lines 59--62
\OML/cmm/m/it/10 R[] \OMS/cmsy/m/n/10 !
 []


Overfull \hbox (12.15628pt too wide) in paragraph at lines 59--62
\OML/cmm/m/it/10 R[]$
 []


Overfull \hbox (16.52777pt too wide) in paragraph at lines 59--62
\OML/cmm/m/it/10 f \/cmr/m/n/10 =
 []


Overfull \hbox (45.31259pt too wide) in paragraph at lines 59--62
\/cmr/m/n/10 (\OML/cmm/m/it/10 f[]; f[]; f[]\/cmr/m/n/10 )[]$
 []


Overfull \hbox (10.68396pt too wide) in paragraph at lines 59--62
\OML/cmm/m/it/10 g \/cmr/m/n/10 :
 []


Overfull \hbox (24.934pt too wide) in paragraph at lines 59--62
\OML/cmm/m/it/10 R[] \OMS/cmsy/m/n/10 !
 []


Overfull \hbox (7.67015pt too wide) in paragraph at lines 59--62
\OML/cmm/m/it/10 R$
 []


Overfull \hbox (24.01733pt too wide) in paragraph at lines 59--62
\OMS/cmsy/m/n/10 r\OML/cmm/m/it/10 g \/cmr/m/n/10 =
 []


Overfull \hbox (5.97226pt too wide) in paragraph at lines 59--62
\OML/cmm/m/it/10 f$ 
 []


! LaTeX Error: Missing \begin{document}.

See the LaTeX manual or LaTeX Companion for explanation.
Type  H <return>  for immediate help.
 ...                                              
                                                  
l.63 \begin{enumerate}
                      
You're in trouble here.  Try typing  <return>  to proceed.
If that doesn't work, type  X <return>  to quit.


Overfull \hbox (20.0pt too wide) in paragraph at lines 63--63
[] 
 []

Missing character: There is no D in font nullfont!
Missing character: There is no e in font nullfont!
Missing character: There is no f in font nullfont!
Missing character: There is no i in font nullfont!
Missing character: There is no n in font nullfont!
Missing character: There is no i in font nullfont!
Missing character: There is no e in font nullfont!
Missing character: There is no r in font nullfont!
Missing character: There is no e in font nullfont!

Overfull \hbox (48.41777pt too wide) in paragraph at lines 64--65
\OML/cmm/m/it/10 g\/cmr/m/n/10 (\OML/cmm/m/it/10 x; y; z\/cmr/m/n/10 ) =
 []


Overfull \hbox (36.41322pt too wide) in paragraph at lines 64--65
[] \OML/cmm/m/it/10 f[]dx \/cmr/m/n/10 +
 []


Overfull \hbox (27.86pt too wide) in paragraph at lines 64--65
\OML/cmm/m/it/10 a\/cmr/m/n/10 (\OML/cmm/m/it/10 y; z\/cmr/m/n/10 )$ 
 []

Missing character: There is no L in font nullfont!
Missing character: There is no s in font nullfont!
Missing character: There is no e in font nullfont!
Missing character: There is no n in font nullfont!
Missing character: There is no a in font nullfont!
Missing character: There is no c in font nullfont!
Missing character: There is no h in font nullfont!
Missing character: There is no i in font nullfont!
Missing character: There is no n in font nullfont!
Missing character: There is no u in font nullfont!
Missing character: There is no n in font nullfont!
Missing character: There is no d in font nullfont!
Missing character: There is no i in font nullfont!
Missing character: There is no n in font nullfont!
Missing character: There is no t in font nullfont!
Missing character: There is no e in font nullfont!
Missing character: There is no g in font nullfont!
Missing character: There is no r in font nullfont!
Missing character: There is no i in font nullfont!
Missing character: There is no e in font nullfont!
Missing character: There is no r in font nullfont!
Missing character: There is no e in font nullfont!

Overfull \hbox (5.00002pt too wide) in paragraph at lines 65--66
\/cmr/m/n/10 ^^?o
 []


Overfull \hbox (27.86pt too wide) in paragraph at lines 65--66
\OML/cmm/m/it/10 a\/cmr/m/n/10 (\OML/cmm/m/it/10 y; z\/cmr/m/n/10 )$
 []


Overfull \hbox (21.80899pt too wide) in paragraph at lines 65--66
[] \/cmr/m/n/10 =
 []


Overfull \hbox (9.38199pt too wide) in paragraph at lines 65--66
\OML/cmm/m/it/10 f[]$
 []


Overfull \hbox (38.41551pt too wide) in paragraph at lines 65--66
\OML/cmm/m/it/10 a\/cmr/m/n/10 (\OML/cmm/m/it/10 y; z\/cmr/m/n/10 ) =
 []


Overfull \hbox (54.43756pt too wide) in paragraph at lines 65--66
[] \OML/cmm/m/it/10 a\/cmr/m/n/10 (\OML/cmm/m/it/10 y; z\/cmr/m/n/10 )\OML/cmm/
m/it/10 dy \/cmr/m/n/10 +
 []


Overfull \hbox (17.15976pt too wide) in paragraph at lines 65--66
\OML/cmm/m/it/10 b\/cmr/m/n/10 (\OML/cmm/m/it/10 z\/cmr/m/n/10 )$ 
 []

Missing character: There is no L in font nullfont!
Missing character: There is no s in font nullfont!
Missing character: There is no e in font nullfont!
Missing character: There is no n in font nullfont!
Missing character: There is no a in font nullfont!
Missing character: There is no c in font nullfont!
Missing character: There is no h in font nullfont!
Missing character: There is no i in font nullfont!
Missing character: There is no n in font nullfont!
Missing character: There is no u in font nullfont!
Missing character: There is no n in font nullfont!
Missing character: There is no d in font nullfont!
Missing character: There is no i in font nullfont!
Missing character: There is no n in font nullfont!
Missing character: There is no t in font nullfont!
Missing character: There is no e in font nullfont!
Missing character: There is no g in font nullfont!
Missing character: There is no r in font nullfont!
Missing character: There is no i in font nullfont!
Missing character: There is no e in font nullfont!
Missing character: There is no r in font nullfont!
Missing character: There is no e in font nullfont!

Overfull \hbox (5.00002pt too wide) in paragraph at lines 66--67
\/cmr/m/n/10 ^^?o
 []


Overfull \hbox (17.15976pt too wide) in paragraph at lines 66--67
\OML/cmm/m/it/10 b\/cmr/m/n/10 (\OML/cmm/m/it/10 z\/cmr/m/n/10 )$
 []


Overfull \hbox (21.80899pt too wide) in paragraph at lines 66--67
[] \/cmr/m/n/10 =
 []


Overfull \hbox (9.38199pt too wide) in paragraph at lines 66--67
\OML/cmm/m/it/10 f[]$
 []


Overfull \hbox (27.71527pt too wide) in paragraph at lines 66--67
\OML/cmm/m/it/10 b\/cmr/m/n/10 (\OML/cmm/m/it/10 z\/cmr/m/n/10 ) =
 []


Overfull \hbox (25.49306pt too wide) in paragraph at lines 66--67
[] \OML/cmm/m/it/10 b\/cmr/m/n/10 (\OML/cmm/m/it/10 z\/cmr/m/n/10 )$ 
 []

! Undefined control sequence.
l.70 \KRZ
         {Konservativität widerlegen}{
The control sequence at the end of the top line
of your error message was never \def'ed. If you have
misspelled it (e.g., `\hobx'), type `I' and the correct
spelling (e.g., `I\hbox'). Otherwise just continue,
and I'll forget about whatever was undefined.


! LaTeX Error: Missing \begin{document}.

See the LaTeX manual or LaTeX Companion for explanation.
Type  H <return>  for immediate help.
 ...                                              
                                                  
l.70 \KRZ{K
           onservativität widerlegen}{
You're in trouble here.  Try typing  <return>  to proceed.
If that doesn't work, type  X <return>  to quit.

Missing character: There is no K in font nullfont!
Missing character: There is no o in font nullfont!
Missing character: There is no n in font nullfont!
Missing character: There is no s in font nullfont!
Missing character: There is no e in font nullfont!
Missing character: There is no r in font nullfont!
Missing character: There is no v in font nullfont!
Missing character: There is no a in font nullfont!
Missing character: There is no t in font nullfont!
Missing character: There is no i in font nullfont!
Missing character: There is no v in font nullfont!
Missing character: There is no i in font nullfont!
Missing character: There is no t in font nullfont!
Missing character: There is no t in font nullfont!
Missing character: There is no w in font nullfont!
Missing character: There is no i in font nullfont!
Missing character: There is no d in font nullfont!
Missing character: There is no e in font nullfont!
Missing character: There is no r in font nullfont!
Missing character: There is no l in font nullfont!
Missing character: There is no e in font nullfont!
Missing character: There is no g in font nullfont!
Missing character: There is no e in font nullfont!
Missing character: There is no n in font nullfont!

Overfull \hbox (25.00002pt too wide) in paragraph at lines 70--71
[]\/cmr/m/n/10 ^^?a 
 []

Missing character: There is no K in font nullfont!
Missing character: There is no o in font nullfont!
Missing character: There is no n in font nullfont!
Missing character: There is no t in font nullfont!
Missing character: There is no r in font nullfont!
Missing character: There is no a in font nullfont!
Missing character: There is no p in font nullfont!
Missing character: There is no o in font nullfont!
Missing character: There is no s in font nullfont!
Missing character: There is no i in font nullfont!
Missing character: There is no t in font nullfont!
Missing character: There is no i in font nullfont!
Missing character: There is no o in font nullfont!
Missing character: There is no n in font nullfont!
! Undefined control sequence.
l.72 \item Kontraposition \COL
                              {Prop 4.1.13}: $\mathcal{H}_f$ nicht symmetris...
The control sequence at the end of the top line
of your error message was never \def'ed. If you have
misspelled it (e.g., `\hobx'), type `I' and the correct
spelling (e.g., `I\hbox'). Otherwise just continue,
and I'll forget about whatever was undefined.

Missing character: There is no P in font nullfont!
Missing character: There is no r in font nullfont!
Missing character: There is no o in font nullfont!
Missing character: There is no p in font nullfont!
Missing character: There is no 4 in font nullfont!
Missing character: There is no . in font nullfont!
Missing character: There is no 1 in font nullfont!
Missing character: There is no . in font nullfont!
Missing character: There is no 1 in font nullfont!
Missing character: There is no 3 in font nullfont!
Missing character: There is no : in font nullfont!
Missing character: There is no n in font nullfont!
Missing character: There is no i in font nullfont!
Missing character: There is no c in font nullfont!
Missing character: There is no h in font nullfont!
Missing character: There is no t in font nullfont!
Missing character: There is no s in font nullfont!
Missing character: There is no y in font nullfont!
Missing character: There is no m in font nullfont!
Missing character: There is no m in font nullfont!
Missing character: There is no e in font nullfont!
Missing character: There is no t in font nullfont!
Missing character: There is no r in font nullfont!
Missing character: There is no i in font nullfont!
Missing character: There is no s in font nullfont!
Missing character: There is no c in font nullfont!
Missing character: There is no h in font nullfont!
Missing character: There is no n in font nullfont!
Missing character: There is no i in font nullfont!
Missing character: There is no c in font nullfont!
Missing character: There is no h in font nullfont!
Missing character: There is no t in font nullfont!
Missing character: There is no k in font nullfont!
Missing character: There is no o in font nullfont!
Missing character: There is no n in font nullfont!
Missing character: There is no s in font nullfont!
Missing character: There is no e in font nullfont!
Missing character: There is no r in font nullfont!
Missing character: There is no v in font nullfont!
Missing character: There is no a in font nullfont!
Missing character: There is no t in font nullfont!
Missing character: There is no i in font nullfont!
Missing character: There is no v in font nullfont!

Overfull \hbox (13.62926pt too wide) in paragraph at lines 72--73
\OMS/cmsy/m/n/10 H[]$
 []


Overfull \hbox (10.00002pt too wide) in paragraph at lines 72--73
\OMS/cmsy/m/n/10 )$
 []


Overfull \hbox (5.97226pt too wide) in paragraph at lines 72--73
\OML/cmm/m/it/10 f$ 
 []

Missing character: There is no Z in font nullfont!
Missing character: There is no w in font nullfont!
Missing character: There is no e in font nullfont!
Missing character: There is no i in font nullfont!
Missing character: There is no P in font nullfont!
Missing character: There is no a in font nullfont!
Missing character: There is no r in font nullfont!
Missing character: There is no a in font nullfont!
Missing character: There is no m in font nullfont!
Missing character: There is no e in font nullfont!
Missing character: There is no t in font nullfont!
Missing character: There is no r in font nullfont!
Missing character: There is no i in font nullfont!
Missing character: There is no s in font nullfont!
Missing character: There is no i in font nullfont!
Missing character: There is no e in font nullfont!
Missing character: There is no r in font nullfont!
Missing character: There is no u in font nullfont!
Missing character: There is no n in font nullfont!
Missing character: There is no g in font nullfont!
Missing character: There is no e in font nullfont!
Missing character: There is no n in font nullfont!
Missing character: There is no m in font nullfont!
Missing character: There is no i in font nullfont!
Missing character: There is no t in font nullfont!
Missing character: There is no g in font nullfont!
Missing character: There is no l in font nullfont!
Missing character: There is no e in font nullfont!
Missing character: There is no i in font nullfont!
Missing character: There is no c in font nullfont!
Missing character: There is no h in font nullfont!
Missing character: There is no e in font nullfont!
Missing character: There is no n in font nullfont!
Missing character: There is no S in font nullfont!
Missing character: There is no t in font nullfont!
Missing character: There is no a in font nullfont!
Missing character: There is no r in font nullfont!
Missing character: There is no t in font nullfont!
Missing character: There is no - in font nullfont!
Missing character: There is no E in font nullfont!
Missing character: There is no n in font nullfont!
Missing character: There is no d in font nullfont!
Missing character: There is no p in font nullfont!
Missing character: There is no u in font nullfont!
Missing character: There is no n in font nullfont!
Missing character: There is no k in font nullfont!
Missing character: There is no t in font nullfont!
Missing character: There is no m in font nullfont!
Missing character: There is no i in font nullfont!
Missing character: There is no t in font nullfont!
Missing character: There is no u in font nullfont!
Missing character: There is no n in font nullfont!
Missing character: There is no t in font nullfont!
Missing character: There is no e in font nullfont!
Missing character: There is no r in font nullfont!
Missing character: There is no s in font nullfont!
Missing character: There is no c in font nullfont!
Missing character: There is no h in font nullfont!
Missing character: There is no i in font nullfont!
Missing character: There is no e in font nullfont!
Missing character: There is no d in font nullfont!
Missing character: There is no l in font nullfont!
Missing character: There is no i in font nullfont!
Missing character: There is no c in font nullfont!
Missing character: There is no h in font nullfont!
Missing character: There is no e in font nullfont!
Missing character: There is no n in font nullfont!
Missing character: There is no E in font nullfont!
Missing character: There is no r in font nullfont!
Missing character: There is no g in font nullfont!
Missing character: There is no e in font nullfont!
Missing character: There is no b in font nullfont!
Missing character: There is no n in font nullfont!
Missing character: There is no i in font nullfont!
Missing character: There is no s in font nullfont!
Missing character: There is no s in font nullfont!
Missing character: There is no e in font nullfont!
Missing character: There is no n in font nullfont!
Missing character: There is no f in font nullfont!
Missing character: There is no i in font nullfont!
Missing character: There is no n in font nullfont!
Missing character: There is no d in font nullfont!
Missing character: There is no e in font nullfont!
Missing character: There is no n in font nullfont!
Missing character: There is no . in font nullfont!
! Undefined control sequence.
l.77 \DEF
         {4.1.1 (2)}{Ein \COL{Weg} ist ein stetiges $\gamma:[a, b] \rightarr...
The control sequence at the end of the top line
of your error message was never \def'ed. If you have
misspelled it (e.g., `\hobx'), type `I' and the correct
spelling (e.g., `I\hbox'). Otherwise just continue,
and I'll forget about whatever was undefined.


! LaTeX Error: Missing \begin{document}.

See the LaTeX manual or LaTeX Companion for explanation.
Type  H <return>  for immediate help.
 ...                                              
                                                  
l.77 \DEF{4
           .1.1 (2)}{Ein \COL{Weg} ist ein stetiges $\gamma:[a, b] \rightarr...

You're in trouble here.  Try typing  <return>  to proceed.
If that doesn't work, type  X <return>  to quit.

Missing character: There is no 4 in font nullfont!
Missing character: There is no . in font nullfont!
Missing character: There is no 1 in font nullfont!
Missing character: There is no . in font nullfont!
Missing character: There is no 1 in font nullfont!
Missing character: There is no ( in font nullfont!
Missing character: There is no 2 in font nullfont!
Missing character: There is no ) in font nullfont!
Missing character: There is no E in font nullfont!
Missing character: There is no i in font nullfont!
Missing character: There is no n in font nullfont!
! Undefined control sequence.
l.77 \DEF{4.1.1 (2)}{Ein \COL
                             {Weg} ist ein stetiges $\gamma:[a, b] \rightarr...
The control sequence at the end of the top line
of your error message was never \def'ed. If you have
misspelled it (e.g., `\hobx'), type `I' and the correct
spelling (e.g., `I\hbox'). Otherwise just continue,
and I'll forget about whatever was undefined.

Missing character: There is no W in font nullfont!
Missing character: There is no e in font nullfont!
Missing character: There is no g in font nullfont!
Missing character: There is no i in font nullfont!
Missing character: There is no s in font nullfont!
Missing character: There is no t in font nullfont!
Missing character: There is no e in font nullfont!
Missing character: There is no i in font nullfont!
Missing character: There is no n in font nullfont!
Missing character: There is no s in font nullfont!
Missing character: There is no t in font nullfont!
Missing character: There is no e in font nullfont!
Missing character: There is no t in font nullfont!
Missing character: There is no i in font nullfont!
Missing character: There is no g in font nullfont!
Missing character: There is no e in font nullfont!
Missing character: There is no s in font nullfont!
! Undefined control sequence.
l.77 ...tetiges $\gamma:[a, b] \rightarrow \mathbb
                                                  {R}^n$. Wir betrachten nur...
The control sequence at the end of the top line
of your error message was never \def'ed. If you have
misspelled it (e.g., `\hobx'), type `I' and the correct
spelling (e.g., `I\hbox'). Otherwise just continue,
and I'll forget about whatever was undefined.

Missing character: There is no . in font nullfont!
Missing character: There is no W in font nullfont!
Missing character: There is no i in font nullfont!
Missing character: There is no r in font nullfont!
Missing character: There is no b in font nullfont!
Missing character: There is no e in font nullfont!
Missing character: There is no t in font nullfont!
Missing character: There is no r in font nullfont!
Missing character: There is no a in font nullfont!
Missing character: There is no c in font nullfont!
Missing character: There is no h in font nullfont!
Missing character: There is no t in font nullfont!
Missing character: There is no e in font nullfont!
Missing character: There is no n in font nullfont!
Missing character: There is no n in font nullfont!
Missing character: There is no u in font nullfont!
Missing character: There is no r in font nullfont!
! Undefined control sequence.
l.77 ...row \mathbb{R}^n$. Wir betrachten nur \COL
                                                  {stückweise} $C^1$ Wege, ...
The control sequence at the end of the top line
of your error message was never \def'ed. If you have
misspelled it (e.g., `\hobx'), type `I' and the correct
spelling (e.g., `I\hbox'). Otherwise just continue,
and I'll forget about whatever was undefined.

Missing character: There is no s in font nullfont!
Missing character: There is no t in font nullfont!
Missing character: There is no c in font nullfont!
Missing character: There is no k in font nullfont!
Missing character: There is no w in font nullfont!
Missing character: There is no e in font nullfont!
Missing character: There is no i in font nullfont!
Missing character: There is no s in font nullfont!
Missing character: There is no e in font nullfont!
Missing character: There is no W in font nullfont!
Missing character: There is no e in font nullfont!
Missing character: There is no g in font nullfont!
Missing character: There is no e in font nullfont!
Missing character: There is no , in font nullfont!
Missing character: There is no d in font nullfont!
Missing character: There is no . in font nullfont!
Missing character: There is no h in font nullfont!
Missing character: There is no . in font nullfont!
Missing character: There is no e in font nullfont!
Missing character: There is no s in font nullfont!
Missing character: There is no g in font nullfont!
Missing character: There is no i in font nullfont!
Missing character: There is no l in font nullfont!
Missing character: There is no t in font nullfont!
Missing character: There is no a in font nullfont!
Missing character: There is no n in font nullfont!
Missing character: There is no d in font nullfont!
Missing character: There is no S in font nullfont!
Missing character: There is no o in font nullfont!
Missing character: There is no d in font nullfont!
Missing character: There is no a in font nullfont!
Missing character: There is no s in font nullfont!
Missing character: There is no s in font nullfont!
Missing character: There is no f in font nullfont!
Missing character: There is no r in font nullfont!
Missing character: There is no a in font nullfont!
Missing character: There is no l in font nullfont!
Missing character: There is no l in font nullfont!
Missing character: There is no e in font nullfont!
Missing character: There is no . in font nullfont!
Missing character: There is no S in font nullfont!
Missing character: There is no o in font nullfont!
Missing character: There is no m in font nullfont!
Missing character: There is no i in font nullfont!
Missing character: There is no t in font nullfont!
Missing character: There is no g in font nullfont!
Missing character: There is no i in font nullfont!
Missing character: There is no b in font nullfont!
Missing character: There is no t in font nullfont!
Missing character: There is no e in font nullfont!
Missing character: There is no s in font nullfont!
Missing character: There is no " in font nullfont!
Missing character: There is no K in font nullfont!
Missing character: There is no n in font nullfont!
Missing character: There is no i in font nullfont!
Missing character: There is no c in font nullfont!
Missing character: There is no k in font nullfont!
Missing character: There is no p in font nullfont!
Missing character: There is no u in font nullfont!
Missing character: There is no n in font nullfont!
Missing character: There is no k in font nullfont!
Missing character: There is no t in font nullfont!
Missing character: There is no e in font nullfont!
Missing character: There is no " in font nullfont!
Missing character: There is no . in font nullfont!
Missing character: There is no W in font nullfont!
Missing character: There is no i in font nullfont!
Missing character: There is no r in font nullfont!
Missing character: There is no s in font nullfont!
Missing character: There is no a in font nullfont!
Missing character: There is no g in font nullfont!
Missing character: There is no e in font nullfont!
Missing character: There is no n in font nullfont!
Missing character: There is no i in font nullfont!
Missing character: There is no s in font nullfont!
Missing character: There is no t in font nullfont!
Missing character: There is no e in font nullfont!
Missing character: There is no i in font nullfont!
Missing character: There is no n in font nullfont!
Missing character: There is no W in font nullfont!
Missing character: There is no e in font nullfont!
Missing character: There is no g in font nullfont!
Missing character: There is no v in font nullfont!
Missing character: There is no o in font nullfont!
Missing character: There is no n in font nullfont!
Missing character: There is no m in font nullfont!
Missing character: There is no a in font nullfont!
Missing character: There is no c in font nullfont!
Missing character: There is no h in font nullfont!
Missing character: There is no . in font nullfont!

Overfull \hbox (20.0pt too wide) in paragraph at lines 77--78
[]
 []


Overfull \hbox (11.28835pt too wide) in paragraph at lines 77--78
\OML/cmm/m/it/10 ^^M \/cmr/m/n/10 :
 []


Overfull \hbox (32.35526pt too wide) in paragraph at lines 77--78
\/cmr/m/n/10 [\OML/cmm/m/it/10 a; b\/cmr/m/n/10 ] \OMS/cmsy/m/n/10 !
 []


Overfull \hbox (13.11348pt too wide) in paragraph at lines 77--78
\OML/cmm/m/it/10 R[]$
 []


Overfull \hbox (5.55557pt too wide) in paragraph at lines 77--78
\/cmr/m/n/10 ^^?u
 []


Overfull \hbox (12.34862pt too wide) in paragraph at lines 77--78
\OML/cmm/m/it/10 C[]$
 []


Overfull \hbox (16.07635pt too wide) in paragraph at lines 77--78
\OML/cmm/m/it/10 k \OMS/cmsy/m/n/10 ^^U
 []


Overfull \hbox (5.00002pt too wide) in paragraph at lines 77--78
\/cmr/m/n/10 1$
 []


Overfull \hbox (15.8414pt too wide) in paragraph at lines 77--78
\OML/cmm/m/it/10 a \/cmr/m/n/10 =
 []


Overfull \hbox (18.65276pt too wide) in paragraph at lines 77--78
\OML/cmm/m/it/10 t[] <
 []


Overfull \hbox (18.65276pt too wide) in paragraph at lines 77--78
\OML/cmm/m/it/10 t[] <
 []


Overfull \hbox (22.22212pt too wide) in paragraph at lines 77--78
[] \OML/cmm/m/it/10 <
 []


Overfull \hbox (19.08679pt too wide) in paragraph at lines 77--78
\OML/cmm/m/it/10 t[] \/cmr/m/n/10 =
 []


Overfull \hbox (4.29166pt too wide) in paragraph at lines 77--78
\OML/cmm/m/it/10 b$
 []


Overfull \hbox (54.04785pt too wide) in paragraph at lines 77--78
[][] \OML/cmm/m/it/10 C[]$
 []


Overfull \hbox (5.55557pt too wide) in paragraph at lines 77--78
\/cmr/m/n/10 ^^?u
 []


Overfull \hbox (15.55553pt too wide) in paragraph at lines 77--78
\/cmr/m/n/10 1 \OMS/cmsy/m/n/10 ^^T
 []


Overfull \hbox (14.00064pt too wide) in paragraph at lines 77--78
\OML/cmm/m/it/10 i \OMS/cmsy/m/n/10 ^^T
 []


Overfull \hbox (5.76158pt too wide) in paragraph at lines 77--78
\OML/cmm/m/it/10 h$
 []


Overfull \hbox (13.29865pt too wide) in paragraph at lines 77--78
\OML/cmm/m/it/10 k \OMS/cmsy/m/n/10 ^^@
 []


Overfull \hbox (5.00002pt too wide) in paragraph at lines 77--78
\/cmr/m/n/10 1$
 []


Overfull \hbox (5.73285pt too wide) in paragraph at lines 77--78
\OML/cmm/m/it/10 ^^M$
 []


Overfull \hbox (18.79654pt too wide) in paragraph at lines 77--78
\OML/cmm/m/it/10 ^^M\/cmr/m/n/10 (\OML/cmm/m/it/10 a\/cmr/m/n/10 )$
 []


Overfull \hbox (17.8023pt too wide) in paragraph at lines 77--78
\OML/cmm/m/it/10 ^^M\/cmr/m/n/10 (\OML/cmm/m/it/10 b\/cmr/m/n/10 )$ 
 []

! Undefined control sequence.
l.79 \DEF
         {4.1.1 (3)}{Ist $\gamma:[a, b] \rightarrow \mathbb{R}^n$ in weg, $U...
The control sequence at the end of the top line
of your error message was never \def'ed. If you have
misspelled it (e.g., `\hobx'), type `I' and the correct
spelling (e.g., `I\hbox'). Otherwise just continue,
and I'll forget about whatever was undefined.


! LaTeX Error: Missing \begin{document}.

See the LaTeX manual or LaTeX Companion for explanation.
Type  H <return>  for immediate help.
 ...                                              
                                                  
l.79 \DEF{4
           .1.1 (3)}{Ist $\gamma:[a, b] \rightarrow \mathbb{R}^n$ in weg, $U...

You're in trouble here.  Try typing  <return>  to proceed.
If that doesn't work, type  X <return>  to quit.

Missing character: There is no 4 in font nullfont!
Missing character: There is no . in font nullfont!
Missing character: There is no 1 in font nullfont!
Missing character: There is no . in font nullfont!
Missing character: There is no 1 in font nullfont!
Missing character: There is no ( in font nullfont!
Missing character: There is no 3 in font nullfont!
Missing character: There is no ) in font nullfont!
Missing character: There is no I in font nullfont!
Missing character: There is no s in font nullfont!
Missing character: There is no t in font nullfont!
! Undefined control sequence.
l.79 ...3)}{Ist $\gamma:[a, b] \rightarrow \mathbb
                                                  {R}^n$ in weg, $U \subsete...
The control sequence at the end of the top line
of your error message was never \def'ed. If you have
misspelled it (e.g., `\hobx'), type `I' and the correct
spelling (e.g., `I\hbox'). Otherwise just continue,
and I'll forget about whatever was undefined.

Missing character: There is no i in font nullfont!
Missing character: There is no n in font nullfont!
Missing character: There is no w in font nullfont!
Missing character: There is no e in font nullfont!
Missing character: There is no g in font nullfont!
Missing character: There is no , in font nullfont!
! Undefined control sequence.
l.79 ...\mathbb{R}^n$ in weg, $U \subseteq \mathbb
                                                  {R}^n$ sodass $\operatorna...
The control sequence at the end of the top line
of your error message was never \def'ed. If you have
misspelled it (e.g., `\hobx'), type `I' and the correct
spelling (e.g., `I\hbox'). Otherwise just continue,
and I'll forget about whatever was undefined.

Missing character: There is no s in font nullfont!
Missing character: There is no o in font nullfont!
Missing character: There is no d in font nullfont!
Missing character: There is no a in font nullfont!
Missing character: There is no s in font nullfont!
Missing character: There is no s in font nullfont!
! Undefined control sequence.
<recently read> \operatorname 
                              
l.79 ...bseteq \mathbb{R}^n$ sodass $\operatorname
                                                  {Bild}(\gamma) \subseteq u...
The control sequence at the end of the top line
of your error message was never \def'ed. If you have
misspelled it (e.g., `\hobx'), type `I' and the correct
spelling (e.g., `I\hbox'). Otherwise just continue,
and I'll forget about whatever was undefined.

Missing character: There is no u in font nullfont!
Missing character: There is no n in font nullfont!
Missing character: There is no d in font nullfont!
! Undefined control sequence.
l.79 ...\subseteq u$ und $f: U \rightarrow \mathbb
                                                  {R}^n$ stetig. Dann ist da...
The control sequence at the end of the top line
of your error message was never \def'ed. If you have
misspelled it (e.g., `\hobx'), type `I' and the correct
spelling (e.g., `I\hbox'). Otherwise just continue,
and I'll forget about whatever was undefined.

Missing character: There is no s in font nullfont!
Missing character: There is no t in font nullfont!
Missing character: There is no e in font nullfont!
Missing character: There is no t in font nullfont!
Missing character: There is no i in font nullfont!
Missing character: There is no g in font nullfont!
Missing character: There is no . in font nullfont!
Missing character: There is no D in font nullfont!
Missing character: There is no a in font nullfont!
Missing character: There is no n in font nullfont!
Missing character: There is no n in font nullfont!
Missing character: There is no i in font nullfont!
Missing character: There is no s in font nullfont!
Missing character: There is no t in font nullfont!
Missing character: There is no d in font nullfont!
Missing character: There is no a in font nullfont!
Missing character: There is no s in font nullfont!
Missing character: There is no W in font nullfont!
Missing character: There is no e in font nullfont!
Missing character: There is no g in font nullfont!
Missing character: There is no i in font nullfont!
Missing character: There is no n in font nullfont!
Missing character: There is no t in font nullfont!
Missing character: There is no e in font nullfont!
Missing character: There is no g in font nullfont!
Missing character: There is no r in font nullfont!
Missing character: There is no a in font nullfont!
Missing character: There is no l in font nullfont!
Missing character: There is no v in font nullfont!
Missing character: There is no o in font nullfont!
Missing character: There is no n in font nullfont!
Missing character: There is no e in font nullfont!
Missing character: There is no n in font nullfont!
Missing character: There is no t in font nullfont!
Missing character: There is no l in font nullfont!
Missing character: There is no a in font nullfont!
Missing character: There is no n in font nullfont!
Missing character: There is no g in font nullfont!
Missing character: There is no , in font nullfont!
Missing character: There is no g in font nullfont!
Missing character: There is no e in font nullfont!
Missing character: There is no s in font nullfont!
Missing character: There is no c in font nullfont!
Missing character: There is no h in font nullfont!
Missing character: There is no r in font nullfont!
Missing character: There is no i in font nullfont!
Missing character: There is no e in font nullfont!
Missing character: There is no b in font nullfont!
Missing character: There is no e in font nullfont!
Missing character: There is no n in font nullfont!
Missing character: There is no , in font nullfont!
Missing character: There is no d in font nullfont!
Missing character: There is no e in font nullfont!
Missing character: There is no f in font nullfont!
Missing character: There is no i in font nullfont!
Missing character: There is no n in font nullfont!
Missing character: There is no i in font nullfont!
Missing character: There is no e in font nullfont!
Missing character: There is no r in font nullfont!
Missing character: There is no t in font nullfont!
Missing character: There is no a in font nullfont!
Missing character: There is no l in font nullfont!
Missing character: There is no s in font nullfont!

Overfull \hbox (20.0pt too wide) in paragraph at lines 79--80
[]
 []


Overfull \hbox (11.28835pt too wide) in paragraph at lines 79--80
\OML/cmm/m/it/10 ^^M \/cmr/m/n/10 :
 []


Overfull \hbox (32.35526pt too wide) in paragraph at lines 79--80
\/cmr/m/n/10 [\OML/cmm/m/it/10 a; b\/cmr/m/n/10 ] \OMS/cmsy/m/n/10 !
 []


Overfull \hbox (13.11348pt too wide) in paragraph at lines 79--80
\OML/cmm/m/it/10 R[]$
 []


Overfull \hbox (18.47354pt too wide) in paragraph at lines 79--80
\OML/cmm/m/it/10 U \OMS/cmsy/m/n/10 ^^R
 []


Overfull \hbox (13.11348pt too wide) in paragraph at lines 79--80
\OML/cmm/m/it/10 R[]$
 []


Overfull \hbox (43.98354pt too wide) in paragraph at lines 79--80
[]\/cmr/m/n/10 (\OML/cmm/m/it/10 ^^M\/cmr/m/n/10 ) \OMS/cmsy/m/n/10 ^^R
 []


Overfull \hbox (5.72458pt too wide) in paragraph at lines 79--80
\OML/cmm/m/it/10 u$
 []


Overfull \hbox (11.52776pt too wide) in paragraph at lines 79--80
\OML/cmm/m/it/10 f \/cmr/m/n/10 :
 []


Overfull \hbox (20.69576pt too wide) in paragraph at lines 79--80
\OML/cmm/m/it/10 U \OMS/cmsy/m/n/10 !
 []


Overfull \hbox (13.11348pt too wide) in paragraph at lines 79--80
\OML/cmm/m/it/10 R[]$
 []


Overfull \hbox (5.97226pt too wide) in paragraph at lines 79--80
\OML/cmm/m/it/10 f$
 []


Overfull \hbox (5.73285pt too wide) in paragraph at lines 79--80
\OML/cmm/m/it/10 ^^M$
 []


Overfull \hbox (32.73528pt too wide) in paragraph at lines 79--80
[][] \OML/cmm/m/it/10 f\/cmr/m/n/10 (\OML/cmm/m/it/10 s\/cmr/m/n/10 ) \OMS/cmsy
/m/n/10 ^^A
 []


Overfull \hbox (9.89236pt too wide) in paragraph at lines 79--80
\OML/cmm/m/it/10 d[]$
 []


! LaTeX Error: The font size command \normalsize is not defined:
               there is probably something wrong with the class file.

See the LaTeX manual or LaTeX Companion for explanation.
Type  H <return>  for immediate help.
 ...                                              
                                                  
l.80 
     
Your command was ignored.
Type  I <command> <return>  to replace it with another command,
or  <return>  to continue without it.

[1{C:/Users/41783/AppData/Local/MiKTeX/fonts/map/pdftex/pdftex.map}]

! LaTeX Error: Missing \begin{document}.

See the LaTeX manual or LaTeX Companion for explanation.
Type  H <return>  for immediate help.
 ...                                              
                                                  
l.81  $
       $
You're in trouble here.  Try typing  <return>  to proceed.
If that doesn't work, type  X <return>  to quit.


Overfull \hbox (20.0pt too wide) in paragraph at lines 81--81
[] 
 []


Overfull \hbox (78.07622pt too wide) detected at line 83
[][] \OML/cmm/m/it/10 f\/cmr/m/n/10 (\OML/cmm/m/it/10 ^^M\/cmr/m/n/10 (\OML/cmm
/m/it/10 t\/cmr/m/n/10 )) \OMS/cmsy/m/n/10 ^^A \OML/cmm/m/it/10 ^^M[]\/cmr/m/n/
10 (\OML/cmm/m/it/10 t\/cmr/m/n/10 )\OML/cmm/m/it/10 dt
 []


! LaTeX Error: Missing \begin{document}.

See the LaTeX manual or LaTeX Companion for explanation.
Type  H <return>  for immediate help.
 ...                                              
                                                  
l.85  E
       ine alternative Scheibweise ist das Skalarprodukt
You're in trouble here.  Try typing  <return>  to proceed.
If that doesn't work, type  X <return>  to quit.

Missing character: There is no E in font nullfont!
Missing character: There is no i in font nullfont!
Missing character: There is no n in font nullfont!
Missing character: There is no e in font nullfont!
Missing character: There is no a in font nullfont!
Missing character: There is no l in font nullfont!
Missing character: There is no t in font nullfont!
Missing character: There is no e in font nullfont!
Missing character: There is no r in font nullfont!
Missing character: There is no n in font nullfont!
Missing character: There is no a in font nullfont!
Missing character: There is no t in font nullfont!
Missing character: There is no i in font nullfont!
Missing character: There is no v in font nullfont!
Missing character: There is no e in font nullfont!
Missing character: There is no S in font nullfont!
Missing character: There is no c in font nullfont!
Missing character: There is no h in font nullfont!
Missing character: There is no e in font nullfont!
Missing character: There is no i in font nullfont!
Missing character: There is no b in font nullfont!
Missing character: There is no w in font nullfont!
Missing character: There is no e in font nullfont!
Missing character: There is no i in font nullfont!
Missing character: There is no s in font nullfont!
Missing character: There is no e in font nullfont!
Missing character: There is no i in font nullfont!
Missing character: There is no s in font nullfont!
Missing character: There is no t in font nullfont!
Missing character: There is no d in font nullfont!
Missing character: There is no a in font nullfont!
Missing character: There is no s in font nullfont!
Missing character: There is no S in font nullfont!
Missing character: There is no k in font nullfont!
Missing character: There is no a in font nullfont!
Missing character: There is no l in font nullfont!
Missing character: There is no a in font nullfont!
Missing character: There is no r in font nullfont!
Missing character: There is no p in font nullfont!
Missing character: There is no r in font nullfont!
Missing character: There is no o in font nullfont!
Missing character: There is no d in font nullfont!
Missing character: There is no u in font nullfont!
Missing character: There is no k in font nullfont!
Missing character: There is no t in font nullfont!

Overfull \hbox (20.0pt too wide) in paragraph at lines 85--86
[]
 []


Overfull \hbox (63.02136pt too wide) detected at line 88
[]
 []

! Undefined control sequence.
l.90  \DEF
          {4.1.4}{Eine \COL{orientierte Umparametrisierung} eines Wegs $\gam...
The control sequence at the end of the top line
of your error message was never \def'ed. If you have
misspelled it (e.g., `\hobx'), type `I' and the correct
spelling (e.g., `I\hbox'). Otherwise just continue,
and I'll forget about whatever was undefined.


! LaTeX Error: Missing \begin{document}.

See the LaTeX manual or LaTeX Companion for explanation.
Type  H <return>  for immediate help.
 ...                                              
                                                  
l.90  \DEF{4
            .1.4}{Eine \COL{orientierte Umparametrisierung} eines Wegs $\gam...

You're in trouble here.  Try typing  <return>  to proceed.
If that doesn't work, type  X <return>  to quit.

Missing character: There is no 4 in font nullfont!
Missing character: There is no . in font nullfont!
Missing character: There is no 1 in font nullfont!
Missing character: There is no . in font nullfont!
Missing character: There is no 4 in font nullfont!
Missing character: There is no E in font nullfont!
Missing character: There is no i in font nullfont!
Missing character: There is no n in font nullfont!
Missing character: There is no e in font nullfont!
! Undefined control sequence.
l.90  \DEF{4.1.4}{Eine \COL
                           {orientierte Umparametrisierung} eines Wegs $\gam...
The control sequence at the end of the top line
of your error message was never \def'ed. If you have
misspelled it (e.g., `\hobx'), type `I' and the correct
spelling (e.g., `I\hbox'). Otherwise just continue,
and I'll forget about whatever was undefined.

Missing character: There is no o in font nullfont!
Missing character: There is no r in font nullfont!
Missing character: There is no i in font nullfont!
Missing character: There is no e in font nullfont!
Missing character: There is no n in font nullfont!
Missing character: There is no t in font nullfont!
Missing character: There is no i in font nullfont!
Missing character: There is no e in font nullfont!
Missing character: There is no r in font nullfont!
Missing character: There is no t in font nullfont!
Missing character: There is no e in font nullfont!
Missing character: There is no U in font nullfont!
Missing character: There is no m in font nullfont!
Missing character: There is no p in font nullfont!
Missing character: There is no a in font nullfont!
Missing character: There is no r in font nullfont!
Missing character: There is no a in font nullfont!
Missing character: There is no m in font nullfont!
Missing character: There is no e in font nullfont!
Missing character: There is no t in font nullfont!
Missing character: There is no r in font nullfont!
Missing character: There is no i in font nullfont!
Missing character: There is no s in font nullfont!
Missing character: There is no i in font nullfont!
Missing character: There is no e in font nullfont!
Missing character: There is no r in font nullfont!
Missing character: There is no u in font nullfont!
Missing character: There is no n in font nullfont!
Missing character: There is no g in font nullfont!
Missing character: There is no e in font nullfont!
Missing character: There is no i in font nullfont!
Missing character: There is no n in font nullfont!
Missing character: There is no e in font nullfont!
Missing character: There is no s in font nullfont!
Missing character: There is no W in font nullfont!
Missing character: There is no e in font nullfont!
Missing character: There is no g in font nullfont!
Missing character: There is no s in font nullfont!
! Undefined control sequence.
l.90 ...es Wegs $\gamma:[a, b] \rightarrow \mathbb
                                                  {R}^n$ ist ein Weg $\sigma...
The control sequence at the end of the top line
of your error message was never \def'ed. If you have
misspelled it (e.g., `\hobx'), type `I' and the correct
spelling (e.g., `I\hbox'). Otherwise just continue,
and I'll forget about whatever was undefined.

Missing character: There is no i in font nullfont!
Missing character: There is no s in font nullfont!
Missing character: There is no t in font nullfont!
Missing character: There is no e in font nullfont!
Missing character: There is no i in font nullfont!
Missing character: There is no n in font nullfont!
Missing character: There is no W in font nullfont!
Missing character: There is no e in font nullfont!
Missing character: There is no g in font nullfont!
! Undefined control sequence.
l.90 ...ein Weg $\sigma:[c, d] \rightarrow \mathbb
                                                  {R}^u$ mit $\sigma=\gamma ...
The control sequence at the end of the top line
of your error message was never \def'ed. If you have
misspelled it (e.g., `\hobx'), type `I' and the correct
spelling (e.g., `I\hbox'). Otherwise just continue,
and I'll forget about whatever was undefined.

Missing character: There is no m in font nullfont!
Missing character: There is no i in font nullfont!
Missing character: There is no t in font nullfont!
Missing character: There is no , in font nullfont!
Missing character: There is no w in font nullfont!
Missing character: There is no o in font nullfont!
Missing character: There is no b in font nullfont!
Missing character: There is no e in font nullfont!
Missing character: There is no i in font nullfont!
Missing character: There is no s in font nullfont!
Missing character: There is no t in font nullfont!
Missing character: There is no e in font nullfont!
Missing character: There is no t in font nullfont!
Missing character: There is no i in font nullfont!
Missing character: There is no g in font nullfont!
Missing character: There is no i in font nullfont!
Missing character: There is no s in font nullfont!
Missing character: There is no t in font nullfont!
Missing character: There is no , in font nullfont!
Missing character: There is no d in font nullfont!
Missing character: There is no i in font nullfont!
Missing character: There is no f in font nullfont!
Missing character: There is no f in font nullfont!
Missing character: There is no e in font nullfont!
Missing character: There is no r in font nullfont!
Missing character: There is no e in font nullfont!
Missing character: There is no n in font nullfont!
Missing character: There is no z in font nullfont!
Missing character: There is no i in font nullfont!
Missing character: There is no e in font nullfont!
Missing character: There is no r in font nullfont!
Missing character: There is no b in font nullfont!
Missing character: There is no a in font nullfont!
Missing character: There is no r in font nullfont!
Missing character: There is no a in font nullfont!
Missing character: There is no u in font nullfont!
Missing character: There is no f in font nullfont!
Missing character: There is no , in font nullfont!
Missing character: There is no s in font nullfont!
Missing character: There is no t in font nullfont!
Missing character: There is no r in font nullfont!
Missing character: There is no e in font nullfont!
Missing character: There is no n in font nullfont!
Missing character: There is no g in font nullfont!
Missing character: There is no m in font nullfont!
Missing character: There is no o in font nullfont!
Missing character: There is no n in font nullfont!
Missing character: There is no o in font nullfont!
Missing character: There is no t in font nullfont!
Missing character: There is no o in font nullfont!
Missing character: There is no n in font nullfont!
Missing character: There is no w in font nullfont!
Missing character: There is no a in font nullfont!
Missing character: There is no c in font nullfont!
Missing character: There is no h in font nullfont!
Missing character: There is no s in font nullfont!
Missing character: There is no e in font nullfont!
Missing character: There is no n in font nullfont!
Missing character: There is no d in font nullfont!
Missing character: There is no m in font nullfont!
Missing character: There is no i in font nullfont!
Missing character: There is no t in font nullfont!
Missing character: There is no a in font nullfont!
Missing character: There is no n in font nullfont!
Missing character: There is no d in font nullfont!
Missing character: There is no ( in font nullfont!
Missing character: There is no i in font nullfont!
Missing character: There is no n in font nullfont!
Missing character: There is no s in font nullfont!
Missing character: There is no b in font nullfont!
Missing character: There is no e in font nullfont!
Missing character: There is no s in font nullfont!
Missing character: There is no o in font nullfont!
Missing character: There is no n in font nullfont!
Missing character: There is no d in font nullfont!
Missing character: There is no e in font nullfont!
Missing character: There is no r in font nullfont!
Missing character: There is no e in font nullfont!
Missing character: There is no b in font nullfont!
Missing character: There is no i in font nullfont!
Missing character: There is no j in font nullfont!
Missing character: There is no e in font nullfont!
Missing character: There is no k in font nullfont!
Missing character: There is no t in font nullfont!
Missing character: There is no i in font nullfont!
Missing character: There is no v in font nullfont!
Missing character: There is no ) in font nullfont!
Missing character: There is no . in font nullfont!

Overfull \hbox (20.0pt too wide) in paragraph at lines 90--91
[]
 []


Overfull \hbox (11.28835pt too wide) in paragraph at lines 90--91
\OML/cmm/m/it/10 ^^M \/cmr/m/n/10 :
 []


Overfull \hbox (32.35526pt too wide) in paragraph at lines 90--91
\/cmr/m/n/10 [\OML/cmm/m/it/10 a; b\/cmr/m/n/10 ] \OMS/cmsy/m/n/10 !
 []


Overfull \hbox (13.11348pt too wide) in paragraph at lines 90--91
\OML/cmm/m/it/10 R[]$
 []


Overfull \hbox (11.6284pt too wide) in paragraph at lines 90--91
\OML/cmm/m/it/10 ^^[ \/cmr/m/n/10 :
 []


Overfull \hbox (32.31013pt too wide) in paragraph at lines 90--91
\/cmr/m/n/10 [\OML/cmm/m/it/10 c; d\/cmr/m/n/10 ] \OMS/cmsy/m/n/10 !
 []


Overfull \hbox (12.89821pt too wide) in paragraph at lines 90--91
\OML/cmm/m/it/10 R[]$
 []


Overfull \hbox (16.62842pt too wide) in paragraph at lines 90--91
\OML/cmm/m/it/10 ^^[ \/cmr/m/n/10 =
 []


Overfull \hbox (10.73286pt too wide) in paragraph at lines 90--91
\OML/cmm/m/it/10 ^^M \OMS/cmsy/m/n/10 ^^N
 []


Overfull \hbox (6.54167pt too wide) in paragraph at lines 90--91
\OML/cmm/m/it/10 '$
 []


Overfull \hbox (12.09717pt too wide) in paragraph at lines 90--91
\OML/cmm/m/it/10 ' \/cmr/m/n/10 :
 []


Overfull \hbox (32.31013pt too wide) in paragraph at lines 90--91
\/cmr/m/n/10 [\OML/cmm/m/it/10 c; d\/cmr/m/n/10 ] \OMS/cmsy/m/n/10 !
 []


Overfull \hbox (19.57753pt too wide) in paragraph at lines 90--91
\/cmr/m/n/10 [\OML/cmm/m/it/10 a; b\/cmr/m/n/10 ]$
 []


Overfull \hbox (21.75464pt too wide) in paragraph at lines 90--91
\/cmr/m/n/10 (\OML/cmm/m/it/10 c; d\/cmr/m/n/10 )$
 []


Overfull \hbox (29.20255pt too wide) in paragraph at lines 90--91
\OML/cmm/m/it/10 '\/cmr/m/n/10 (\OML/cmm/m/it/10 c\/cmr/m/n/10 ) =
 []


Overfull \hbox (5.28589pt too wide) in paragraph at lines 90--91
\OML/cmm/m/it/10 a$
 []


Overfull \hbox (30.07985pt too wide) in paragraph at lines 90--91
\OML/cmm/m/it/10 '\/cmr/m/n/10 (\OML/cmm/m/it/10 d\/cmr/m/n/10 ) =
 []


Overfull \hbox (4.29166pt too wide) in paragraph at lines 90--91
\OML/cmm/m/it/10 b$
 []

! Undefined control sequence.
l.92 \PROP
          {4.1.5}{$\gamma$ ein Weg in $\mathbb{R}^n$ mit einer orientierten ...
The control sequence at the end of the top line
of your error message was never \def'ed. If you have
misspelled it (e.g., `\hobx'), type `I' and the correct
spelling (e.g., `I\hbox'). Otherwise just continue,
and I'll forget about whatever was undefined.


! LaTeX Error: Missing \begin{document}.

See the LaTeX manual or LaTeX Companion for explanation.
Type  H <return>  for immediate help.
 ...                                              
                                                  
l.92 \PROP{4
            .1.5}{$\gamma$ ein Weg in $\mathbb{R}^n$ mit einer orientierten ...

You're in trouble here.  Try typing  <return>  to proceed.
If that doesn't work, type  X <return>  to quit.

Missing character: There is no 4 in font nullfont!
Missing character: There is no . in font nullfont!
Missing character: There is no 1 in font nullfont!
Missing character: There is no . in font nullfont!
Missing character: There is no 5 in font nullfont!
Missing character: There is no e in font nullfont!
Missing character: There is no i in font nullfont!
Missing character: There is no n in font nullfont!
Missing character: There is no W in font nullfont!
Missing character: There is no e in font nullfont!
Missing character: There is no g in font nullfont!
Missing character: There is no i in font nullfont!
Missing character: There is no n in font nullfont!
! Undefined control sequence.
<recently read> \mathbb 
                        
l.92 \PROP{4.1.5}{$\gamma$ ein Weg in $\mathbb
                                              {R}^n$ mit einer orientierten ...
The control sequence at the end of the top line
of your error message was never \def'ed. If you have
misspelled it (e.g., `\hobx'), type `I' and the correct
spelling (e.g., `I\hbox'). Otherwise just continue,
and I'll forget about whatever was undefined.

Missing character: There is no m in font nullfont!
Missing character: There is no i in font nullfont!
Missing character: There is no t in font nullfont!
Missing character: There is no e in font nullfont!
Missing character: There is no i in font nullfont!
Missing character: There is no n in font nullfont!
Missing character: There is no e in font nullfont!
Missing character: There is no r in font nullfont!
Missing character: There is no o in font nullfont!
Missing character: There is no r in font nullfont!
Missing character: There is no i in font nullfont!
Missing character: There is no e in font nullfont!
Missing character: There is no n in font nullfont!
Missing character: There is no t in font nullfont!
Missing character: There is no i in font nullfont!
Missing character: There is no e in font nullfont!
Missing character: There is no r in font nullfont!
Missing character: There is no t in font nullfont!
Missing character: There is no e in font nullfont!
Missing character: There is no n in font nullfont!
Missing character: There is no U in font nullfont!
Missing character: There is no m in font nullfont!
Missing character: There is no p in font nullfont!
Missing character: There is no a in font nullfont!
Missing character: There is no r in font nullfont!
Missing character: There is no a in font nullfont!
Missing character: There is no m in font nullfont!
Missing character: There is no e in font nullfont!
Missing character: There is no t in font nullfont!
Missing character: There is no r in font nullfont!
Missing character: There is no i in font nullfont!
Missing character: There is no s in font nullfont!
Missing character: There is no i in font nullfont!
Missing character: There is no e in font nullfont!
Missing character: There is no r in font nullfont!
Missing character: There is no u in font nullfont!
Missing character: There is no n in font nullfont!
Missing character: There is no g in font nullfont!
Missing character: There is no v in font nullfont!
Missing character: There is no o in font nullfont!
Missing character: There is no n in font nullfont!
Missing character: There is no S in font nullfont!
Missing character: There is no e in font nullfont!
Missing character: There is no i in font nullfont!
Missing character: There is no w in font nullfont!
Missing character: There is no e in font nullfont!
Missing character: There is no i in font nullfont!
Missing character: There is no t in font nullfont!
Missing character: There is no e in font nullfont!
Missing character: There is no r in font nullfont!
Missing character: There is no d in font nullfont!
Missing character: There is no a in font nullfont!
Missing character: There is no s in font nullfont!
Missing character: There is no B in font nullfont!
Missing character: There is no i in font nullfont!
Missing character: There is no l in font nullfont!
Missing character: There is no d in font nullfont!
! Undefined control sequence.
l.93 ...Bild $\gamma \subseteq u \subseteq \mathbb
                                                  {R}^n$ und $f: U \rightarr...
The control sequence at the end of the top line
of your error message was never \def'ed. If you have
misspelled it (e.g., `\hobx'), type `I' and the correct
spelling (e.g., `I\hbox'). Otherwise just continue,
and I'll forget about whatever was undefined.

Missing character: There is no u in font nullfont!
Missing character: There is no n in font nullfont!
Missing character: There is no d in font nullfont!
! Undefined control sequence.
l.93 ...mathbb{R}^n$ und $f: U \rightarrow \mathbb
                                                  {R}^n$ stetig. Dann: $$
The control sequence at the end of the top line
of your error message was never \def'ed. If you have
misspelled it (e.g., `\hobx'), type `I' and the correct
spelling (e.g., `I\hbox'). Otherwise just continue,
and I'll forget about whatever was undefined.

Missing character: There is no s in font nullfont!
Missing character: There is no t in font nullfont!
Missing character: There is no e in font nullfont!
Missing character: There is no t in font nullfont!
Missing character: There is no i in font nullfont!
Missing character: There is no g in font nullfont!
Missing character: There is no . in font nullfont!
Missing character: There is no D in font nullfont!
Missing character: There is no a in font nullfont!
Missing character: There is no n in font nullfont!
Missing character: There is no n in font nullfont!
Missing character: There is no : in font nullfont!

Overfull \hbox (25.73285pt too wide) in paragraph at lines 92--93
[]$\OML/cmm/m/it/10 ^^M$
 []


Overfull \hbox (13.11348pt too wide) in paragraph at lines 92--93
\OML/cmm/m/it/10 R[]$
 []


Overfull \hbox (6.0729pt too wide) in paragraph at lines 92--93
\OML/cmm/m/it/10 ^^[$
 []


Overfull \hbox (5.73285pt too wide) in paragraph at lines 92--93
\OML/cmm/m/it/10 ^^M$
 []


Overfull \hbox (16.28836pt too wide) in paragraph at lines 92--93
\OML/cmm/m/it/10 ^^M \OMS/cmsy/m/n/10 ^^R
 []


Overfull \hbox (16.28009pt too wide) in paragraph at lines 92--93
\OML/cmm/m/it/10 u \OMS/cmsy/m/n/10 ^^R
 []


Overfull \hbox (13.11348pt too wide) in paragraph at lines 92--93
\OML/cmm/m/it/10 R[]$
 []


Overfull \hbox (11.52776pt too wide) in paragraph at lines 92--93
\OML/cmm/m/it/10 f \/cmr/m/n/10 :
 []


Overfull \hbox (20.69576pt too wide) in paragraph at lines 92--93
\OML/cmm/m/it/10 U \OMS/cmsy/m/n/10 !
 []


Overfull \hbox (13.11348pt too wide) in paragraph at lines 92--93
\OML/cmm/m/it/10 R[]$
 []


Overfull \hbox (100.50922pt too wide) detected at line 95
[][] \OML/cmm/m/it/10 f\/cmr/m/n/10 (\OML/cmm/m/it/10 s\/cmr/m/n/10 ) \OMS/cmsy
/m/n/10 ^^A \OML/cmm/m/it/10 d[] \/cmr/m/n/10 = [][] \OML/cmm/m/it/10 f\/cmr/m/
n/10 (\OML/cmm/m/it/10 s\/cmr/m/n/10 ) \OMS/cmsy/m/n/10 ^^A \OML/cmm/m/it/10 d[
]
 []

! Undefined control sequence.
l.97 \DEF
         {4.1.8}{ $u \subseteq \mathbb{R}^m, \quad f: u \rightarrow \mathbb{...
The control sequence at the end of the top line
of your error message was never \def'ed. If you have
misspelled it (e.g., `\hobx'), type `I' and the correct
spelling (e.g., `I\hbox'). Otherwise just continue,
and I'll forget about whatever was undefined.


! LaTeX Error: Missing \begin{document}.

See the LaTeX manual or LaTeX Companion for explanation.
Type  H <return>  for immediate help.
 ...                                              
                                                  
l.97 \DEF{4
           .1.8}{ $u \subseteq \mathbb{R}^m, \quad f: u \rightarrow \mathbb{...

You're in trouble here.  Try typing  <return>  to proceed.
If that doesn't work, type  X <return>  to quit.

Missing character: There is no 4 in font nullfont!
Missing character: There is no . in font nullfont!
Missing character: There is no 1 in font nullfont!
Missing character: There is no . in font nullfont!
Missing character: There is no 8 in font nullfont!
! Undefined control sequence.
l.97 \DEF{4.1.8}{ $u \subseteq \mathbb
                                      {R}^m, \quad f: u \rightarrow \mathbb{...
The control sequence at the end of the top line
of your error message was never \def'ed. If you have
misspelled it (e.g., `\hobx'), type `I' and the correct
spelling (e.g., `I\hbox'). Otherwise just continue,
and I'll forget about whatever was undefined.

! Undefined control sequence.
l.97 ...athbb{R}^m, \quad f: u \rightarrow \mathbb
                                                  {R}^n$ stetig. Falls für ...
The control sequence at the end of the top line
of your error message was never \def'ed. If you have
misspelled it (e.g., `\hobx'), type `I' and the correct
spelling (e.g., `I\hbox'). Otherwise just continue,
and I'll forget about whatever was undefined.

Missing character: There is no s in font nullfont!
Missing character: There is no t in font nullfont!
Missing character: There is no e in font nullfont!
Missing character: There is no t in font nullfont!
Missing character: There is no i in font nullfont!
Missing character: There is no g in font nullfont!
Missing character: There is no . in font nullfont!
Missing character: There is no F in font nullfont!
Missing character: There is no a in font nullfont!
Missing character: There is no l in font nullfont!
Missing character: There is no l in font nullfont!
Missing character: There is no s in font nullfont!
Missing character: There is no f in font nullfont!
Missing character: There is no r in font nullfont!
Missing character: There is no a in font nullfont!
Missing character: There is no l in font nullfont!
Missing character: There is no l in font nullfont!
Missing character: There is no e in font nullfont!
Missing character: There is no d in font nullfont!
Missing character: There is no a in font nullfont!
Missing character: There is no s in font nullfont!
Missing character: There is no I in font nullfont!
Missing character: There is no n in font nullfont!
Missing character: There is no t in font nullfont!
Missing character: There is no e in font nullfont!
Missing character: There is no g in font nullfont!
Missing character: There is no r in font nullfont!
Missing character: There is no a in font nullfont!
Missing character: There is no l in font nullfont!

Overfull \hbox (20.0pt too wide) in paragraph at lines 97--98
[]
 []


Overfull \hbox (16.28009pt too wide) in paragraph at lines 97--98
\OML/cmm/m/it/10 u \OMS/cmsy/m/n/10 ^^R
 []


Overfull \hbox (31.23843pt too wide) in paragraph at lines 97--98
\OML/cmm/m/it/10 R[];  f \/cmr/m/n/10 :
 []


Overfull \hbox (18.5023pt too wide) in paragraph at lines 97--98
\OML/cmm/m/it/10 u \OMS/cmsy/m/n/10 !
 []


Overfull \hbox (13.11348pt too wide) in paragraph at lines 97--98
\OML/cmm/m/it/10 R[]$
 []


Overfull \hbox (5.55557pt too wide) in paragraph at lines 97--98
\/cmr/m/n/10 ^^?u
 []


Overfull \hbox (34.29161pt too wide) in paragraph at lines 97--98
\OML/cmm/m/it/10 x[]; x[] \OMS/cmsy/m/n/10 2
 []


Overfull \hbox (7.91803pt too wide) in paragraph at lines 97--98
\OML/cmm/m/it/10 U$
 []


Overfull \hbox (43.46098pt too wide) detected at line 100
[][] \OML/cmm/m/it/10 f\/cmr/m/n/10 (\OML/cmm/m/it/10 s\/cmr/m/n/10 ) \OMS/cmsy
/m/n/10 ^^A \OML/cmm/m/it/10 d[]
 []

Missing character: There is no u in font nullfont!
Missing character: There is no n in font nullfont!
Missing character: There is no a in font nullfont!
Missing character: There is no b in font nullfont!
Missing character: There is no h in font nullfont!
Missing character: There is no n in font nullfont!
Missing character: There is no g in font nullfont!
Missing character: There is no i in font nullfont!
Missing character: There is no g in font nullfont!
Missing character: There is no v in font nullfont!
Missing character: There is no o in font nullfont!
Missing character: There is no n in font nullfont!
Missing character: There is no d in font nullfont!
Missing character: There is no e in font nullfont!
Missing character: There is no r in font nullfont!
Missing character: There is no W in font nullfont!
Missing character: There is no a in font nullfont!
Missing character: There is no h in font nullfont!
Missing character: There is no l in font nullfont!
Missing character: There is no d in font nullfont!
Missing character: There is no e in font nullfont!
Missing character: There is no s in font nullfont!
Missing character: There is no W in font nullfont!
Missing character: There is no e in font nullfont!
Missing character: There is no g in font nullfont!
Missing character: There is no e in font nullfont!
Missing character: There is no s in font nullfont!
Missing character: There is no v in font nullfont!
Missing character: There is no o in font nullfont!
Missing character: There is no n in font nullfont!
Missing character: There is no m in font nullfont!
Missing character: There is no a in font nullfont!
Missing character: There is no c in font nullfont!
Missing character: There is no h in font nullfont!
Missing character: There is no m in font nullfont!
Missing character: There is no i in font nullfont!
Missing character: There is no t in font nullfont!
Missing character: There is no B in font nullfont!
Missing character: There is no i in font nullfont!
Missing character: There is no l in font nullfont!
Missing character: There is no d in font nullfont!
Missing character: There is no i in font nullfont!
Missing character: There is no s in font nullfont!
Missing character: There is no t in font nullfont!
Missing character: There is no , in font nullfont!
Missing character: There is no d in font nullfont!
Missing character: There is no a in font nullfont!
Missing character: There is no n in font nullfont!
Missing character: There is no n in font nullfont!
Missing character: There is no i in font nullfont!
Missing character: There is no s in font nullfont!
Missing character: There is no t in font nullfont!
! Undefined control sequence.
l.101 ...amma) \subseteq U$ ist, dann ist $f$ \COL
                                                  {konservativ.}}
The control sequence at the end of the top line
of your error message was never \def'ed. If you have
misspelled it (e.g., `\hobx'), type `I' and the correct
spelling (e.g., `I\hbox'). Otherwise just continue,
and I'll forget about whatever was undefined.

Missing character: There is no k in font nullfont!
Missing character: There is no o in font nullfont!
Missing character: There is no n in font nullfont!
Missing character: There is no s in font nullfont!
Missing character: There is no e in font nullfont!
Missing character: There is no r in font nullfont!
Missing character: There is no v in font nullfont!
Missing character: There is no a in font nullfont!
Missing character: There is no t in font nullfont!
Missing character: There is no i in font nullfont!
Missing character: There is no v in font nullfont!
Missing character: There is no . in font nullfont!

Overfull \hbox (5.00002pt too wide) in paragraph at lines 100--102
\/cmr/m/n/10 ^^?a
 []


Overfull \hbox (5.73285pt too wide) in paragraph at lines 100--102
\OML/cmm/m/it/10 ^^M$
 []


Overfull \hbox (10.2014pt too wide) in paragraph at lines 100--102
\OML/cmm/m/it/10 x[]$
 []


Overfull \hbox (10.2014pt too wide) in paragraph at lines 100--102
\OML/cmm/m/it/10 x[]$
 []


Overfull \hbox (24.06616pt too wide) in paragraph at lines 100--102
\/cmr/m/n/10 (\OML/cmm/m/it/10 ^^M\/cmr/m/n/10 ) \OMS/cmsy/m/n/10 ^^R
 []


Overfull \hbox (7.91803pt too wide) in paragraph at lines 100--102
\OML/cmm/m/it/10 U$
 []


Overfull \hbox (5.97226pt too wide) in paragraph at lines 100--102
\OML/cmm/m/it/10 f$
 []

! Undefined control sequence.
l.103  \DEF
           {}{$U$ heisst \COL{wegzusammenhängend} falls für alle $x, y \in...
The control sequence at the end of the top line
of your error message was never \def'ed. If you have
misspelled it (e.g., `\hobx'), type `I' and the correct
spelling (e.g., `I\hbox'). Otherwise just continue,
and I'll forget about whatever was undefined.


! LaTeX Error: Missing \begin{document}.

See the LaTeX manual or LaTeX Companion for explanation.
Type  H <return>  for immediate help.
 ...                                              
                                                  
l.103  \DEF{}{$
               U$ heisst \COL{wegzusammenhängend} falls für alle $x, y \in...

You're in trouble here.  Try typing  <return>  to proceed.
If that doesn't work, type  X <return>  to quit.

Missing character: There is no h in font nullfont!
Missing character: There is no e in font nullfont!
Missing character: There is no i in font nullfont!
Missing character: There is no s in font nullfont!
Missing character: There is no s in font nullfont!
Missing character: There is no t in font nullfont!
! Undefined control sequence.
l.103  \DEF{}{$U$ heisst \COL
                             {wegzusammenhängend} falls für alle $x, y \in...
The control sequence at the end of the top line
of your error message was never \def'ed. If you have
misspelled it (e.g., `\hobx'), type `I' and the correct
spelling (e.g., `I\hbox'). Otherwise just continue,
and I'll forget about whatever was undefined.

Missing character: There is no w in font nullfont!
Missing character: There is no e in font nullfont!
Missing character: There is no g in font nullfont!
Missing character: There is no z in font nullfont!
Missing character: There is no u in font nullfont!
Missing character: There is no s in font nullfont!
Missing character: There is no a in font nullfont!
Missing character: There is no m in font nullfont!
Missing character: There is no m in font nullfont!
Missing character: There is no e in font nullfont!
Missing character: There is no n in font nullfont!
Missing character: There is no h in font nullfont!
Missing character: There is no n in font nullfont!
Missing character: There is no g in font nullfont!
Missing character: There is no e in font nullfont!
Missing character: There is no n in font nullfont!
Missing character: There is no d in font nullfont!
Missing character: There is no f in font nullfont!
Missing character: There is no a in font nullfont!
Missing character: There is no l in font nullfont!
Missing character: There is no l in font nullfont!
Missing character: There is no s in font nullfont!
Missing character: There is no f in font nullfont!
Missing character: There is no r in font nullfont!
Missing character: There is no a in font nullfont!
Missing character: There is no l in font nullfont!
Missing character: There is no l in font nullfont!
Missing character: There is no e in font nullfont!
Missing character: There is no i in font nullfont!
Missing character: There is no n in font nullfont!
Missing character: There is no W in font nullfont!
Missing character: There is no e in font nullfont!
Missing character: There is no g in font nullfont!
Missing character: There is no v in font nullfont!
Missing character: There is no o in font nullfont!
Missing character: There is no n in font nullfont!
Missing character: There is no m in font nullfont!
Missing character: There is no a in font nullfont!
Missing character: There is no c in font nullfont!
Missing character: There is no h in font nullfont!
Missing character: There is no e in font nullfont!
Missing character: There is no x in font nullfont!
Missing character: There is no i in font nullfont!
Missing character: There is no s in font nullfont!
Missing character: There is no t in font nullfont!
Missing character: There is no i in font nullfont!
Missing character: There is no e in font nullfont!
Missing character: There is no r in font nullfont!
Missing character: There is no t in font nullfont!
Missing character: There is no m in font nullfont!
Missing character: There is no i in font nullfont!
Missing character: There is no t in font nullfont!
! Undefined control sequence.
<recently read> \operatorname 
                              
l.103 ...$x$ mach $y$ existiert mit $\operatorname
                                                  {Bild}(\gamma)\subseteq U$.}
The control sequence at the end of the top line
of your error message was never \def'ed. If you have
misspelled it (e.g., `\hobx'), type `I' and the correct
spelling (e.g., `I\hbox'). Otherwise just continue,
and I'll forget about whatever was undefined.

Missing character: There is no . in font nullfont!

Overfull \hbox (27.91803pt too wide) in paragraph at lines 103--104
[]$\OML/cmm/m/it/10 U$
 []


Overfull \hbox (5.00002pt too wide) in paragraph at lines 103--104
\/cmr/m/n/10 ^^?a
 []


Overfull \hbox (5.55557pt too wide) in paragraph at lines 103--104
\/cmr/m/n/10 ^^?u
 []


Overfull \hbox (24.86568pt too wide) in paragraph at lines 103--104
\OML/cmm/m/it/10 x; y \OMS/cmsy/m/n/10 2
 []


Overfull \hbox (7.91803pt too wide) in paragraph at lines 103--104
\OML/cmm/m/it/10 U$
 []


Overfull \hbox (5.73285pt too wide) in paragraph at lines 103--104
\OML/cmm/m/it/10 ^^M$
 []


Overfull \hbox (5.71527pt too wide) in paragraph at lines 103--104
\OML/cmm/m/it/10 x$
 []


Overfull \hbox (5.2616pt too wide) in paragraph at lines 103--104
\OML/cmm/m/it/10 y$
 []


Overfull \hbox (43.98354pt too wide) in paragraph at lines 103--104
[]\/cmr/m/n/10 (\OML/cmm/m/it/10 ^^M\/cmr/m/n/10 ) \OMS/cmsy/m/n/10 ^^R
 []


Overfull \hbox (7.91803pt too wide) in paragraph at lines 103--104
\OML/cmm/m/it/10 U$ 
 []

! Undefined control sequence.
l.105  \SA
          {4.1.10}{$u \subseteq \mathbb{R}^n$ offen, $f: u \rightarrow \math...
The control sequence at the end of the top line
of your error message was never \def'ed. If you have
misspelled it (e.g., `\hobx'), type `I' and the correct
spelling (e.g., `I\hbox'). Otherwise just continue,
and I'll forget about whatever was undefined.


! LaTeX Error: Missing \begin{document}.

See the LaTeX manual or LaTeX Companion for explanation.
Type  H <return>  for immediate help.
 ...                                              
                                                  
l.105  \SA{4
            .1.10}{$u \subseteq \mathbb{R}^n$ offen, $f: u \rightarrow \math...

You're in trouble here.  Try typing  <return>  to proceed.
If that doesn't work, type  X <return>  to quit.

Missing character: There is no 4 in font nullfont!
Missing character: There is no . in font nullfont!
Missing character: There is no 1 in font nullfont!
Missing character: There is no . in font nullfont!
Missing character: There is no 1 in font nullfont!
Missing character: There is no 0 in font nullfont!
! Undefined control sequence.
l.105  \SA{4.1.10}{$u \subseteq \mathbb
                                       {R}^n$ offen, $f: u \rightarrow \math...
The control sequence at the end of the top line
of your error message was never \def'ed. If you have
misspelled it (e.g., `\hobx'), type `I' and the correct
spelling (e.g., `I\hbox'). Otherwise just continue,
and I'll forget about whatever was undefined.

Missing character: There is no o in font nullfont!
Missing character: There is no f in font nullfont!
Missing character: There is no f in font nullfont!
Missing character: There is no e in font nullfont!
Missing character: There is no n in font nullfont!
Missing character: There is no , in font nullfont!
! Undefined control sequence.
l.105 ...bb{R}^n$ offen, $f: u \rightarrow \mathbb
                                                  {R}^n$ konservativ. Dann g...
The control sequence at the end of the top line
of your error message was never \def'ed. If you have
misspelled it (e.g., `\hobx'), type `I' and the correct
spelling (e.g., `I\hbox'). Otherwise just continue,
and I'll forget about whatever was undefined.

Missing character: There is no k in font nullfont!
Missing character: There is no o in font nullfont!
Missing character: There is no n in font nullfont!
Missing character: There is no s in font nullfont!
Missing character: There is no e in font nullfont!
Missing character: There is no r in font nullfont!
Missing character: There is no v in font nullfont!
Missing character: There is no a in font nullfont!
Missing character: There is no t in font nullfont!
Missing character: There is no i in font nullfont!
Missing character: There is no v in font nullfont!
Missing character: There is no . in font nullfont!
Missing character: There is no D in font nullfont!
Missing character: There is no a in font nullfont!
Missing character: There is no n in font nullfont!
Missing character: There is no n in font nullfont!
Missing character: There is no g in font nullfont!
Missing character: There is no i in font nullfont!
Missing character: There is no b in font nullfont!
Missing character: There is no t in font nullfont!
Missing character: There is no e in font nullfont!
Missing character: There is no s in font nullfont!
! Undefined control sequence.
l.105 .... Dann gibt es $\sin g \in C^1(u, \mathbb
                                                  {R})$ mit $f=\nabla g$. Ei...
The control sequence at the end of the top line
of your error message was never \def'ed. If you have
misspelled it (e.g., `\hobx'), type `I' and the correct
spelling (e.g., `I\hbox'). Otherwise just continue,
and I'll forget about whatever was undefined.

Missing character: There is no m in font nullfont!
Missing character: There is no i in font nullfont!
Missing character: There is no t in font nullfont!
Missing character: There is no . in font nullfont!
Missing character: There is no E in font nullfont!
Missing character: There is no i in font nullfont!
Missing character: There is no n in font nullfont!
Missing character: There is no s in font nullfont!
Missing character: There is no o in font nullfont!
Missing character: There is no l in font nullfont!
Missing character: There is no c in font nullfont!
Missing character: There is no h in font nullfont!
Missing character: There is no e in font nullfont!
Missing character: There is no s in font nullfont!
Missing character: There is no h in font nullfont!
Missing character: There is no e in font nullfont!
Missing character: There is no i in font nullfont!
Missing character: There is no s in font nullfont!
Missing character: There is no s in font nullfont!
Missing character: There is no t in font nullfont!
! Undefined control sequence.
l.105 ...$f=\nabla g$. Ein solches $g$ heisst \COL
                                                  {Potential} von $f$ Falls ...
The control sequence at the end of the top line
of your error message was never \def'ed. If you have
misspelled it (e.g., `\hobx'), type `I' and the correct
spelling (e.g., `I\hbox'). Otherwise just continue,
and I'll forget about whatever was undefined.

Missing character: There is no P in font nullfont!
Missing character: There is no o in font nullfont!
Missing character: There is no t in font nullfont!
Missing character: There is no e in font nullfont!
Missing character: There is no n in font nullfont!
Missing character: There is no t in font nullfont!
Missing character: There is no i in font nullfont!
Missing character: There is no a in font nullfont!
Missing character: There is no l in font nullfont!
Missing character: There is no v in font nullfont!
Missing character: There is no o in font nullfont!
Missing character: There is no n in font nullfont!
Missing character: There is no F in font nullfont!
Missing character: There is no a in font nullfont!
Missing character: There is no l in font nullfont!
Missing character: There is no l in font nullfont!
Missing character: There is no s in font nullfont!
Missing character: There is no w in font nullfont!
Missing character: There is no e in font nullfont!
Missing character: There is no g in font nullfont!
Missing character: There is no z in font nullfont!
Missing character: There is no u in font nullfont!
Missing character: There is no s in font nullfont!
Missing character: There is no a in font nullfont!
Missing character: There is no m in font nullfont!
Missing character: There is no m in font nullfont!
Missing character: There is no e in font nullfont!
Missing character: There is no n in font nullfont!
Missing character: There is no h in font nullfont!
Missing character: There is no n in font nullfont!
Missing character: There is no g in font nullfont!
Missing character: There is no e in font nullfont!
Missing character: There is no n in font nullfont!
Missing character: There is no d in font nullfont!
Missing character: There is no i in font nullfont!
Missing character: There is no s in font nullfont!
Missing character: There is no t in font nullfont!
Missing character: There is no , in font nullfont!
Missing character: There is no d in font nullfont!
Missing character: There is no a in font nullfont!
Missing character: There is no n in font nullfont!
Missing character: There is no n in font nullfont!
Missing character: There is no i in font nullfont!
Missing character: There is no s in font nullfont!
Missing character: There is no e in font nullfont!
Missing character: There is no i in font nullfont!
Missing character: There is no n in font nullfont!
Missing character: There is no d in font nullfont!
Missing character: There is no e in font nullfont!
Missing character: There is no u in font nullfont!
Missing character: There is no t in font nullfont!
Missing character: There is no i in font nullfont!
Missing character: There is no g in font nullfont!
Missing character: There is no b in font nullfont!
Missing character: There is no i in font nullfont!
Missing character: There is no s in font nullfont!
Missing character: There is no a in font nullfont!
Missing character: There is no u in font nullfont!
Missing character: There is no f in font nullfont!
Missing character: There is no A in font nullfont!
Missing character: There is no d in font nullfont!
Missing character: There is no d in font nullfont!
Missing character: There is no i in font nullfont!
Missing character: There is no t in font nullfont!
Missing character: There is no i in font nullfont!
Missing character: There is no o in font nullfont!
Missing character: There is no n in font nullfont!
Missing character: There is no e in font nullfont!
Missing character: There is no i in font nullfont!
Missing character: There is no n in font nullfont!
Missing character: There is no e in font nullfont!
Missing character: There is no r in font nullfont!
Missing character: There is no K in font nullfont!
Missing character: There is no o in font nullfont!
Missing character: There is no n in font nullfont!
Missing character: There is no s in font nullfont!
Missing character: There is no t in font nullfont!
Missing character: There is no a in font nullfont!
Missing character: There is no n in font nullfont!
Missing character: There is no t in font nullfont!
Missing character: There is no e in font nullfont!
Missing character: There is no n in font nullfont!
Missing character: There is no . in font nullfont!

Overfull \hbox (36.28009pt too wide) in paragraph at lines 105--106
[]$\OML/cmm/m/it/10 u \OMS/cmsy/m/n/10 ^^R
 []


Overfull \hbox (13.11348pt too wide) in paragraph at lines 105--106
\OML/cmm/m/it/10 R[]$
 []


Overfull \hbox (11.52776pt too wide) in paragraph at lines 105--106
\OML/cmm/m/it/10 f \/cmr/m/n/10 :
 []


Overfull \hbox (18.5023pt too wide) in paragraph at lines 105--106
\OML/cmm/m/it/10 u \OMS/cmsy/m/n/10 !
 []


Overfull \hbox (13.11348pt too wide) in paragraph at lines 105--106
\OML/cmm/m/it/10 R[]$
 []


Overfull \hbox (28.51729pt too wide) in paragraph at lines 105--106
[] \OML/cmm/m/it/10 g \OMS/cmsy/m/n/10 2
 []


Overfull \hbox (37.96556pt too wide) in paragraph at lines 105--106
\OML/cmm/m/it/10 C[]\/cmr/m/n/10 (\OML/cmm/m/it/10 u; R\/cmr/m/n/10 )$
 []


Overfull \hbox (16.52777pt too wide) in paragraph at lines 105--106
\OML/cmm/m/it/10 f \/cmr/m/n/10 =
 []


Overfull \hbox (13.46182pt too wide) in paragraph at lines 105--106
\OMS/cmsy/m/n/10 r\OML/cmm/m/it/10 g$
 []


Overfull \hbox (5.12846pt too wide) in paragraph at lines 105--106
\OML/cmm/m/it/10 g$
 []


Overfull \hbox (5.97226pt too wide) in paragraph at lines 105--106
\OML/cmm/m/it/10 f$
 []


Overfull \hbox (7.91803pt too wide) in paragraph at lines 105--106
\OML/cmm/m/it/10 U$
 []


Overfull \hbox (5.00002pt too wide) in paragraph at lines 105--106
\/cmr/m/n/10 ^^?a
 []


Overfull \hbox (5.12846pt too wide) in paragraph at lines 105--106
\OML/cmm/m/it/10 g$
 []

! Undefined control sequence.
l.108  \PROP
            {4.1.13}{$U \subseteq \mathbb{R}^n$ offen, $f: u \rightarrow \ma...
The control sequence at the end of the top line
of your error message was never \def'ed. If you have
misspelled it (e.g., `\hobx'), type `I' and the correct
spelling (e.g., `I\hbox'). Otherwise just continue,
and I'll forget about whatever was undefined.


! LaTeX Error: Missing \begin{document}.

See the LaTeX manual or LaTeX Companion for explanation.
Type  H <return>  for immediate help.
 ...                                              
                                                  
l.108  \PROP{4
              .1.13}{$U \subseteq \mathbb{R}^n$ offen, $f: u \rightarrow \ma...

You're in trouble here.  Try typing  <return>  to proceed.
If that doesn't work, type  X <return>  to quit.

Missing character: There is no 4 in font nullfont!
Missing character: There is no . in font nullfont!
Missing character: There is no 1 in font nullfont!
Missing character: There is no . in font nullfont!
Missing character: There is no 1 in font nullfont!
Missing character: There is no 3 in font nullfont!
! Undefined control sequence.
l.108  \PROP{4.1.13}{$U \subseteq \mathbb
                                         {R}^n$ offen, $f: u \rightarrow \ma...
The control sequence at the end of the top line
of your error message was never \def'ed. If you have
misspelled it (e.g., `\hobx'), type `I' and the correct
spelling (e.g., `I\hbox'). Otherwise just continue,
and I'll forget about whatever was undefined.

Missing character: There is no o in font nullfont!
Missing character: There is no f in font nullfont!
Missing character: There is no f in font nullfont!
Missing character: There is no e in font nullfont!
Missing character: There is no n in font nullfont!
Missing character: There is no , in font nullfont!
! Undefined control sequence.
l.108 ...bb{R}^n$ offen, $f: u \rightarrow \mathbb
                                                  {R}^n C^1$.
The control sequence at the end of the top line
of your error message was never \def'ed. If you have
misspelled it (e.g., `\hobx'), type `I' and the correct
spelling (e.g., `I\hbox'). Otherwise just continue,
and I'll forget about whatever was undefined.

Missing character: There is no . in font nullfont!
Missing character: There is no k in font nullfont!
Missing character: There is no o in font nullfont!
Missing character: There is no n in font nullfont!
Missing character: There is no s in font nullfont!
Missing character: There is no e in font nullfont!
Missing character: There is no r in font nullfont!
Missing character: There is no v in font nullfont!
Missing character: There is no a in font nullfont!
Missing character: There is no t in font nullfont!
Missing character: There is no i in font nullfont!
Missing character: There is no v in font nullfont!
Missing character: There is no f in font nullfont!
Missing character: There is no r in font nullfont!
Missing character: There is no . in font nullfont!
Missing character: There is no s in font nullfont!
Missing character: There is no y in font nullfont!
Missing character: There is no m in font nullfont!
Missing character: There is no m in font nullfont!
Missing character: There is no e in font nullfont!
Missing character: There is no t in font nullfont!
Missing character: There is no r in font nullfont!
Missing character: There is no i in font nullfont!
Missing character: There is no s in font nullfont!
Missing character: There is no c in font nullfont!
Missing character: There is no h in font nullfont!
Missing character: There is no f in font nullfont!
Missing character: There is no r in font nullfont!
Missing character: There is no a in font nullfont!
Missing character: There is no l in font nullfont!
Missing character: There is no l in font nullfont!
Missing character: There is no e in font nullfont!

Overfull \hbox (38.47354pt too wide) in paragraph at lines 108--110
[]$\OML/cmm/m/it/10 U \OMS/cmsy/m/n/10 ^^R
 []


Overfull \hbox (13.11348pt too wide) in paragraph at lines 108--110
\OML/cmm/m/it/10 R[]$
 []


Overfull \hbox (11.52776pt too wide) in paragraph at lines 108--110
\OML/cmm/m/it/10 f \/cmr/m/n/10 :
 []


Overfull \hbox (18.5023pt too wide) in paragraph at lines 108--110
\OML/cmm/m/it/10 u \OMS/cmsy/m/n/10 !
 []


Overfull \hbox (25.4621pt too wide) in paragraph at lines 108--110
\OML/cmm/m/it/10 R[]C[]$
 []


Overfull \hbox (5.97226pt too wide) in paragraph at lines 108--110
\OML/cmm/m/it/10 f$
 []


Overfull \hbox (10.00002pt too wide) in paragraph at lines 108--110
\OMS/cmsy/m/n/10 )
 []


Overfull \hbox (25.92712pt too wide) in paragraph at lines 108--110
[] \/cmr/m/n/10 =
 []


Overfull \hbox (14.8036pt too wide) in paragraph at lines 108--110
[]$
 []


Overfull \hbox (5.55557pt too wide) in paragraph at lines 108--110
\/cmr/m/n/10 ^^?u
 []


Overfull \hbox (23.13554pt too wide) in paragraph at lines 108--110
\OML/cmm/m/it/10 i; j \/cmr/m/n/10 =
 []


Overfull \hbox (33.22443pt too wide) in paragraph at lines 108--110
\/cmr/m/n/10 1\OML/cmm/m/it/10 ; [] ; n$
 []


Overfull \hbox (10.00002pt too wide) in paragraph at lines 108--110
\OMS/cmsy/m/n/10 ,
 []


Overfull \hbox (24.22229pt too wide) in paragraph at lines 108--110
\OML/cmm/m/it/10 J[]\/cmr/m/n/10 (\OML/cmm/m/it/10 x\/cmr/m/n/10 )$
 []


Overfull \hbox (5.55557pt too wide) in paragraph at lines 108--110
\/cmr/m/n/10 ^^?u
 []


Overfull \hbox (15.15967pt too wide) in paragraph at lines 108--110
\OML/cmm/m/it/10 x \OMS/cmsy/m/n/10 2
 []


Overfull \hbox (7.91803pt too wide) in paragraph at lines 108--110
\OML/cmm/m/it/10 U$ 
 []

! Undefined control sequence.
l.111 \SA
         {}{$U \subseteq \mathbb{R}^n$ offen und sternförmig, $f: U \righta...
The control sequence at the end of the top line
of your error message was never \def'ed. If you have
misspelled it (e.g., `\hobx'), type `I' and the correct
spelling (e.g., `I\hbox'). Otherwise just continue,
and I'll forget about whatever was undefined.


! LaTeX Error: Missing \begin{document}.

See the LaTeX manual or LaTeX Companion for explanation.
Type  H <return>  for immediate help.
 ...                                              
                                                  
l.111 \SA{}{$
             U \subseteq \mathbb{R}^n$ offen und sternförmig, $f: U \righta...

You're in trouble here.  Try typing  <return>  to proceed.
If that doesn't work, type  X <return>  to quit.

! Undefined control sequence.
l.111 \SA{}{$U \subseteq \mathbb
                                {R}^n$ offen und sternförmig, $f: U \righta...
The control sequence at the end of the top line
of your error message was never \def'ed. If you have
misspelled it (e.g., `\hobx'), type `I' and the correct
spelling (e.g., `I\hbox'). Otherwise just continue,
and I'll forget about whatever was undefined.

Missing character: There is no o in font nullfont!
Missing character: There is no f in font nullfont!
Missing character: There is no f in font nullfont!
Missing character: There is no e in font nullfont!
Missing character: There is no n in font nullfont!
Missing character: There is no u in font nullfont!
Missing character: There is no n in font nullfont!
Missing character: There is no d in font nullfont!
Missing character: There is no s in font nullfont!
Missing character: There is no t in font nullfont!
Missing character: There is no e in font nullfont!
Missing character: There is no r in font nullfont!
Missing character: There is no n in font nullfont!
Missing character: There is no f in font nullfont!
Missing character: There is no r in font nullfont!
Missing character: There is no m in font nullfont!
Missing character: There is no i in font nullfont!
Missing character: There is no g in font nullfont!
Missing character: There is no , in font nullfont!
! Undefined control sequence.
l.111 ...d sternförmig, $f: U \rightarrow \mathbb
                                                  {R}^n C^1$ mit $\frac{\par...
The control sequence at the end of the top line
of your error message was never \def'ed. If you have
misspelled it (e.g., `\hobx'), type `I' and the correct
spelling (e.g., `I\hbox'). Otherwise just continue,
and I'll forget about whatever was undefined.

Missing character: There is no m in font nullfont!
Missing character: There is no i in font nullfont!
Missing character: There is no t in font nullfont!
Missing character: There is no f in font nullfont!
Missing character: There is no r in font nullfont!
Missing character: There is no a in font nullfont!
Missing character: There is no l in font nullfont!
Missing character: There is no l in font nullfont!
Missing character: There is no e in font nullfont!
Missing character: There is no k in font nullfont!
Missing character: There is no o in font nullfont!
Missing character: There is no n in font nullfont!
Missing character: There is no s in font nullfont!
Missing character: There is no e in font nullfont!
Missing character: There is no r in font nullfont!
Missing character: There is no v in font nullfont!
Missing character: There is no a in font nullfont!
Missing character: There is no t in font nullfont!
Missing character: There is no i in font nullfont!
Missing character: There is no v in font nullfont!

Overfull \hbox (38.47354pt too wide) in paragraph at lines 111--112
[]$\OML/cmm/m/it/10 U \OMS/cmsy/m/n/10 ^^R
 []


Overfull \hbox (13.11348pt too wide) in paragraph at lines 111--112
\OML/cmm/m/it/10 R[]$
 []


Overfull \hbox (5.00002pt too wide) in paragraph at lines 111--112
\/cmr/m/n/10 ^^?o
 []


Overfull \hbox (11.52776pt too wide) in paragraph at lines 111--112
\OML/cmm/m/it/10 f \/cmr/m/n/10 :
 []


Overfull \hbox (20.69576pt too wide) in paragraph at lines 111--112
\OML/cmm/m/it/10 U \OMS/cmsy/m/n/10 !
 []


Overfull \hbox (25.4621pt too wide) in paragraph at lines 111--112
\OML/cmm/m/it/10 R[]C[]$
 []


Overfull \hbox (25.92712pt too wide) in paragraph at lines 111--112
[] \/cmr/m/n/10 =
 []


Overfull \hbox (14.8036pt too wide) in paragraph at lines 111--112
[]$
 []


Overfull \hbox (5.55557pt too wide) in paragraph at lines 111--112
\/cmr/m/n/10 ^^?u
 []


Overfull \hbox (23.13554pt too wide) in paragraph at lines 111--112
\OML/cmm/m/it/10 i; j \/cmr/m/n/10 =
 []


Overfull \hbox (46.00215pt too wide) in paragraph at lines 111--112
\/cmr/m/n/10 1\OML/cmm/m/it/10 ; [] ; n \OMS/cmsy/m/n/10 )
 []


Overfull \hbox (5.97226pt too wide) in paragraph at lines 111--112
\OML/cmm/m/it/10 f$
 []

! Undefined control sequence.
l.113 \DEF
          {}{$U \subseteq \mathbb{R}^n$ heisst \COL{sternförmig} falls es e...
The control sequence at the end of the top line
of your error message was never \def'ed. If you have
misspelled it (e.g., `\hobx'), type `I' and the correct
spelling (e.g., `I\hbox'). Otherwise just continue,
and I'll forget about whatever was undefined.


! LaTeX Error: Missing \begin{document}.

See the LaTeX manual or LaTeX Companion for explanation.
Type  H <return>  for immediate help.
 ...                                              
                                                  
l.113 \DEF{}{$
              U \subseteq \mathbb{R}^n$ heisst \COL{sternförmig} falls es e...

You're in trouble here.  Try typing  <return>  to proceed.
If that doesn't work, type  X <return>  to quit.

! Undefined control sequence.
l.113 \DEF{}{$U \subseteq \mathbb
                                 {R}^n$ heisst \COL{sternförmig} falls es e...
The control sequence at the end of the top line
of your error message was never \def'ed. If you have
misspelled it (e.g., `\hobx'), type `I' and the correct
spelling (e.g., `I\hbox'). Otherwise just continue,
and I'll forget about whatever was undefined.

Missing character: There is no h in font nullfont!
Missing character: There is no e in font nullfont!
Missing character: There is no i in font nullfont!
Missing character: There is no s in font nullfont!
Missing character: There is no s in font nullfont!
Missing character: There is no t in font nullfont!
! Undefined control sequence.
l.113 ...{}{$U \subseteq \mathbb{R}^n$ heisst \COL
                                                  {sternförmig} falls es ei...
The control sequence at the end of the top line
of your error message was never \def'ed. If you have
misspelled it (e.g., `\hobx'), type `I' and the correct
spelling (e.g., `I\hbox'). Otherwise just continue,
and I'll forget about whatever was undefined.

Missing character: There is no s in font nullfont!
Missing character: There is no t in font nullfont!
Missing character: There is no e in font nullfont!
Missing character: There is no r in font nullfont!
Missing character: There is no n in font nullfont!
Missing character: There is no f in font nullfont!
Missing character: There is no r in font nullfont!
Missing character: There is no m in font nullfont!
Missing character: There is no i in font nullfont!
Missing character: There is no g in font nullfont!
Missing character: There is no f in font nullfont!
Missing character: There is no a in font nullfont!
Missing character: There is no l in font nullfont!
Missing character: There is no l in font nullfont!
Missing character: There is no s in font nullfont!
Missing character: There is no e in font nullfont!
Missing character: There is no s in font nullfont!
Missing character: There is no e in font nullfont!
Missing character: There is no i in font nullfont!
Missing character: There is no n in font nullfont!
Missing character: There is no g in font nullfont!
Missing character: There is no i in font nullfont!
Missing character: There is no b in font nullfont!
Missing character: There is no t in font nullfont!
Missing character: There is no s in font nullfont!
Missing character: There is no o in font nullfont!
Missing character: There is no d in font nullfont!
Missing character: There is no a in font nullfont!
Missing character: There is no s in font nullfont!
Missing character: There is no s in font nullfont!
Missing character: There is no f in font nullfont!
Missing character: There is no r in font nullfont!
Missing character: There is no a in font nullfont!
Missing character: There is no l in font nullfont!
Missing character: There is no l in font nullfont!
Missing character: There is no e in font nullfont!
Missing character: There is no d in font nullfont!
Missing character: There is no i in font nullfont!
Missing character: There is no e in font nullfont!
Missing character: There is no S in font nullfont!
Missing character: There is no t in font nullfont!
Missing character: There is no r in font nullfont!
Missing character: There is no e in font nullfont!
Missing character: There is no c in font nullfont!
Missing character: There is no k in font nullfont!
Missing character: There is no e in font nullfont!
Missing character: There is no z in font nullfont!
Missing character: There is no w in font nullfont!
Missing character: There is no i in font nullfont!
Missing character: There is no s in font nullfont!
Missing character: There is no c in font nullfont!
Missing character: There is no h in font nullfont!
Missing character: There is no e in font nullfont!
Missing character: There is no n in font nullfont!
Missing character: There is no u in font nullfont!
Missing character: There is no n in font nullfont!
Missing character: There is no d in font nullfont!
Missing character: There is no i in font nullfont!
Missing character: There is no n in font nullfont!
Missing character: There is no A in font nullfont!
Missing character: There is no e in font nullfont!
Missing character: There is no n in font nullfont!
Missing character: There is no t in font nullfont!
Missing character: There is no h in font nullfont!
Missing character: There is no a in font nullfont!
Missing character: There is no l in font nullfont!
Missing character: There is no t in font nullfont!
Missing character: There is no e in font nullfont!
Missing character: There is no n in font nullfont!
Missing character: There is no i in font nullfont!
Missing character: There is no s in font nullfont!
Missing character: There is no t in font nullfont!
Missing character: There is no . in font nullfont!

Overfull \hbox (38.47354pt too wide) in paragraph at lines 113--114
[]$\OML/cmm/m/it/10 U \OMS/cmsy/m/n/10 ^^R
 []


Overfull \hbox (13.11348pt too wide) in paragraph at lines 113--114
\OML/cmm/m/it/10 R[]$
 []


Overfull \hbox (5.00002pt too wide) in paragraph at lines 113--114
\/cmr/m/n/10 ^^?o
 []


Overfull \hbox (19.6458pt too wide) in paragraph at lines 113--114
\OML/cmm/m/it/10 x[] \OMS/cmsy/m/n/10 2
 []


Overfull \hbox (7.91803pt too wide) in paragraph at lines 113--114
\OML/cmm/m/it/10 U$
 []


Overfull \hbox (5.55557pt too wide) in paragraph at lines 113--114
\/cmr/m/n/10 ^^?u
 []


Overfull \hbox (15.15967pt too wide) in paragraph at lines 113--114
\OML/cmm/m/it/10 x \OMS/cmsy/m/n/10 2
 []


Overfull \hbox (7.86249pt too wide) in paragraph at lines 113--114
\OML/cmm/m/it/10 C$
 []


Overfull \hbox (10.2014pt too wide) in paragraph at lines 113--114
\OML/cmm/m/it/10 x[]$
 []


Overfull \hbox (5.71527pt too wide) in paragraph at lines 113--114
\OML/cmm/m/it/10 x$
 []

! Undefined control sequence.
l.115 \NOTE
           {}{Es gilt Konvex $\Rightarrow$ Sternförmig $\Rightarrow$ wegzus...
The control sequence at the end of the top line
of your error message was never \def'ed. If you have
misspelled it (e.g., `\hobx'), type `I' and the correct
spelling (e.g., `I\hbox'). Otherwise just continue,
and I'll forget about whatever was undefined.


! LaTeX Error: Missing \begin{document}.

See the LaTeX manual or LaTeX Companion for explanation.
Type  H <return>  for immediate help.
 ...                                              
                                                  
l.115 \NOTE{}{E
               s gilt Konvex $\Rightarrow$ Sternförmig $\Rightarrow$ wegzus...

You're in trouble here.  Try typing  <return>  to proceed.
If that doesn't work, type  X <return>  to quit.

Missing character: There is no E in font nullfont!
Missing character: There is no s in font nullfont!
Missing character: There is no g in font nullfont!
Missing character: There is no i in font nullfont!
Missing character: There is no l in font nullfont!
Missing character: There is no t in font nullfont!
Missing character: There is no K in font nullfont!
Missing character: There is no o in font nullfont!
Missing character: There is no n in font nullfont!
Missing character: There is no v in font nullfont!
Missing character: There is no e in font nullfont!
Missing character: There is no x in font nullfont!
Missing character: There is no S in font nullfont!
Missing character: There is no t in font nullfont!
Missing character: There is no e in font nullfont!
Missing character: There is no r in font nullfont!
Missing character: There is no n in font nullfont!
Missing character: There is no f in font nullfont!
Missing character: There is no r in font nullfont!
Missing character: There is no m in font nullfont!
Missing character: There is no i in font nullfont!
Missing character: There is no g in font nullfont!
Missing character: There is no w in font nullfont!
Missing character: There is no e in font nullfont!
Missing character: There is no g in font nullfont!
Missing character: There is no z in font nullfont!
Missing character: There is no u in font nullfont!
Missing character: There is no s in font nullfont!
Missing character: There is no a in font nullfont!
Missing character: There is no m in font nullfont!
Missing character: There is no m in font nullfont!
Missing character: There is no e in font nullfont!
Missing character: There is no n in font nullfont!
Missing character: There is no h in font nullfont!
Missing character: There is no n in font nullfont!
Missing character: There is no g in font nullfont!
Missing character: There is no e in font nullfont!
Missing character: There is no n in font nullfont!
Missing character: There is no d in font nullfont!
Missing character: There is no , in font nullfont!
Missing character: There is no d in font nullfont!
Missing character: There is no a in font nullfont!
Missing character: There is no m in font nullfont!
Missing character: There is no a in font nullfont!
Missing character: There is no n in font nullfont!
Missing character: There is no z in font nullfont!
Missing character: There is no u in font nullfont!
Missing character: There is no e in font nullfont!
Missing character: There is no r in font nullfont!
Missing character: There is no s in font nullfont!
Missing character: There is no t in font nullfont!
Missing character: There is no i in font nullfont!
Missing character: There is no m in font nullfont!
Missing character: There is no m in font nullfont!
Missing character: There is no e in font nullfont!
Missing character: There is no r in font nullfont!
Missing character: There is no z in font nullfont!
Missing character: There is no u in font nullfont!
Missing character: There is no g in font nullfont!
Missing character: There is no e in font nullfont!
Missing character: There is no h in font nullfont!
Missing character: There is no e in font nullfont!
Missing character: There is no n in font nullfont!
Missing character: There is no k in font nullfont!
Missing character: There is no a in font nullfont!
Missing character: There is no n in font nullfont!
Missing character: There is no n in font nullfont!
Missing character: There is no u in font nullfont!
Missing character: There is no n in font nullfont!
Missing character: There is no d in font nullfont!
Missing character: There is no d in font nullfont!
Missing character: There is no a in font nullfont!
Missing character: There is no n in font nullfont!
Missing character: There is no n in font nullfont!
Missing character: There is no z in font nullfont!
Missing character: There is no u in font nullfont!
Missing character: There is no e in font nullfont!
Missing character: There is no i in font nullfont!
Missing character: There is no n in font nullfont!
Missing character: There is no e in font nullfont!
Missing character: There is no m in font nullfont!
Missing character: There is no b in font nullfont!
Missing character: There is no e in font nullfont!
Missing character: There is no l in font nullfont!
Missing character: There is no i in font nullfont!
Missing character: There is no e in font nullfont!
Missing character: There is no b in font nullfont!
Missing character: There is no i in font nullfont!
Missing character: There is no g in font nullfont!
Missing character: There is no e in font nullfont!
Missing character: There is no n in font nullfont!
Missing character: There is no P in font nullfont!
Missing character: There is no u in font nullfont!
Missing character: There is no n in font nullfont!
Missing character: There is no k in font nullfont!
Missing character: There is no t in font nullfont!
Missing character: There is no i in font nullfont!
Missing character: There is no n in font nullfont!
Missing character: There is no . in font nullfont!

Overfull \hbox (20.0pt too wide) in paragraph at lines 115--116
[]
 []


Overfull \hbox (10.00002pt too wide) in paragraph at lines 115--116
\OMS/cmsy/m/n/10 )$
 []


Overfull \hbox (5.00002pt too wide) in paragraph at lines 115--116
\/cmr/m/n/10 ^^?o
 []


Overfull \hbox (10.00002pt too wide) in paragraph at lines 115--116
\OMS/cmsy/m/n/10 )$
 []


Overfull \hbox (5.00002pt too wide) in paragraph at lines 115--116
\/cmr/m/n/10 ^^?a
 []


Overfull \hbox (10.2014pt too wide) in paragraph at lines 115--116
\OML/cmm/m/it/10 x[]$
 []


Overfull \hbox (7.91803pt too wide) in paragraph at lines 115--116
\OML/cmm/m/it/10 U$
 []

! Undefined control sequence.
l.117 \DEF
          {4.1.20}{$U \subseteq \mathbb{R}^3$ offen, $f: U \rightarrow \math...
The control sequence at the end of the top line
of your error message was never \def'ed. If you have
misspelled it (e.g., `\hobx'), type `I' and the correct
spelling (e.g., `I\hbox'). Otherwise just continue,
and I'll forget about whatever was undefined.


! LaTeX Error: Missing \begin{document}.

See the LaTeX manual or LaTeX Companion for explanation.
Type  H <return>  for immediate help.
 ...                                              
                                                  
l.117 \DEF{4
            .1.20}{$U \subseteq \mathbb{R}^3$ offen, $f: U \rightarrow \math...

You're in trouble here.  Try typing  <return>  to proceed.
If that doesn't work, type  X <return>  to quit.

Missing character: There is no 4 in font nullfont!
Missing character: There is no . in font nullfont!
Missing character: There is no 1 in font nullfont!
Missing character: There is no . in font nullfont!
Missing character: There is no 2 in font nullfont!
Missing character: There is no 0 in font nullfont!
! Undefined control sequence.
l.117 \DEF{4.1.20}{$U \subseteq \mathbb
                                       {R}^3$ offen, $f: U \rightarrow \math...
The control sequence at the end of the top line
of your error message was never \def'ed. If you have
misspelled it (e.g., `\hobx'), type `I' and the correct
spelling (e.g., `I\hbox'). Otherwise just continue,
and I'll forget about whatever was undefined.

Missing character: There is no o in font nullfont!
Missing character: There is no f in font nullfont!
Missing character: There is no f in font nullfont!
Missing character: There is no e in font nullfont!
Missing character: There is no n in font nullfont!
Missing character: There is no , in font nullfont!
! Undefined control sequence.
l.117 ...bb{R}^3$ offen, $f: U \rightarrow \mathbb
                                                  {R}^3 C^1$. Dann ist die R...
The control sequence at the end of the top line
of your error message was never \def'ed. If you have
misspelled it (e.g., `\hobx'), type `I' and the correct
spelling (e.g., `I\hbox'). Otherwise just continue,
and I'll forget about whatever was undefined.

Missing character: There is no . in font nullfont!
Missing character: There is no D in font nullfont!
Missing character: There is no a in font nullfont!
Missing character: There is no n in font nullfont!
Missing character: There is no n in font nullfont!
Missing character: There is no i in font nullfont!
Missing character: There is no s in font nullfont!
Missing character: There is no t in font nullfont!
Missing character: There is no d in font nullfont!
Missing character: There is no i in font nullfont!
Missing character: There is no e in font nullfont!
Missing character: There is no R in font nullfont!
Missing character: There is no o in font nullfont!
Missing character: There is no t in font nullfont!
Missing character: There is no a in font nullfont!
Missing character: There is no t in font nullfont!
Missing character: There is no i in font nullfont!
Missing character: There is no o in font nullfont!
Missing character: There is no n in font nullfont!
Missing character: There is no d in font nullfont!
Missing character: There is no a in font nullfont!
Missing character: There is no s in font nullfont!
Missing character: There is no v in font nullfont!
Missing character: There is no e in font nullfont!
Missing character: There is no k in font nullfont!
Missing character: There is no t in font nullfont!
Missing character: There is no o in font nullfont!
Missing character: There is no r in font nullfont!
Missing character: There is no f in font nullfont!
Missing character: There is no e in font nullfont!
Missing character: There is no l in font nullfont!
Missing character: There is no d in font nullfont!
! Undefined control sequence.
l.117 ...s $C^0$ vektorfeld $u \rightarrow \mathbb
                                                  {R}^3$ gegeben als
The control sequence at the end of the top line
of your error message was never \def'ed. If you have
misspelled it (e.g., `\hobx'), type `I' and the correct
spelling (e.g., `I\hbox'). Otherwise just continue,
and I'll forget about whatever was undefined.

Missing character: There is no g in font nullfont!
Missing character: There is no e in font nullfont!
Missing character: There is no g in font nullfont!
Missing character: There is no e in font nullfont!
Missing character: There is no b in font nullfont!
Missing character: There is no e in font nullfont!
Missing character: There is no n in font nullfont!
Missing character: There is no a in font nullfont!
Missing character: There is no l in font nullfont!
Missing character: There is no s in font nullfont!

Overfull \hbox (38.47354pt too wide) in paragraph at lines 117--118
[]$\OML/cmm/m/it/10 U \OMS/cmsy/m/n/10 ^^R
 []


Overfull \hbox (12.15628pt too wide) in paragraph at lines 117--118
\OML/cmm/m/it/10 R[]$
 []


Overfull \hbox (11.52776pt too wide) in paragraph at lines 117--118
\OML/cmm/m/it/10 f \/cmr/m/n/10 :
 []


Overfull \hbox (20.69576pt too wide) in paragraph at lines 117--118
\OML/cmm/m/it/10 U \OMS/cmsy/m/n/10 !
 []


Overfull \hbox (24.5049pt too wide) in paragraph at lines 117--118
\OML/cmm/m/it/10 R[]C[]$
 []


Overfull \hbox (12.34862pt too wide) in paragraph at lines 117--118
\OML/cmm/m/it/10 C[]$
 []


Overfull \hbox (18.5023pt too wide) in paragraph at lines 117--118
\OML/cmm/m/it/10 u \OMS/cmsy/m/n/10 !
 []


Overfull \hbox (12.15628pt too wide) in paragraph at lines 117--118
\OML/cmm/m/it/10 R[]$
 []

! Undefined control sequence.
l.119  \operatorname
                    {rot}(f)=\left(\begin{array}{l}
The control sequence at the end of the top line
of your error message was never \def'ed. If you have
misspelled it (e.g., `\hobx'), type `I' and the correct
spelling (e.g., `I\hbox'). Otherwise just continue,
and I'll forget about whatever was undefined.


Overfull \hbox (108.84612pt too wide) detected at line 124
[]\/cmr/m/n/10 (\OML/cmm/m/it/10 f\/cmr/m/n/10 ) = []
 []

Missing character: There is no E in font nullfont!
Missing character: There is no s in font nullfont!
Missing character: There is no g in font nullfont!
Missing character: There is no i in font nullfont!
Missing character: There is no l in font nullfont!
Missing character: There is no t in font nullfont!
Missing character: There is no s in font nullfont!
Missing character: There is no y in font nullfont!
Missing character: There is no m in font nullfont!
Missing character: There is no m in font nullfont!
Missing character: There is no e in font nullfont!
Missing character: There is no t in font nullfont!
Missing character: There is no r in font nullfont!
Missing character: There is no i in font nullfont!
Missing character: There is no s in font nullfont!
Missing character: There is no c in font nullfont!
Missing character: There is no h in font nullfont!
! Undefined control sequence.
l.125 ...ymmetrisch $\Leftrightarrow \operatorname
                                                  {rot}(f)(x)=0$}
The control sequence at the end of the top line
of your error message was never \def'ed. If you have
misspelled it (e.g., `\hobx'), type `I' and the correct
spelling (e.g., `I\hbox'). Otherwise just continue,
and I'll forget about whatever was undefined.


Overfull \hbox (24.22229pt too wide) in paragraph at lines 124--126
  $\OML/cmm/m/it/10 J[]\/cmr/m/n/10 (\OML/cmm/m/it/10 x\/cmr/m/n/10 )$
 []


Overfull \hbox (10.00002pt too wide) in paragraph at lines 124--126
\OMS/cmsy/m/n/10 ,
 []


Overfull \hbox (51.04636pt too wide) in paragraph at lines 124--126
[]\/cmr/m/n/10 (\OML/cmm/m/it/10 f\/cmr/m/n/10 )(\OML/cmm/m/it/10 x\/cmr/m/n/10
 ) =
 []


Overfull \hbox (5.00002pt too wide) in paragraph at lines 124--126
\/cmr/m/n/10 0$ 
 []

! Undefined control sequence.
l.127 \NOTE
           {}{Falls Domäne sternförmig ist gilt: Feld ist konservativ$ \Le...
The control sequence at the end of the top line
of your error message was never \def'ed. If you have
misspelled it (e.g., `\hobx'), type `I' and the correct
spelling (e.g., `I\hbox'). Otherwise just continue,
and I'll forget about whatever was undefined.


! LaTeX Error: Missing \begin{document}.

See the LaTeX manual or LaTeX Companion for explanation.
Type  H <return>  for immediate help.
 ...                                              
                                                  
l.127 \NOTE{}{F
               alls Domäne sternförmig ist gilt: Feld ist konservativ$ \Le...

You're in trouble here.  Try typing  <return>  to proceed.
If that doesn't work, type  X <return>  to quit.

Missing character: There is no F in font nullfont!
Missing character: There is no a in font nullfont!
Missing character: There is no l in font nullfont!
Missing character: There is no l in font nullfont!
Missing character: There is no s in font nullfont!
Missing character: There is no D in font nullfont!
Missing character: There is no o in font nullfont!
Missing character: There is no m in font nullfont!
Missing character: There is no n in font nullfont!
Missing character: There is no e in font nullfont!
Missing character: There is no s in font nullfont!
Missing character: There is no t in font nullfont!
Missing character: There is no e in font nullfont!
Missing character: There is no r in font nullfont!
Missing character: There is no n in font nullfont!
Missing character: There is no f in font nullfont!
Missing character: There is no r in font nullfont!
Missing character: There is no m in font nullfont!
Missing character: There is no i in font nullfont!
Missing character: There is no g in font nullfont!
Missing character: There is no i in font nullfont!
Missing character: There is no s in font nullfont!
Missing character: There is no t in font nullfont!
Missing character: There is no g in font nullfont!
Missing character: There is no i in font nullfont!
Missing character: There is no l in font nullfont!
Missing character: There is no t in font nullfont!
Missing character: There is no : in font nullfont!
Missing character: There is no F in font nullfont!
Missing character: There is no e in font nullfont!
Missing character: There is no l in font nullfont!
Missing character: There is no d in font nullfont!
Missing character: There is no i in font nullfont!
Missing character: There is no s in font nullfont!
Missing character: There is no t in font nullfont!
Missing character: There is no k in font nullfont!
Missing character: There is no o in font nullfont!
Missing character: There is no n in font nullfont!
Missing character: There is no s in font nullfont!
Missing character: There is no e in font nullfont!
Missing character: There is no r in font nullfont!
Missing character: There is no v in font nullfont!
Missing character: There is no a in font nullfont!
Missing character: There is no t in font nullfont!
Missing character: There is no i in font nullfont!
Missing character: There is no v in font nullfont!
Missing character: There is no s in font nullfont!
Missing character: There is no y in font nullfont!
Missing character: There is no m in font nullfont!
Missing character: There is no m in font nullfont!
Missing character: There is no e in font nullfont!
Missing character: There is no t in font nullfont!
Missing character: There is no r in font nullfont!
Missing character: There is no i in font nullfont!
Missing character: There is no s in font nullfont!
Missing character: There is no c in font nullfont!
Missing character: There is no h in font nullfont!
! Undefined control sequence.
l.127 ...ymmetrisch $\Leftrightarrow \operatorname
                                                  {rot}(f)(x)=0$
The control sequence at the end of the top line
of your error message was never \def'ed. If you have
misspelled it (e.g., `\hobx'), type `I' and the correct
spelling (e.g., `I\hbox'). Otherwise just continue,
and I'll forget about whatever was undefined.

Missing character: There is no Z in font nullfont!
Missing character: There is no u in font nullfont!
Missing character: There is no s in font nullfont!
Missing character: There is no a in font nullfont!
Missing character: There is no m in font nullfont!
Missing character: There is no m in font nullfont!
Missing character: There is no e in font nullfont!
Missing character: There is no n in font nullfont!
Missing character: There is no f in font nullfont!
Missing character: There is no a in font nullfont!
Missing character: There is no s in font nullfont!
Missing character: There is no s in font nullfont!
Missing character: There is no e in font nullfont!
Missing character: There is no n in font nullfont!
Missing character: There is no d in font nullfont!
Missing character: There is no g in font nullfont!
Missing character: There is no i in font nullfont!
Missing character: There is no l in font nullfont!
Missing character: There is no t in font nullfont!
Missing character: There is no : in font nullfont!

! LaTeX Error: Environment gather* undefined.

See the LaTeX manual or LaTeX Companion for explanation.
Type  H <return>  for immediate help.
 ...                                              
                                                  
l.129 \begin{gather*}
                     
Your command was ignored.
Type  I <command> <return>  to replace it with another command,
or  <return>  to continue without it.

Missing character: There is no f in font nullfont!
! Missing $ inserted.
<inserted text> 
                $
l.130 f \in
            C^{0}(U,\mathbb{R}^{n})\text{ konservativ mit }U \subseteq \math...
I've inserted a begin-math/end-math symbol since I think
you left one out. Proceed, with fingers crossed.

! Undefined control sequence.
l.130 f \in C^{0}(U,\mathbb
                           {R}^{n})\text{ konservativ mit }U \subseteq \math...
The control sequence at the end of the top line
of your error message was never \def'ed. If you have
misspelled it (e.g., `\hobx'), type `I' and the correct
spelling (e.g., `I\hbox'). Otherwise just continue,
and I'll forget about whatever was undefined.

! Undefined control sequence.
l.130 f \in C^{0}(U,\mathbb{R}^{n})\text
                                        { konservativ mit }U \subseteq \math...
The control sequence at the end of the top line
of your error message was never \def'ed. If you have
misspelled it (e.g., `\hobx'), type `I' and the correct
spelling (e.g., `I\hbox'). Otherwise just continue,
and I'll forget about whatever was undefined.

! Undefined control sequence.
l.130 ...ext{ konservativ mit }U \subseteq \mathbb
                                                  {R}^{n}\\
The control sequence at the end of the top line
of your error message was never \def'ed. If you have
misspelled it (e.g., `\hobx'), type `I' and the correct
spelling (e.g., `I\hbox'). Otherwise just continue,
and I'll forget about whatever was undefined.

! Undefined control sequence.
l.132 f=\nabla g\text
                     { für }g\in C^{1}(U,\mathbb{R})\\
The control sequence at the end of the top line
of your error message was never \def'ed. If you have
misspelled it (e.g., `\hobx'), type `I' and the correct
spelling (e.g., `I\hbox'). Otherwise just continue,
and I'll forget about whatever was undefined.


LaTeX Warning: Command \" invalid in math mode on input line 132.


LaTeX Warning: Command \" invalid in math mode on input line 132.

! Please use \mathaccent for accents in math mode.
\add@accent ... \let \ignorespaces \relax \accent 
                                                  #1 #2\egroup \ifmmode \els...
l.132 f=\nabla g\text{ fü
                          r }g\in C^{1}(U,\mathbb{R})\\
I'm changing \accent to \mathaccent here; wish me luck.
(Accents are not the same in formulas as they are in text.)

! Missing { inserted.
<to be read again> 
                   \edef 
l.132 f=\nabla g\text{ fü
                          r }g\in C^{1}(U,\mathbb{R})\\
A left brace was mandatory here, so I've put one in.
You might want to delete and/or insert some corrections
so that I will find a matching right brace soon.
(If you're confused by all this, try typing `I}' now.)

! Undefined control sequence.
l.132 f=\nabla g\text{ für }g\in C^{1}(U,\mathbb
                                                 {R})\\
The control sequence at the end of the top line
of your error message was never \def'ed. If you have
misspelled it (e.g., `\hobx'), type `I' and the correct
spelling (e.g., `I\hbox'). Otherwise just continue,
and I'll forget about whatever was undefined.

! Undefined control sequence.
l.133 ...ad \Downarrow \quad(\Uparrow\quad U \text
                                                  { sternförmig})\\
The control sequence at the end of the top line
of your error message was never \def'ed. If you have
misspelled it (e.g., `\hobx'), type `I' and the correct
spelling (e.g., `I\hbox'). Otherwise just continue,
and I'll forget about whatever was undefined.


LaTeX Warning: Command \" invalid in math mode on input line 133.


LaTeX Warning: Command \" invalid in math mode on input line 133.

! Please use \mathaccent for accents in math mode.
\add@accent ... \let \ignorespaces \relax \accent 
                                                  #1 #2\egroup \ifmmode \els...
l.133 ...row \quad(\Uparrow\quad U \text{ sternfö
                                                  rmig})\\
I'm changing \accent to \mathaccent here; wish me luck.
(Accents are not the same in formulas as they are in text.)

! Missing { inserted.
<to be read again> 
                   \edef 
l.133 ...row \quad(\Uparrow\quad U \text{ sternfö
                                                  rmig})\\
A left brace was mandatory here, so I've put one in.
You might want to delete and/or insert some corrections
so that I will find a matching right brace soon.
(If you're confused by all this, try typing `I}' now.)

! Undefined control sequence.
l.134 J_{f}(x) \text
                    { symmetrisch}
The control sequence at the end of the top line
of your error message was never \def'ed. If you have
misspelled it (e.g., `\hobx'), type `I' and the correct
spelling (e.g., `I\hbox'). Otherwise just continue,
and I'll forget about whatever was undefined.


! LaTeX Error: \begin{document} ended by \end{gather*}.

See the LaTeX manual or LaTeX Companion for explanation.
Type  H <return>  for immediate help.
 ...                                              
                                                  
l.135 \end{gather*}
                   
Your command was ignored.
Type  I <command> <return>  to replace it with another command,
or  <return>  to continue without it.

! Missing } inserted.
<inserted text> 
                }
l.135 \end{gather*}
                   
I've inserted something that you may have forgotten.
(See the <inserted text> above.)
With luck, this will get me unwedged. But if you
really didn't forget anything, try typing `2' now; then
my insertion and my current dilemma will both disappear.

! Missing } inserted.
<inserted text> 
                }
l.135 \end{gather*}
                   
I've inserted something that you may have forgotten.
(See the <inserted text> above.)
With luck, this will get me unwedged. But if you
really didn't forget anything, try typing `2' now; then
my insertion and my current dilemma will both disappear.

! Missing $ inserted.
<inserted text> 
                $
l.135 \end{gather*}
                   
I've inserted something that you may have forgotten.
(See the <inserted text> above.)
With luck, this will get me unwedged. But if you
really didn't forget anything, try typing `2' now; then
my insertion and my current dilemma will both disappear.


Overfull \hbox (20.0pt too wide) in paragraph at lines 127--136
[]
 []


Overfull \hbox (5.00002pt too wide) in paragraph at lines 127--136
\/cmr/m/n/10 ^^?a
 []


Overfull \hbox (5.00002pt too wide) in paragraph at lines 127--136
\/cmr/m/n/10 ^^?o
 []


Overfull \hbox (10.00002pt too wide) in paragraph at lines 127--136
\OMS/cmsy/m/n/10 ,
 []


Overfull \hbox (24.22229pt too wide) in paragraph at lines 127--136
\OML/cmm/m/it/10 J[]\/cmr/m/n/10 (\OML/cmm/m/it/10 x\/cmr/m/n/10 )$
 []


Overfull \hbox (10.00002pt too wide) in paragraph at lines 127--136
\OMS/cmsy/m/n/10 ,
 []


Overfull \hbox (51.04636pt too wide) in paragraph at lines 127--136
[]\/cmr/m/n/10 (\OML/cmm/m/it/10 f\/cmr/m/n/10 )(\OML/cmm/m/it/10 x\/cmr/m/n/10
 ) =
 []


Overfull \hbox (5.00002pt too wide) in paragraph at lines 127--136
\/cmr/m/n/10 0$
 []


Overfull \hbox (6.66669pt too wide) in paragraph at lines 127--136
\OMS/cmsy/m/n/10 2
 []


Overfull \hbox (132.05884pt too wide) in paragraph at lines 127--136
\OML/cmm/m/it/10 C[]\/cmr/m/n/10 (\OML/cmm/m/it/10 U; R[]\/cmr/m/n/10 )[]\OML/c
mm/m/it/10 U \OMS/cmsy/m/n/10 ^^R
 []


Overfull \hbox (13.11348pt too wide) in paragraph at lines 127--136
\OML/cmm/m/it/10 R[][] 
 []


Overfull \hbox (6.11111pt too wide) in paragraph at lines 127--136
\OMS/cmsy/m/n/10 m
 []


Overfull \hbox (16.52777pt too wide) in paragraph at lines 127--136
\OML/cmm/m/it/10 f \/cmr/m/n/10 =
 []


Overfull \hbox (262.31703pt too wide) in paragraph at lines 127--136
\OMS/cmsy/m/n/10 r\OML/cmm/m/it/10 g[]$ 
 []

! Undefined control sequence.
l.139 \mysubsection
                   {\centering Riemann Integral}
The control sequence at the end of the top line
of your error message was never \def'ed. If you have
misspelled it (e.g., `\hobx'), type `I' and the correct
spelling (e.g., `I\hbox'). Otherwise just continue,
and I'll forget about whatever was undefined.


! LaTeX Error: Missing \begin{document}.

See the LaTeX manual or LaTeX Companion for explanation.
Type  H <return>  for immediate help.
 ...                                              
                                                  
l.139 \mysubsection{\centering R
                                iemann Integral}
You're in trouble here.  Try typing  <return>  to proceed.
If that doesn't work, type  X <return>  to quit.

Missing character: There is no R in font nullfont!
Missing character: There is no i in font nullfont!
Missing character: There is no e in font nullfont!
Missing character: There is no m in font nullfont!
Missing character: There is no a in font nullfont!
Missing character: There is no n in font nullfont!
Missing character: There is no n in font nullfont!
Missing character: There is no I in font nullfont!
Missing character: There is no n in font nullfont!
Missing character: There is no t in font nullfont!
Missing character: There is no e in font nullfont!
Missing character: There is no g in font nullfont!
Missing character: There is no r in font nullfont!
Missing character: There is no a in font nullfont!
Missing character: There is no l in font nullfont!
! Undefined control sequence.
l.140 \NOTE
           {MC}{\hlc[pink]{HERE}}
The control sequence at the end of the top line
of your error message was never \def'ed. If you have
misspelled it (e.g., `\hobx'), type `I' and the correct
spelling (e.g., `I\hbox'). Otherwise just continue,
and I'll forget about whatever was undefined.

Missing character: There is no M in font nullfont!
Missing character: There is no C in font nullfont!
! Undefined control sequence.
l.140 \NOTE{MC}{\hlc
                    [pink]{HERE}}
The control sequence at the end of the top line
of your error message was never \def'ed. If you have
misspelled it (e.g., `\hobx'), type `I' and the correct
spelling (e.g., `I\hbox'). Otherwise just continue,
and I'll forget about whatever was undefined.

Missing character: There is no [ in font nullfont!
Missing character: There is no p in font nullfont!
Missing character: There is no i in font nullfont!
Missing character: There is no n in font nullfont!
Missing character: There is no k in font nullfont!
Missing character: There is no ] in font nullfont!
Missing character: There is no H in font nullfont!
Missing character: There is no E in font nullfont!
Missing character: There is no R in font nullfont!
Missing character: There is no E in font nullfont!
! Undefined control sequence.
l.142 \mysubsection
                   {\centering Uneigentliche Integrale}
The control sequence at the end of the top line
of your error message was never \def'ed. If you have
misspelled it (e.g., `\hobx'), type `I' and the correct
spelling (e.g., `I\hbox'). Otherwise just continue,
and I'll forget about whatever was undefined.


! LaTeX Error: Missing \begin{document}.

See the LaTeX manual or LaTeX Companion for explanation.
Type  H <return>  for immediate help.
 ...                                              
                                                  
l.142 \mysubsection{\centering U
                                neigentliche Integrale}
You're in trouble here.  Try typing  <return>  to proceed.
If that doesn't work, type  X <return>  to quit.

Missing character: There is no U in font nullfont!
Missing character: There is no n in font nullfont!
Missing character: There is no e in font nullfont!
Missing character: There is no i in font nullfont!
Missing character: There is no g in font nullfont!
Missing character: There is no e in font nullfont!
Missing character: There is no n in font nullfont!
Missing character: There is no t in font nullfont!
Missing character: There is no l in font nullfont!
Missing character: There is no i in font nullfont!
Missing character: There is no c in font nullfont!
Missing character: There is no h in font nullfont!
Missing character: There is no e in font nullfont!
Missing character: There is no I in font nullfont!
Missing character: There is no n in font nullfont!
Missing character: There is no t in font nullfont!
Missing character: There is no e in font nullfont!
Missing character: There is no g in font nullfont!
Missing character: There is no r in font nullfont!
Missing character: There is no a in font nullfont!
Missing character: There is no l in font nullfont!
Missing character: There is no e in font nullfont!
! Undefined control sequence.
l.143 \NOTE
           {MC}{\hlc[pink]{HERE}}
The control sequence at the end of the top line
of your error message was never \def'ed. If you have
misspelled it (e.g., `\hobx'), type `I' and the correct
spelling (e.g., `I\hbox'). Otherwise just continue,
and I'll forget about whatever was undefined.

Missing character: There is no M in font nullfont!
Missing character: There is no C in font nullfont!
! Undefined control sequence.
l.143 \NOTE{MC}{\hlc
                    [pink]{HERE}}
The control sequence at the end of the top line
of your error message was never \def'ed. If you have
misspelled it (e.g., `\hobx'), type `I' and the correct
spelling (e.g., `I\hbox'). Otherwise just continue,
and I'll forget about whatever was undefined.

Missing character: There is no [ in font nullfont!
Missing character: There is no p in font nullfont!
Missing character: There is no i in font nullfont!
Missing character: There is no n in font nullfont!
Missing character: There is no k in font nullfont!
Missing character: There is no ] in font nullfont!
Missing character: There is no H in font nullfont!
Missing character: There is no E in font nullfont!
Missing character: There is no R in font nullfont!
Missing character: There is no E in font nullfont!
! Undefined control sequence.
l.145 \mysubsection
                   {\centering Transformationsformel}
The control sequence at the end of the top line
of your error message was never \def'ed. If you have
misspelled it (e.g., `\hobx'), type `I' and the correct
spelling (e.g., `I\hbox'). Otherwise just continue,
and I'll forget about whatever was undefined.


! LaTeX Error: Missing \begin{document}.

See the LaTeX manual or LaTeX Companion for explanation.
Type  H <return>  for immediate help.
 ...                                              
                                                  
l.145 \mysubsection{\centering T
                                ransformationsformel}
You're in trouble here.  Try typing  <return>  to proceed.
If that doesn't work, type  X <return>  to quit.

Missing character: There is no T in font nullfont!
Missing character: There is no r in font nullfont!
Missing character: There is no a in font nullfont!
Missing character: There is no n in font nullfont!
Missing character: There is no s in font nullfont!
Missing character: There is no f in font nullfont!
Missing character: There is no o in font nullfont!
Missing character: There is no r in font nullfont!
Missing character: There is no m in font nullfont!
Missing character: There is no a in font nullfont!
Missing character: There is no t in font nullfont!
Missing character: There is no i in font nullfont!
Missing character: There is no o in font nullfont!
Missing character: There is no n in font nullfont!
Missing character: There is no s in font nullfont!
Missing character: There is no f in font nullfont!
Missing character: There is no o in font nullfont!
Missing character: There is no r in font nullfont!
Missing character: There is no m in font nullfont!
Missing character: There is no e in font nullfont!
Missing character: There is no l in font nullfont!
! Undefined control sequence.
l.146 \NOTE
           {MC}{\hlc[pink]{HERE}}
The control sequence at the end of the top line
of your error message was never \def'ed. If you have
misspelled it (e.g., `\hobx'), type `I' and the correct
spelling (e.g., `I\hbox'). Otherwise just continue,
and I'll forget about whatever was undefined.

Missing character: There is no M in font nullfont!
Missing character: There is no C in font nullfont!
! Undefined control sequence.
l.146 \NOTE{MC}{\hlc
                    [pink]{HERE}}
The control sequence at the end of the top line
of your error message was never \def'ed. If you have
misspelled it (e.g., `\hobx'), type `I' and the correct
spelling (e.g., `I\hbox'). Otherwise just continue,
and I'll forget about whatever was undefined.

Missing character: There is no [ in font nullfont!
Missing character: There is no p in font nullfont!
Missing character: There is no i in font nullfont!
Missing character: There is no n in font nullfont!
Missing character: There is no k in font nullfont!
Missing character: There is no ] in font nullfont!
Missing character: There is no H in font nullfont!
Missing character: There is no E in font nullfont!
Missing character: There is no R in font nullfont!
Missing character: There is no E in font nullfont!
)
! Emergency stop.
<*> ./Integral.tex
                  
*** (job aborted, no legal \end found)

 
Here is how much of TeX's memory you used:
 42 strings out of 475385
 945 string characters out of 2776906
 357233 words of memory out of 3000000
 21519 multiletter control sequences out of 15000+600000
 469259 words of font info for 28 fonts, out of 8000000 for 9000
 1141 hyphenation exceptions out of 8191
 25i,7n,32p,432b,141s stack positions out of 10000i,1000n,20000p,200000b,80000s
!  ==> Fatal error occurred, no output PDF file produced!
