This is pdfTeX, Version 3.141592653-2.6-1.40.24 (MiKTeX 22.10) (preloaded format=pdflatex 2022.11.28)  29 JAN 2025 10:48
entering extended mode
 restricted \write18 enabled.
 %&-line parsing enabled.
**"./BsC, FS23 - CheatSheet Anal.tex"
(BsC, FS23 - CheatSheet Anal.tex
LaTeX2e <2022-06-01> patch level 5
L3 programming layer <2022-09-28>
(C:\Users\41783\AppData\Local\Programs\MiKTeX\tex/latex/base\article.cls
Document Class: article 2021/10/04 v1.4n Standard LaTeX document class
(C:\Users\41783\AppData\Local\Programs\MiKTeX\tex/latex/base\size10.clo
File: size10.clo 2021/10/04 v1.4n Standard LaTeX file (size option)
)
\c@part=\count185
\c@section=\count186
\c@subsection=\count187
\c@subsubsection=\count188
\c@paragraph=\count189
\c@subparagraph=\count190
\c@figure=\count191
\c@table=\count192
\abovecaptionskip=\skip47
\belowcaptionskip=\skip48
\bibindent=\dimen138
)
(C:\Users\41783\AppData\Local\Programs\MiKTeX\tex/latex/amsfonts\amssymb.sty
Package: amssymb 2013/01/14 v3.01 AMS font symbols

(C:\Users\41783\AppData\Local\Programs\MiKTeX\tex/latex/amsfonts\amsfonts.sty
Package: amsfonts 2013/01/14 v3.01 Basic AMSFonts support
\@emptytoks=\toks16
\symAMSa=\mathgroup4
\symAMSb=\mathgroup5
LaTeX Font Info:    Redeclaring math symbol \hbar on input line 98.
LaTeX Font Info:    Overwriting math alphabet `\mathfrak' in version `bold'
(Font)                  U/euf/m/n --> U/euf/b/n on input line 106.
)) (C:\Users\41783\AppData\Local\Programs\MiKTeX\tex/latex/amsmath\amsmath.sty
Package: amsmath 2022/04/08 v2.17n AMS math features
\@mathmargin=\skip49

For additional information on amsmath, use the `?' option.
(C:\Users\41783\AppData\Local\Programs\MiKTeX\tex/latex/amsmath\amstext.sty
Package: amstext 2021/08/26 v2.01 AMS text

(C:\Users\41783\AppData\Local\Programs\MiKTeX\tex/latex/amsmath\amsgen.sty
File: amsgen.sty 1999/11/30 v2.0 generic functions
\@emptytoks=\toks17
\ex@=\dimen139
))
(C:\Users\41783\AppData\Local\Programs\MiKTeX\tex/latex/amsmath\amsbsy.sty
Package: amsbsy 1999/11/29 v1.2d Bold Symbols
\pmbraise@=\dimen140
)
(C:\Users\41783\AppData\Local\Programs\MiKTeX\tex/latex/amsmath\amsopn.sty
Package: amsopn 2022/04/08 v2.04 operator names
)
\inf@bad=\count193
LaTeX Info: Redefining \frac on input line 234.
\uproot@=\count194
\leftroot@=\count195
LaTeX Info: Redefining \overline on input line 399.
LaTeX Info: Redefining \colon on input line 410.
\classnum@=\count196
\DOTSCASE@=\count197
LaTeX Info: Redefining \ldots on input line 496.
LaTeX Info: Redefining \dots on input line 499.
LaTeX Info: Redefining \cdots on input line 620.
\Mathstrutbox@=\box51
\strutbox@=\box52
LaTeX Info: Redefining \big on input line 722.
LaTeX Info: Redefining \Big on input line 723.
LaTeX Info: Redefining \bigg on input line 724.
LaTeX Info: Redefining \Bigg on input line 725.
\big@size=\dimen141
LaTeX Font Info:    Redeclaring font encoding OML on input line 743.
LaTeX Font Info:    Redeclaring font encoding OMS on input line 744.
\macc@depth=\count198
LaTeX Info: Redefining \bmod on input line 905.
LaTeX Info: Redefining \pmod on input line 910.
LaTeX Info: Redefining \smash on input line 940.
LaTeX Info: Redefining \relbar on input line 970.
LaTeX Info: Redefining \Relbar on input line 971.
\c@MaxMatrixCols=\count199
\dotsspace@=\muskip16
\c@parentequation=\count266
\dspbrk@lvl=\count267
\tag@help=\toks18
\row@=\count268
\column@=\count269
\maxfields@=\count270
\andhelp@=\toks19
\eqnshift@=\dimen142
\alignsep@=\dimen143
\tagshift@=\dimen144
\tagwidth@=\dimen145
\totwidth@=\dimen146
\lineht@=\dimen147
\@envbody=\toks20
\multlinegap=\skip50
\multlinetaggap=\skip51
\mathdisplay@stack=\toks21
LaTeX Info: Redefining \[ on input line 2953.
LaTeX Info: Redefining \] on input line 2954.
)
(C:\Users\41783\AppData\Local\Programs\MiKTeX\tex/latex/amscls\amsthm.sty
Package: amsthm 2020/05/29 v2.20.6
\thm@style=\toks22
\thm@bodyfont=\toks23
\thm@headfont=\toks24
\thm@notefont=\toks25
\thm@headpunct=\toks26
\thm@preskip=\skip52
\thm@postskip=\skip53
\thm@headsep=\skip54
\dth@everypar=\toks27
)
(C:\Users\41783\AppData\Local\Programs\MiKTeX\tex/latex/tools\multicol.sty
Package: multicol 2021/11/30 v1.9d multicolumn formatting (FMi)
\c@tracingmulticols=\count271
\mult@box=\box53
\multicol@leftmargin=\dimen148
\c@unbalance=\count272
\c@collectmore=\count273
\doublecol@number=\count274
\multicoltolerance=\count275
\multicolpretolerance=\count276
\full@width=\dimen149
\page@free=\dimen150
\premulticols=\dimen151
\postmulticols=\dimen152
\multicolsep=\skip55
\multicolbaselineskip=\skip56
\partial@page=\box54
\last@line=\box55
\maxbalancingoverflow=\dimen153
\mult@rightbox=\box56
\mult@grightbox=\box57
\mult@firstbox=\box58
\mult@gfirstbox=\box59
\@tempa=\box60
\@tempa=\box61
\@tempa=\box62
\@tempa=\box63
\@tempa=\box64
\@tempa=\box65
\@tempa=\box66
\@tempa=\box67
\@tempa=\box68
\@tempa=\box69
\@tempa=\box70
\@tempa=\box71
\@tempa=\box72
\@tempa=\box73
\@tempa=\box74
\@tempa=\box75
\@tempa=\box76
\@tempa=\box77
\@tempa=\box78
\@tempa=\box79
\@tempa=\box80
\@tempa=\box81
\@tempa=\box82
\@tempa=\box83
\@tempa=\box84
\@tempa=\box85
\@tempa=\box86
\@tempa=\box87
\@tempa=\box88
\@tempa=\box89
\@tempa=\box90
\@tempa=\box91
\@tempa=\box92
\@tempa=\box93
\@tempa=\box94
\@tempa=\box95
\c@minrows=\count277
\c@columnbadness=\count278
\c@finalcolumnbadness=\count279
\last@try=\dimen154
\multicolovershoot=\dimen155
\multicolundershoot=\dimen156
\mult@nat@firstbox=\box96
\colbreak@box=\box97
\mc@col@check@num=\count280
)
(C:\Users\41783\AppData\Local\Programs\MiKTeX\tex/latex/multirow\multirow.sty
Package: multirow 2021/03/15 v2.8 Span multiple rows of a table
\multirow@colwidth=\skip57
\multirow@cntb=\count281
\multirow@dima=\skip58
\bigstrutjot=\dimen157
)
(C:\Users\41783\AppData\Local\Programs\MiKTeX\tex/latex/graphics\graphicx.sty
Package: graphicx 2021/09/16 v1.2d Enhanced LaTeX Graphics (DPC,SPQR)

(C:\Users\41783\AppData\Local\Programs\MiKTeX\tex/latex/graphics\keyval.sty
Package: keyval 2022/05/29 v1.15 key=value parser (DPC)
\KV@toks@=\toks28
)
(C:\Users\41783\AppData\Local\Programs\MiKTeX\tex/latex/graphics\graphics.sty
Package: graphics 2022/03/10 v1.4e Standard LaTeX Graphics (DPC,SPQR)

(C:\Users\41783\AppData\Local\Programs\MiKTeX\tex/latex/graphics\trig.sty
Package: trig 2021/08/11 v1.11 sin cos tan (DPC)
)
(C:\Users\41783\AppData\Local\Programs\MiKTeX\tex/latex/graphics-cfg\graphics.c
fg
File: graphics.cfg 2016/06/04 v1.11 sample graphics configuration
)
Package graphics Info: Driver file: pdftex.def on input line 107.

(C:\Users\41783\AppData\Local\Programs\MiKTeX\tex/latex/graphics-def\pdftex.def
File: pdftex.def 2022/09/22 v1.2b Graphics/color driver for pdftex
\stockwidth=\dimen158
\stockheight=\dimen159
))
\Gin@req@height=\dimen160
\Gin@req@width=\dimen161
) (C:\Users\41783\AppData\Local\Programs\MiKTeX\tex/latex/xcolor\xcolor.sty
Package: xcolor 2022/06/12 v2.14 LaTeX color extensions (UK)

(C:\Users\41783\AppData\Local\Programs\MiKTeX\tex/latex/graphics-cfg\color.cfg
File: color.cfg 2016/01/02 v1.6 sample color configuration
)
Package xcolor Info: Driver file: pdftex.def on input line 227.
(C:\Users\41783\AppData\Local\Programs\MiKTeX\tex/latex/graphics\mathcolor.ltx)
Package xcolor Info: Model `cmy' substituted by `cmy0' on input line 1353.
Package xcolor Info: Model `hsb' substituted by `rgb' on input line 1357.
Package xcolor Info: Model `RGB' extended on input line 1369.
Package xcolor Info: Model `HTML' substituted by `rgb' on input line 1371.
Package xcolor Info: Model `Hsb' substituted by `hsb' on input line 1372.
Package xcolor Info: Model `tHsb' substituted by `hsb' on input line 1373.
Package xcolor Info: Model `HSB' substituted by `hsb' on input line 1374.
Package xcolor Info: Model `Gray' substituted by `gray' on input line 1375.
Package xcolor Info: Model `wave' substituted by `hsb' on input line 1376.
(C:\Users\41783\AppData\Local\Programs\MiKTeX\tex/latex/graphics\dvipsnam.def
File: dvipsnam.def 2016/06/17 v3.0m Driver-dependent file (DPC,SPQR)
)) (C:\Users\41783\AppData\Local\Programs\MiKTeX\tex/latex/tools\tabularx.sty
Package: tabularx 2020/01/15 v2.11c `tabularx' package (DPC)

(C:\Users\41783\AppData\Local\Programs\MiKTeX\tex/latex/tools\array.sty
Package: array 2022/03/10 v2.5f Tabular extension package (FMi)
\col@sep=\dimen162
\ar@mcellbox=\box98
\extrarowheight=\dimen163
\NC@list=\toks29
\extratabsurround=\skip59
\backup@length=\skip60
\ar@cellbox=\box99
)
\TX@col@width=\dimen164
\TX@old@table=\dimen165
\TX@old@col=\dimen166
\TX@target=\dimen167
\TX@delta=\dimen168
\TX@cols=\count282
\TX@ftn=\toks30
)
(C:\Users\41783\AppData\Local\Programs\MiKTeX\tex/latex/booktabs\booktabs.sty
Package: booktabs 2020/01/12 v1.61803398 Publication quality tables
\heavyrulewidth=\dimen169
\lightrulewidth=\dimen170
\cmidrulewidth=\dimen171
\belowrulesep=\dimen172
\belowbottomsep=\dimen173
\aboverulesep=\dimen174
\abovetopsep=\dimen175
\cmidrulesep=\dimen176
\cmidrulekern=\dimen177
\defaultaddspace=\dimen178
\@cmidla=\count283
\@cmidlb=\count284
\@aboverulesep=\dimen179
\@belowrulesep=\dimen180
\@thisruleclass=\count285
\@lastruleclass=\count286
\@thisrulewidth=\dimen181
)
(C:\Users\41783\AppData\Local\Programs\MiKTeX\tex/latex/float\float.sty
Package: float 2001/11/08 v1.3d Float enhancements (AL)
\c@float@type=\count287
\float@exts=\toks31
\float@box=\box100
\@float@everytoks=\toks32
\@floatcapt=\box101
)
(C:\Users\41783\AppData\Local\Programs\MiKTeX\tex/latex/tools\calc.sty
Package: calc 2017/05/25 v4.3 Infix arithmetic (KKT,FJ)
\calc@Acount=\count288
\calc@Bcount=\count289
\calc@Adimen=\dimen182
\calc@Bdimen=\dimen183
\calc@Askip=\skip61
\calc@Bskip=\skip62
LaTeX Info: Redefining \setlength on input line 80.
LaTeX Info: Redefining \addtolength on input line 81.
\calc@Ccount=\count290
\calc@Cskip=\skip63
)
(C:\Users\41783\AppData\Local\Programs\MiKTeX\tex/generic/soul\soul.sty
Package: soul 2003/11/17 v2.4 letterspacing/underlining (mf)
\SOUL@word=\toks33
\SOUL@lasttoken=\toks34
\SOUL@cmds=\toks35
\SOUL@buffer=\toks36
\SOUL@token=\toks37
\SOUL@spaceskip=\skip64
\SOUL@ttwidth=\dimen184
\SOUL@uldp=\dimen185
\SOUL@ulht=\dimen186
)
(C:\Users\41783\AppData\Local\Programs\MiKTeX\tex/latex/base\ifthen.sty
Package: ifthen 2022/04/13 v1.1d Standard LaTeX ifthen package (DPC)
)
(C:\Users\41783\AppData\Local\Programs\MiKTeX\tex/latex/titlesec\titlesec.sty
Package: titlesec 2021/07/05 v2.14 Sectioning titles
\ttl@box=\box102
\beforetitleunit=\skip65
\aftertitleunit=\skip66
\ttl@plus=\dimen187
\ttl@minus=\dimen188
\ttl@toksa=\toks38
\titlewidth=\dimen189
\titlewidthlast=\dimen190
\titlewidthfirst=\dimen191
)
(C:\Users\41783\AppData\Local\Programs\MiKTeX\tex/latex/geometry\geometry.sty
Package: geometry 2020/01/02 v5.9 Page Geometry

(C:\Users\41783\AppData\Local\Programs\MiKTeX\tex/generic/iftex\ifvtex.sty
Package: ifvtex 2019/10/25 v1.7 ifvtex legacy package. Use iftex instead.

(C:\Users\41783\AppData\Local\Programs\MiKTeX\tex/generic/iftex\iftex.sty
Package: iftex 2022/02/03 v1.0f TeX engine tests
))
\Gm@cnth=\count291
\Gm@cntv=\count292
\c@Gm@tempcnt=\count293
\Gm@bindingoffset=\dimen192
\Gm@wd@mp=\dimen193
\Gm@odd@mp=\dimen194
\Gm@even@mp=\dimen195
\Gm@layoutwidth=\dimen196
\Gm@layoutheight=\dimen197
\Gm@layouthoffset=\dimen198
\Gm@layoutvoffset=\dimen199
\Gm@dimlist=\toks39

(C:\Users\41783\AppData\Local\Programs\MiKTeX\tex/latex/geometry\geometry.cfg))
(C:\Users\41783\AppData\Local\Programs\MiKTeX\tex/latex/enumitem\enumitem.sty
Package: enumitem 2019/06/20 v3.9 Customized lists
\labelindent=\skip67
\enit@outerparindent=\dimen256
\enit@toks=\toks40
\enit@inbox=\box103
\enit@count@id=\count294
\enitdp@description=\count295
)
(C:\Users\41783\AppData\Local\Programs\MiKTeX\tex/latex/base\syntonly.sty
Package: syntonly 2017/06/30 v2.1e Standard LaTeX2e package
)
(C:\Users\41783\AppData\Local\Programs\MiKTeX\tex/latex/hyperref\hyperref.sty
Package: hyperref 2022-09-22 v7.00t Hypertext links for LaTeX

(C:\Users\41783\AppData\Local\Programs\MiKTeX\tex/generic/ltxcmds\ltxcmds.sty
Package: ltxcmds 2020-05-10 v1.25 LaTeX kernel commands for general use (HO)
)
(C:\Users\41783\AppData\Local\Programs\MiKTeX\tex/generic/pdftexcmds\pdftexcmds
.sty
Package: pdftexcmds 2020-06-27 v0.33 Utility functions of pdfTeX for LuaTeX (HO
)

(C:\Users\41783\AppData\Local\Programs\MiKTeX\tex/generic/infwarerr\infwarerr.s
ty
Package: infwarerr 2019/12/03 v1.5 Providing info/warning/error messages (HO)
)
Package pdftexcmds Info: \pdf@primitive is available.
Package pdftexcmds Info: \pdf@ifprimitive is available.
Package pdftexcmds Info: \pdfdraftmode found.
)
(C:\Users\41783\AppData\Local\Programs\MiKTeX\tex/latex/kvsetkeys\kvsetkeys.sty
Package: kvsetkeys 2022-10-05 v1.19 Key value parser (HO)
)
(C:\Users\41783\AppData\Local\Programs\MiKTeX\tex/generic/kvdefinekeys\kvdefine
keys.sty
Package: kvdefinekeys 2019-12-19 v1.6 Define keys (HO)
)
(C:\Users\41783\AppData\Local\Programs\MiKTeX\tex/generic/pdfescape\pdfescape.s
ty
Package: pdfescape 2019/12/09 v1.15 Implements pdfTeX's escape features (HO)
) (C:\Users\41783\AppData\Local\Programs\MiKTeX\tex/latex/hycolor\hycolor.sty
Package: hycolor 2020-01-27 v1.10 Color options for hyperref/bookmark (HO)
)
(C:\Users\41783\AppData\Local\Programs\MiKTeX\tex/latex/letltxmacro\letltxmacro
.sty
Package: letltxmacro 2019/12/03 v1.6 Let assignment for LaTeX macros (HO)
)
(C:\Users\41783\AppData\Local\Programs\MiKTeX\tex/latex/auxhook\auxhook.sty
Package: auxhook 2019-12-17 v1.6 Hooks for auxiliary files (HO)
)
(C:\Users\41783\AppData\Local\Programs\MiKTeX\tex/latex/hyperref\nameref.sty
Package: nameref 2022-05-17 v2.50 Cross-referencing by name of section

(C:\Users\41783\AppData\Local\Programs\MiKTeX\tex/latex/refcount\refcount.sty
Package: refcount 2019/12/15 v3.6 Data extraction from label references (HO)
)
(C:\Users\41783\AppData\Local\Programs\MiKTeX\tex/generic/gettitlestring\gettit
lestring.sty
Package: gettitlestring 2019/12/15 v1.6 Cleanup title references (HO)

(C:\Users\41783\AppData\Local\Programs\MiKTeX\tex/latex/kvoptions\kvoptions.sty
Package: kvoptions 2022-06-15 v3.15 Key value format for package options (HO)
))
\c@section@level=\count296
)
\@linkdim=\dimen257
\Hy@linkcounter=\count297
\Hy@pagecounter=\count298
 (C:\Users\41783\AppData\Local\Programs\MiKTeX\tex/latex/hyperref\pd1enc.def
File: pd1enc.def 2022-09-22 v7.00t Hyperref: PDFDocEncoding definition (HO)
Now handling font encoding PD1 ...
... no UTF-8 mapping file for font encoding PD1
) (C:\Users\41783\AppData\Local\Programs\MiKTeX\tex/generic/intcalc\intcalc.sty
Package: intcalc 2019/12/15 v1.3 Expandable calculations with integers (HO)
)
(C:\Users\41783\AppData\Local\Programs\MiKTeX\tex/generic/etexcmds\etexcmds.sty
Package: etexcmds 2019/12/15 v1.7 Avoid name clashes with e-TeX commands (HO)
)
\Hy@SavedSpaceFactor=\count299
 (C:\Users\41783\AppData\Local\Programs\MiKTeX\tex/latex/hyperref\puenc.def
File: puenc.def 2022-09-22 v7.00t Hyperref: PDF Unicode definition (HO)
Now handling font encoding PU ...
... no UTF-8 mapping file for font encoding PU
)
Package hyperref Info: Option `colorlinks' set `true' on input line 4045.
Package hyperref Info: Hyper figures OFF on input line 4162.
Package hyperref Info: Link nesting OFF on input line 4167.
Package hyperref Info: Hyper index ON on input line 4170.
Package hyperref Info: Plain pages OFF on input line 4177.
Package hyperref Info: Backreferencing OFF on input line 4182.
Package hyperref Info: Implicit mode ON; LaTeX internals redefined.
Package hyperref Info: Bookmarks ON on input line 4410.
\c@Hy@tempcnt=\count300

(C:\Users\41783\AppData\Local\Programs\MiKTeX\tex/latex/url\url.sty
\Urlmuskip=\muskip17
Package: url 2013/09/16  ver 3.4  Verb mode for urls, etc.
)
LaTeX Info: Redefining \url on input line 4748.
\XeTeXLinkMargin=\dimen258

(C:\Users\41783\AppData\Local\Programs\MiKTeX\tex/generic/bitset\bitset.sty
Package: bitset 2019/12/09 v1.3 Handle bit-vector datatype (HO)

(C:\Users\41783\AppData\Local\Programs\MiKTeX\tex/generic/bigintcalc\bigintcalc
.sty
Package: bigintcalc 2019/12/15 v1.5 Expandable calculations on big integers (HO
)
))
\Fld@menulength=\count301
\Field@Width=\dimen259
\Fld@charsize=\dimen260
Package hyperref Info: Hyper figures OFF on input line 6027.
Package hyperref Info: Link nesting OFF on input line 6032.
Package hyperref Info: Hyper index ON on input line 6035.
Package hyperref Info: backreferencing OFF on input line 6042.
Package hyperref Info: Link coloring ON on input line 6045.
Package hyperref Info: Link coloring with OCG OFF on input line 6052.
Package hyperref Info: PDF/A mode OFF on input line 6057.

(C:\Users\41783\AppData\Local\Programs\MiKTeX\tex/latex/base\atbegshi-ltx.sty
Package: atbegshi-ltx 2021/01/10 v1.0c Emulation of the original atbegshi
package with kernel methods
)
\Hy@abspage=\count302
\c@Item=\count303
\c@Hfootnote=\count304
)
Package hyperref Info: Driver (autodetected): hpdftex.
(C:\Users\41783\AppData\Local\Programs\MiKTeX\tex/latex/hyperref\hpdftex.def
File: hpdftex.def 2022-09-22 v7.00t Hyperref driver for pdfTeX

(C:\Users\41783\AppData\Local\Programs\MiKTeX\tex/latex/base\atveryend-ltx.sty
Package: atveryend-ltx 2020/08/19 v1.0a Emulation of the original atveryend pac
kage
with kernel methods
)
\Fld@listcount=\count305
\c@bookmark@seq@number=\count306

(C:\Users\41783\AppData\Local\Programs\MiKTeX\tex/latex/rerunfilecheck\rerunfil
echeck.sty
Package: rerunfilecheck 2022-07-10 v1.10 Rerun checks for auxiliary files (HO)

(C:\Users\41783\AppData\Local\Programs\MiKTeX\tex/generic/uniquecounter\uniquec
ounter.sty
Package: uniquecounter 2019/12/15 v1.4 Provide unlimited unique counter (HO)
)
Package uniquecounter Info: New unique counter `rerunfilecheck' on input line 2
85.
)
\Hy@SectionHShift=\skip68
)
(C:\Users\41783\AppData\Local\Programs\MiKTeX\tex/latex/pgf/frontendlayer\tikz.
sty
(C:\Users\41783\AppData\Local\Programs\MiKTeX\tex/latex/pgf/basiclayer\pgf.sty
(C:\Users\41783\AppData\Local\Programs\MiKTeX\tex/latex/pgf/utilities\pgfrcs.st
y
(C:\Users\41783\AppData\Local\Programs\MiKTeX\tex/generic/pgf/utilities\pgfutil
-common.tex
\pgfutil@everybye=\toks41
\pgfutil@tempdima=\dimen261
\pgfutil@tempdimb=\dimen262

(C:\Users\41783\AppData\Local\Programs\MiKTeX\tex/generic/pgf/utilities\pgfutil
-common-lists.tex))
(C:\Users\41783\AppData\Local\Programs\MiKTeX\tex/generic/pgf/utilities\pgfutil
-latex.def
\pgfutil@abb=\box104
)
(C:\Users\41783\AppData\Local\Programs\MiKTeX\tex/generic/pgf/utilities\pgfrcs.
code.tex
(C:\Users\41783\AppData\Local\Programs\MiKTeX\tex/generic/pgf\pgf.revision.tex)
Package: pgfrcs 2021/05/15 v3.1.9a (3.1.9a)
))
Package: pgf 2021/05/15 v3.1.9a (3.1.9a)

(C:\Users\41783\AppData\Local\Programs\MiKTeX\tex/latex/pgf/basiclayer\pgfcore.
sty
(C:\Users\41783\AppData\Local\Programs\MiKTeX\tex/latex/pgf/systemlayer\pgfsys.
sty
(C:\Users\41783\AppData\Local\Programs\MiKTeX\tex/generic/pgf/systemlayer\pgfsy
s.code.tex
Package: pgfsys 2021/05/15 v3.1.9a (3.1.9a)

(C:\Users\41783\AppData\Local\Programs\MiKTeX\tex/generic/pgf/utilities\pgfkeys
.code.tex
\pgfkeys@pathtoks=\toks42
\pgfkeys@temptoks=\toks43

(C:\Users\41783\AppData\Local\Programs\MiKTeX\tex/generic/pgf/utilities\pgfkeys
filtered.code.tex
\pgfkeys@tmptoks=\toks44
))
\pgf@x=\dimen263
\pgf@y=\dimen264
\pgf@xa=\dimen265
\pgf@ya=\dimen266
\pgf@xb=\dimen267
\pgf@yb=\dimen268
\pgf@xc=\dimen269
\pgf@yc=\dimen270
\pgf@xd=\dimen271
\pgf@yd=\dimen272
\w@pgf@writea=\write3
\r@pgf@reada=\read2
\c@pgf@counta=\count307
\c@pgf@countb=\count308
\c@pgf@countc=\count309
\c@pgf@countd=\count310
\t@pgf@toka=\toks45
\t@pgf@tokb=\toks46
\t@pgf@tokc=\toks47
\pgf@sys@id@count=\count311

(C:\Users\41783\AppData\Local\Programs\MiKTeX\tex/generic/pgf/systemlayer\pgf.c
fg
File: pgf.cfg 2021/05/15 v3.1.9a (3.1.9a)
)
Driver file for pgf: pgfsys-pdftex.def

(C:\Users\41783\AppData\Local\Programs\MiKTeX\tex/generic/pgf/systemlayer\pgfsy
s-pdftex.def
File: pgfsys-pdftex.def 2021/05/15 v3.1.9a (3.1.9a)

(C:\Users\41783\AppData\Local\Programs\MiKTeX\tex/generic/pgf/systemlayer\pgfsy
s-common-pdf.def
File: pgfsys-common-pdf.def 2021/05/15 v3.1.9a (3.1.9a)
)))
(C:\Users\41783\AppData\Local\Programs\MiKTeX\tex/generic/pgf/systemlayer\pgfsy
ssoftpath.code.tex
File: pgfsyssoftpath.code.tex 2021/05/15 v3.1.9a (3.1.9a)
\pgfsyssoftpath@smallbuffer@items=\count312
\pgfsyssoftpath@bigbuffer@items=\count313
)
(C:\Users\41783\AppData\Local\Programs\MiKTeX\tex/generic/pgf/systemlayer\pgfsy
sprotocol.code.tex
File: pgfsysprotocol.code.tex 2021/05/15 v3.1.9a (3.1.9a)
))
(C:\Users\41783\AppData\Local\Programs\MiKTeX\tex/generic/pgf/basiclayer\pgfcor
e.code.tex
Package: pgfcore 2021/05/15 v3.1.9a (3.1.9a)

(C:\Users\41783\AppData\Local\Programs\MiKTeX\tex/generic/pgf/math\pgfmath.code
.tex
(C:\Users\41783\AppData\Local\Programs\MiKTeX\tex/generic/pgf/math\pgfmathcalc.
code.tex
(C:\Users\41783\AppData\Local\Programs\MiKTeX\tex/generic/pgf/math\pgfmathutil.
code.tex)
(C:\Users\41783\AppData\Local\Programs\MiKTeX\tex/generic/pgf/math\pgfmathparse
r.code.tex
\pgfmath@dimen=\dimen273
\pgfmath@count=\count314
\pgfmath@box=\box105
\pgfmath@toks=\toks48
\pgfmath@stack@operand=\toks49
\pgfmath@stack@operation=\toks50
)
(C:\Users\41783\AppData\Local\Programs\MiKTeX\tex/generic/pgf/math\pgfmathfunct
ions.code.tex
(C:\Users\41783\AppData\Local\Programs\MiKTeX\tex/generic/pgf/math\pgfmathfunct
ions.basic.code.tex)
(C:\Users\41783\AppData\Local\Programs\MiKTeX\tex/generic/pgf/math\pgfmathfunct
ions.trigonometric.code.tex)
(C:\Users\41783\AppData\Local\Programs\MiKTeX\tex/generic/pgf/math\pgfmathfunct
ions.random.code.tex)
(C:\Users\41783\AppData\Local\Programs\MiKTeX\tex/generic/pgf/math\pgfmathfunct
ions.comparison.code.tex)
(C:\Users\41783\AppData\Local\Programs\MiKTeX\tex/generic/pgf/math\pgfmathfunct
ions.base.code.tex)
(C:\Users\41783\AppData\Local\Programs\MiKTeX\tex/generic/pgf/math\pgfmathfunct
ions.round.code.tex)
(C:\Users\41783\AppData\Local\Programs\MiKTeX\tex/generic/pgf/math\pgfmathfunct
ions.misc.code.tex)
(C:\Users\41783\AppData\Local\Programs\MiKTeX\tex/generic/pgf/math\pgfmathfunct
ions.integerarithmetics.code.tex)))
(C:\Users\41783\AppData\Local\Programs\MiKTeX\tex/generic/pgf/math\pgfmathfloat
.code.tex
\c@pgfmathroundto@lastzeros=\count315
))
(C:\Users\41783\AppData\Local\Programs\MiKTeX\tex/generic/pgf/math\pgfint.code.
tex)
(C:\Users\41783\AppData\Local\Programs\MiKTeX\tex/generic/pgf/basiclayer\pgfcor
epoints.code.tex
File: pgfcorepoints.code.tex 2021/05/15 v3.1.9a (3.1.9a)
\pgf@picminx=\dimen274
\pgf@picmaxx=\dimen275
\pgf@picminy=\dimen276
\pgf@picmaxy=\dimen277
\pgf@pathminx=\dimen278
\pgf@pathmaxx=\dimen279
\pgf@pathminy=\dimen280
\pgf@pathmaxy=\dimen281
\pgf@xx=\dimen282
\pgf@xy=\dimen283
\pgf@yx=\dimen284
\pgf@yy=\dimen285
\pgf@zx=\dimen286
\pgf@zy=\dimen287
)
(C:\Users\41783\AppData\Local\Programs\MiKTeX\tex/generic/pgf/basiclayer\pgfcor
epathconstruct.code.tex
File: pgfcorepathconstruct.code.tex 2021/05/15 v3.1.9a (3.1.9a)
\pgf@path@lastx=\dimen288
\pgf@path@lasty=\dimen289
)
(C:\Users\41783\AppData\Local\Programs\MiKTeX\tex/generic/pgf/basiclayer\pgfcor
epathusage.code.tex
File: pgfcorepathusage.code.tex 2021/05/15 v3.1.9a (3.1.9a)
\pgf@shorten@end@additional=\dimen290
\pgf@shorten@start@additional=\dimen291
)
(C:\Users\41783\AppData\Local\Programs\MiKTeX\tex/generic/pgf/basiclayer\pgfcor
escopes.code.tex
File: pgfcorescopes.code.tex 2021/05/15 v3.1.9a (3.1.9a)
\pgfpic=\box106
\pgf@hbox=\box107
\pgf@layerbox@main=\box108
\pgf@picture@serial@count=\count316
)
(C:\Users\41783\AppData\Local\Programs\MiKTeX\tex/generic/pgf/basiclayer\pgfcor
egraphicstate.code.tex
File: pgfcoregraphicstate.code.tex 2021/05/15 v3.1.9a (3.1.9a)
\pgflinewidth=\dimen292
)
(C:\Users\41783\AppData\Local\Programs\MiKTeX\tex/generic/pgf/basiclayer\pgfcor
etransformations.code.tex
File: pgfcoretransformations.code.tex 2021/05/15 v3.1.9a (3.1.9a)
\pgf@pt@x=\dimen293
\pgf@pt@y=\dimen294
\pgf@pt@temp=\dimen295
)
(C:\Users\41783\AppData\Local\Programs\MiKTeX\tex/generic/pgf/basiclayer\pgfcor
equick.code.tex
File: pgfcorequick.code.tex 2021/05/15 v3.1.9a (3.1.9a)
)
(C:\Users\41783\AppData\Local\Programs\MiKTeX\tex/generic/pgf/basiclayer\pgfcor
eobjects.code.tex
File: pgfcoreobjects.code.tex 2021/05/15 v3.1.9a (3.1.9a)
)
(C:\Users\41783\AppData\Local\Programs\MiKTeX\tex/generic/pgf/basiclayer\pgfcor
epathprocessing.code.tex
File: pgfcorepathprocessing.code.tex 2021/05/15 v3.1.9a (3.1.9a)
)
(C:\Users\41783\AppData\Local\Programs\MiKTeX\tex/generic/pgf/basiclayer\pgfcor
earrows.code.tex
File: pgfcorearrows.code.tex 2021/05/15 v3.1.9a (3.1.9a)
\pgfarrowsep=\dimen296
)
(C:\Users\41783\AppData\Local\Programs\MiKTeX\tex/generic/pgf/basiclayer\pgfcor
eshade.code.tex
File: pgfcoreshade.code.tex 2021/05/15 v3.1.9a (3.1.9a)
\pgf@max=\dimen297
\pgf@sys@shading@range@num=\count317
\pgf@shadingcount=\count318
)
(C:\Users\41783\AppData\Local\Programs\MiKTeX\tex/generic/pgf/basiclayer\pgfcor
eimage.code.tex
File: pgfcoreimage.code.tex 2021/05/15 v3.1.9a (3.1.9a)

(C:\Users\41783\AppData\Local\Programs\MiKTeX\tex/generic/pgf/basiclayer\pgfcor
eexternal.code.tex
File: pgfcoreexternal.code.tex 2021/05/15 v3.1.9a (3.1.9a)
\pgfexternal@startupbox=\box109
))
(C:\Users\41783\AppData\Local\Programs\MiKTeX\tex/generic/pgf/basiclayer\pgfcor
elayers.code.tex
File: pgfcorelayers.code.tex 2021/05/15 v3.1.9a (3.1.9a)
)
(C:\Users\41783\AppData\Local\Programs\MiKTeX\tex/generic/pgf/basiclayer\pgfcor
etransparency.code.tex
File: pgfcoretransparency.code.tex 2021/05/15 v3.1.9a (3.1.9a)
)
(C:\Users\41783\AppData\Local\Programs\MiKTeX\tex/generic/pgf/basiclayer\pgfcor
epatterns.code.tex
File: pgfcorepatterns.code.tex 2021/05/15 v3.1.9a (3.1.9a)
)
(C:\Users\41783\AppData\Local\Programs\MiKTeX\tex/generic/pgf/basiclayer\pgfcor
erdf.code.tex
File: pgfcorerdf.code.tex 2021/05/15 v3.1.9a (3.1.9a)
)))
(C:\Users\41783\AppData\Local\Programs\MiKTeX\tex/generic/pgf/modules\pgfmodule
shapes.code.tex
File: pgfmoduleshapes.code.tex 2021/05/15 v3.1.9a (3.1.9a)
\pgfnodeparttextbox=\box110
)
(C:\Users\41783\AppData\Local\Programs\MiKTeX\tex/generic/pgf/modules\pgfmodule
plot.code.tex
File: pgfmoduleplot.code.tex 2021/05/15 v3.1.9a (3.1.9a)
)
(C:\Users\41783\AppData\Local\Programs\MiKTeX\tex/latex/pgf/compatibility\pgfco
mp-version-0-65.sty
Package: pgfcomp-version-0-65 2021/05/15 v3.1.9a (3.1.9a)
\pgf@nodesepstart=\dimen298
\pgf@nodesepend=\dimen299
)
(C:\Users\41783\AppData\Local\Programs\MiKTeX\tex/latex/pgf/compatibility\pgfco
mp-version-1-18.sty
Package: pgfcomp-version-1-18 2021/05/15 v3.1.9a (3.1.9a)
))
(C:\Users\41783\AppData\Local\Programs\MiKTeX\tex/latex/pgf/utilities\pgffor.st
y
(C:\Users\41783\AppData\Local\Programs\MiKTeX\tex/latex/pgf/utilities\pgfkeys.s
ty
(C:\Users\41783\AppData\Local\Programs\MiKTeX\tex/generic/pgf/utilities\pgfkeys
.code.tex))
(C:\Users\41783\AppData\Local\Programs\MiKTeX\tex/latex/pgf/math\pgfmath.sty
(C:\Users\41783\AppData\Local\Programs\MiKTeX\tex/generic/pgf/math\pgfmath.code
.tex))
(C:\Users\41783\AppData\Local\Programs\MiKTeX\tex/generic/pgf/utilities\pgffor.
code.tex
Package: pgffor 2021/05/15 v3.1.9a (3.1.9a)

(C:\Users\41783\AppData\Local\Programs\MiKTeX\tex/generic/pgf/math\pgfmath.code
.tex)
\pgffor@iter=\dimen300
\pgffor@skip=\dimen301
\pgffor@stack=\toks51
\pgffor@toks=\toks52
))
(C:\Users\41783\AppData\Local\Programs\MiKTeX\tex/generic/pgf/frontendlayer/tik
z\tikz.code.tex
Package: tikz 2021/05/15 v3.1.9a (3.1.9a)

(C:\Users\41783\AppData\Local\Programs\MiKTeX\tex/generic/pgf/libraries\pgflibr
aryplothandlers.code.tex
File: pgflibraryplothandlers.code.tex 2021/05/15 v3.1.9a (3.1.9a)
\pgf@plot@mark@count=\count319
\pgfplotmarksize=\dimen302
)
\tikz@lastx=\dimen303
\tikz@lasty=\dimen304
\tikz@lastxsaved=\dimen305
\tikz@lastysaved=\dimen306
\tikz@lastmovetox=\dimen307
\tikz@lastmovetoy=\dimen308
\tikzleveldistance=\dimen309
\tikzsiblingdistance=\dimen310
\tikz@figbox=\box111
\tikz@figbox@bg=\box112
\tikz@tempbox=\box113
\tikz@tempbox@bg=\box114
\tikztreelevel=\count320
\tikznumberofchildren=\count321
\tikznumberofcurrentchild=\count322
\tikz@fig@count=\count323

(C:\Users\41783\AppData\Local\Programs\MiKTeX\tex/generic/pgf/modules\pgfmodule
matrix.code.tex
File: pgfmodulematrix.code.tex 2021/05/15 v3.1.9a (3.1.9a)
\pgfmatrixcurrentrow=\count324
\pgfmatrixcurrentcolumn=\count325
\pgf@matrix@numberofcolumns=\count326
)
\tikz@expandcount=\count327

(C:\Users\41783\AppData\Local\Programs\MiKTeX\tex/generic/pgf/frontendlayer/tik
z/libraries\tikzlibrarytopaths.code.tex
File: tikzlibrarytopaths.code.tex 2021/05/15 v3.1.9a (3.1.9a)
)))
(C:\Users\41783\AppData\Local\Programs\MiKTeX\tex/latex/l3backend\l3backend-pdf
tex.def
File: l3backend-pdftex.def 2022-09-28 L3 backend support: PDF output (pdfTeX)
\l__color_backend_stack_int=\count328
\l__pdf_internal_box=\box115
)

LaTeX Warning: Unused global option(s):
    [7pt,margin].


(C:\Users\41783\Documents\TexMaker\BsC, FS23 - Cheatsheet Anal\build\BsC, FS23 
- CheatSheet Anal.aux)
\openout1 = `"BsC, FS23 - CheatSheet Anal.aux"'.

LaTeX Font Info:    Checking defaults for OML/cmm/m/it on input line 88.
LaTeX Font Info:    ... okay on input line 88.
LaTeX Font Info:    Checking defaults for OMS/cmsy/m/n on input line 88.
LaTeX Font Info:    ... okay on input line 88.
LaTeX Font Info:    Checking defaults for OT1/cmr/m/n on input line 88.
LaTeX Font Info:    ... okay on input line 88.
LaTeX Font Info:    Checking defaults for T1/cmr/m/n on input line 88.
LaTeX Font Info:    ... okay on input line 88.
LaTeX Font Info:    Checking defaults for TS1/cmr/m/n on input line 88.
LaTeX Font Info:    ... okay on input line 88.
LaTeX Font Info:    Checking defaults for OMX/cmex/m/n on input line 88.
LaTeX Font Info:    ... okay on input line 88.
LaTeX Font Info:    Checking defaults for U/cmr/m/n on input line 88.
LaTeX Font Info:    ... okay on input line 88.
LaTeX Font Info:    Checking defaults for PD1/pdf/m/n on input line 88.
LaTeX Font Info:    ... okay on input line 88.
LaTeX Font Info:    Checking defaults for PU/pdf/m/n on input line 88.
LaTeX Font Info:    ... okay on input line 88.

(C:\Users\41783\AppData\Local\Programs\MiKTeX\tex/context/base/mkii\supp-pdf.mk
ii
[Loading MPS to PDF converter (version 2006.09.02).]
\scratchcounter=\count329
\scratchdimen=\dimen311
\scratchbox=\box116
\nofMPsegments=\count330
\nofMParguments=\count331
\everyMPshowfont=\toks53
\MPscratchCnt=\count332
\MPscratchDim=\dimen312
\MPnumerator=\count333
\makeMPintoPDFobject=\count334
\everyMPtoPDFconversion=\toks54
)
(C:\Users\41783\AppData\Local\Programs\MiKTeX\tex/latex/epstopdf-pkg\epstopdf-b
ase.sty
Package: epstopdf-base 2020-01-24 v2.11 Base part for package epstopdf
Package epstopdf-base Info: Redefining graphics rule for `.eps' on input line 4
85.

(C:\Users\41783\AppData\Local\Programs\MiKTeX\tex/latex/00miktex\epstopdf-sys.c
fg
File: epstopdf-sys.cfg 2021/03/18 v2.0 Configuration of epstopdf for MiKTeX
))
*geometry* driver: auto-detecting
*geometry* detected driver: pdftex
*geometry* verbose mode - [ preamble ] result:
* driver: pdftex
* paper: <default>
* layout: <same size as paper>
* layoutoffset:(h,v)=(0.0pt,0.0pt)
* modes: landscape 
* h-part:(L,W,R)=(7.22743pt, 780.51512pt, 7.22743pt)
* v-part:(T,H,B)=(7.22743pt, 599.84013pt, 7.22743pt)
* \paperwidth=794.96999pt
* \paperheight=614.295pt
* \textwidth=780.51512pt
* \textheight=599.84013pt
* \oddsidemargin=-65.04256pt
* \evensidemargin=-65.04256pt
* \topmargin=-102.04256pt
* \headheight=12.0pt
* \headsep=25.0pt
* \topskip=10.0pt
* \footskip=30.0pt
* \marginparwidth=0.0pt
* \marginparsep=0.0pt
* \columnsep=10.0pt
* \skip\footins=9.0pt plus 4.0pt minus 2.0pt
* \hoffset=0.0pt
* \voffset=0.0pt
* \mag=1000
* \@twocolumnfalse
* \@twosidefalse
* \@mparswitchfalse
* \@reversemarginfalse
* (1in=72.27pt=25.4mm, 1cm=28.453pt)

Package hyperref Info: Link coloring ON on input line 88.

(C:\Users\41783\Documents\TexMaker\BsC, FS23 - Cheatsheet Anal\build\BsC, FS23 
- CheatSheet Anal.out)
(C:\Users\41783\Documents\TexMaker\BsC, FS23 - Cheatsheet Anal\build\BsC, FS23 
- CheatSheet Anal.out)
\@outlinefile=\write4
\openout4 = `"BsC, FS23 - CheatSheet Anal.out"'.



! LaTeX Error: Can be used only in preamble.

See the LaTeX manual or LaTeX Companion for explanation.
Type  H <return>  for immediate help.
 ...                                              
                                                  
l.89 \syntaxonly
                
Your command was ignored.
Type  I <command> <return>  to replace it with another command,
or  <return>  to continue without it.


Package hyperref Warning: Token not allowed in a PDF string (Unicode):
(hyperref)                removing `\<let>-command' on input line 108.


Package hyperref Warning: Token not allowed in a PDF string (Unicode):
(hyperref)                removing `\\' on input line 108.


Package hyperref Warning: Token not allowed in a PDF string (Unicode):
(hyperref)                removing `\@centercr' on input line 108.


Package hyperref Warning: Token not allowed in a PDF string (Unicode):
(hyperref)                removing `\rightskip' on input line 108.


Package hyperref Warning: Token not allowed in a PDF string (Unicode):
(hyperref)                removing `\@flushglue' on input line 108.


Package hyperref Warning: Token not allowed in a PDF string (Unicode):
(hyperref)                removing `\leftskip' on input line 108.


Package hyperref Warning: Token not allowed in a PDF string (Unicode):
(hyperref)                removing `\@flushglue' on input line 108.


Package hyperref Warning: Token not allowed in a PDF string (Unicode):
(hyperref)                removing `\finalhyphendemerits' on input line 108.


Package hyperref Warning: Token not allowed in a PDF string (Unicode):
(hyperref)                removing `\z@' on input line 108.


Package hyperref Warning: Token not allowed in a PDF string (Unicode):
(hyperref)                removing `\parindent' on input line 108.


Package hyperref Warning: Token not allowed in a PDF string (Unicode):
(hyperref)                removing `\z@' on input line 108.


Package hyperref Warning: Token not allowed in a PDF string (Unicode):
(hyperref)                removing `\parfillskip' on input line 108.


Package hyperref Warning: Token not allowed in a PDF string (Unicode):
(hyperref)                removing `\z@skip' on input line 108.


! Package xcolor Error: Undefined color `chaptercolor'.

See the xcolor package documentation for explanation.
Type  H <return>  for immediate help.
 ...                                              
                                                  
l.109 \mysubsection{Reelle Zahlen}
                                  
Try typing  <return>  to proceed.
If that doesn't work, type  X <return>  to quit.


! Package xcolor Error: Undefined color `chaptercolor'.

See the xcolor package documentation for explanation.
Type  H <return>  for immediate help.
 ...                                              
                                                  
l.114 \item $\leq$ (Ordnungsrelation)}
                                      
Try typing  <return>  to proceed.
If that doesn't work, type  X <return>  to quit.

LaTeX Font Info:    Trying to load font information for U+msa on input line 114
.
(C:\Users\41783\AppData\Local\Programs\MiKTeX\tex/latex/amsfonts\umsa.fd
File: umsa.fd 2013/01/14 v3.01 AMS symbols A
)
LaTeX Font Info:    Trying to load font information for U+msb on input line 114
.

(C:\Users\41783\AppData\Local\Programs\MiKTeX\tex/latex/amsfonts\umsb.fd
File: umsb.fd 2013/01/14 v3.01 AMS symbols B
)

! Package xcolor Error: Undefined color `chaptercolor'.

See the xcolor package documentation for explanation.
Type  H <return>  for immediate help.
 ...                                              
                                                  
l.116 ...r K철rper, der ordnungsvollst채ndig ist.}
                                                  
Try typing  <return>  to proceed.
If that doesn't work, type  X <return>  to quit.


! Package xcolor Error: Undefined color `chaptercolor'.

See the xcolor package documentation for explanation.
Type  H <return>  for immediate help.
 ...                                              
                                                  
l.148 ... 0 , \forall y \geq 0: x \cdot y \geq 0$}
                                                  
Try typing  <return>  to proceed.
If that doesn't work, type  X <return>  to quit.


! Package xcolor Error: Undefined color `chaptercolor'.

See the xcolor package documentation for explanation.
Type  H <return>  for immediate help.
 ...                                              
                                                  
l.148 ... 0 , \forall y \geq 0: x \cdot y \geq 0$}
                                                  
Try typing  <return>  to proceed.
If that doesn't work, type  X <return>  to quit.


! Package xcolor Error: Undefined color `chaptercolor'.

See the xcolor package documentation for explanation.
Type  H <return>  for immediate help.
 ...                                              
                                                  
l.148 ... 0 , \forall y \geq 0: x \cdot y \geq 0$}
                                                  
Try typing  <return>  to proceed.
If that doesn't work, type  X <return>  to quit.


! Package xcolor Error: Undefined color `chaptercolor'.

See the xcolor package documentation for explanation.
Type  H <return>  for immediate help.
 ...                                              
                                                  
l.148 ... 0 , \forall y \geq 0: x \cdot y \geq 0$}
                                                  
Try typing  <return>  to proceed.
If that doesn't work, type  X <return>  to quit.


! Package xcolor Error: Undefined color `chaptercolor'.

See the xcolor package documentation for explanation.
Type  H <return>  for immediate help.
 ...                                              
                                                  
l.148 ... 0 , \forall y \geq 0: x \cdot y \geq 0$}
                                                  
Try typing  <return>  to proceed.
If that doesn't work, type  X <return>  to quit.


! Package xcolor Error: Undefined color `chaptercolor'.

See the xcolor package documentation for explanation.
Type  H <return>  for immediate help.
 ...                                              
                                                  
l.148 ... 0 , \forall y \geq 0: x \cdot y \geq 0$}
                                                  
Try typing  <return>  to proceed.
If that doesn't work, type  X <return>  to quit.


! Package xcolor Error: Undefined color `chaptercolor'.

See the xcolor package documentation for explanation.
Type  H <return>  for immediate help.
 ...                                              
                                                  
l.150 \item \COL{Ordnungsvollst채ndigkeit $(V)$}
                                                
Try typing  <return>  to proceed.
If that doesn't work, type  X <return>  to quit.


! Package xcolor Error: Undefined color `chaptercolor'.

See the xcolor package documentation for explanation.
Type  H <return>  for immediate help.
 ...                                              
                                                  
l.158 ...thbb{Q}$ von $\mathbb{R}$ unterscheidet.}
                                                  
Try typing  <return>  to proceed.
If that doesn't work, type  X <return>  to quit.


! Package xcolor Error: Undefined color `chaptercolor'.

See the xcolor package documentation for explanation.
Type  H <return>  for immediate help.
 ...                                              
                                                  
l.169 }
       
Try typing  <return>  to proceed.
If that doesn't work, type  X <return>  to quit.


! LaTeX Error: There's no line here to end.

See the LaTeX manual or LaTeX Companion for explanation.
Type  H <return>  for immediate help.
 ...                                              
                                                  
l.169 }
       
Your command was ignored.
Type  I <command> <return>  to replace it with another command,
or  <return>  to continue without it.


! Package xcolor Error: Undefined color `chaptercolor'.

See the xcolor package documentation for explanation.
Type  H <return>  for immediate help.
 ...                                              
                                                  
l.170 ...R} , \exists n \in \mathbb{N}: n \geq r$}
                                                  
Try typing  <return>  to proceed.
If that doesn't work, type  X <return>  to quit.


! Package xcolor Error: Undefined color `chaptercolor'.

See the xcolor package documentation for explanation.
Type  H <return>  for immediate help.
 ...                                              
                                                  
l.171 \mysubsection{Schranken}
                              
Try typing  <return>  to proceed.
If that doesn't work, type  X <return>  to quit.


! Package xcolor Error: Undefined color `chaptercolor'.

See the xcolor package documentation for explanation.
Type  H <return>  for immediate help.
 ...                                              
                                                  
l.176 \end{itemize}}
                    
Try typing  <return>  to proceed.
If that doesn't work, type  X <return>  to quit.


! LaTeX Error: There's no line here to end.

See the LaTeX manual or LaTeX Companion for explanation.
Type  H <return>  for immediate help.
 ...                                              
                                                  
l.176 \end{itemize}}
                    
Your command was ignored.
Type  I <command> <return>  to replace it with another command,
or  <return>  to continue without it.


! Package xcolor Error: Undefined color `chaptercolor'.

See the xcolor package documentation for explanation.
Type  H <return>  for immediate help.
 ...                                              
                                                  
l.181 \end{itemize}}
                    
Try typing  <return>  to proceed.
If that doesn't work, type  X <return>  to quit.


! LaTeX Error: There's no line here to end.

See the LaTeX manual or LaTeX Companion for explanation.
Type  H <return>  for immediate help.
 ...                                              
                                                  
l.181 \end{itemize}}
                    
Your command was ignored.
Type  I <command> <return>  to replace it with another command,
or  <return>  to continue without it.


! Package xcolor Error: Undefined color `chaptercolor'.

See the xcolor package documentation for explanation.
Type  H <return>  for immediate help.
 ...                                              
                                                  
l.189 \end{itemize}}
                    
Try typing  <return>  to proceed.
If that doesn't work, type  X <return>  to quit.


! LaTeX Error: There's no line here to end.

See the LaTeX manual or LaTeX Companion for explanation.
Type  H <return>  for immediate help.
 ...                                              
                                                  
l.189 \end{itemize}}
                    
Your command was ignored.
Type  I <command> <return>  to replace it with another command,
or  <return>  to continue without it.


! Package xcolor Error: Undefined color `chaptercolor'.

See the xcolor package documentation for explanation.
Type  H <return>  for immediate help.
 ...                                              
                                                  
l.194 \end{itemize}}
                    
Try typing  <return>  to proceed.
If that doesn't work, type  X <return>  to quit.


! LaTeX Error: There's no line here to end.

See the LaTeX manual or LaTeX Companion for explanation.
Type  H <return>  for immediate help.
 ...                                              
                                                  
l.194 \end{itemize}}
                    
Your command was ignored.
Type  I <command> <return>  to replace it with another command,
or  <return>  to continue without it.


! Package xcolor Error: Undefined color `chaptercolor'.

See the xcolor package documentation for explanation.
Type  H <return>  for immediate help.
 ...                                              
                                                  
l.198 \end{itemize}}
                    
Try typing  <return>  to proceed.
If that doesn't work, type  X <return>  to quit.


! LaTeX Error: There's no line here to end.

See the LaTeX manual or LaTeX Companion for explanation.
Type  H <return>  for immediate help.
 ...                                              
                                                  
l.198 \end{itemize}}
                    
Your command was ignored.
Type  I <command> <return>  to replace it with another command,
or  <return>  to continue without it.


! Package xcolor Error: Undefined color `chaptercolor'.

See the xcolor package documentation for explanation.
Type  H <return>  for immediate help.
 ...                                              
                                                  
l.207  }
        
Try typing  <return>  to proceed.
If that doesn't work, type  X <return>  to quit.


! LaTeX Error: There's no line here to end.

See the LaTeX manual or LaTeX Companion for explanation.
Type  H <return>  for immediate help.
 ...                                              
                                                  
l.207  }
        
Your command was ignored.
Type  I <command> <return>  to replace it with another command,
or  <return>  to continue without it.


! Package xcolor Error: Undefined color `chaptercolor'.

See the xcolor package documentation for explanation.
Type  H <return>  for immediate help.
 ...                                              
                                                  
l.208  \mysubsection{Absolutbetrag}
                                   
Try typing  <return>  to proceed.
If that doesn't work, type  X <return>  to quit.


! Package xcolor Error: Undefined color `chaptercolor'.

See the xcolor package documentation for explanation.
Type  H <return>  for immediate help.
 ...                                              
                                                  
l.214 }
       
Try typing  <return>  to proceed.
If that doesn't work, type  X <return>  to quit.


! Package xcolor Error: Undefined color `chaptercolor'.

See the xcolor package documentation for explanation.
Type  H <return>  for immediate help.
 ...                                              
                                                  
l.219 \end{itemize} }
                     
Try typing  <return>  to proceed.
If that doesn't work, type  X <return>  to quit.


! LaTeX Error: There's no line here to end.

See the LaTeX manual or LaTeX Companion for explanation.
Type  H <return>  for immediate help.
 ...                                              
                                                  
l.219 \end{itemize} }
                     
Your command was ignored.
Type  I <command> <return>  to replace it with another command,
or  <return>  to continue without it.


! Package xcolor Error: Undefined color `chaptercolor'.

See the xcolor package documentation for explanation.
Type  H <return>  for immediate help.
 ...                                              
                                                  
l.226 \end{itemize}}
                    
Try typing  <return>  to proceed.
If that doesn't work, type  X <return>  to quit.


! LaTeX Error: There's no line here to end.

See the LaTeX manual or LaTeX Companion for explanation.
Type  H <return>  for immediate help.
 ...                                              
                                                  
l.226 \end{itemize}}
                    
Your command was ignored.
Type  I <command> <return>  to replace it with another command,
or  <return>  to continue without it.


! Package xcolor Error: Undefined color `chaptercolor'.

See the xcolor package documentation for explanation.
Type  H <return>  for immediate help.
 ...                                              
                                                  
l.231 \end{itemize}}
                    
Try typing  <return>  to proceed.
If that doesn't work, type  X <return>  to quit.


! LaTeX Error: There's no line here to end.

See the LaTeX manual or LaTeX Companion for explanation.
Type  H <return>  for immediate help.
 ...                                              
                                                  
l.231 \end{itemize}}
                    
Your command was ignored.
Type  I <command> <return>  to replace it with another command,
or  <return>  to continue without it.


! Package xcolor Error: Undefined color `chaptercolor'.

See the xcolor package documentation for explanation.
Type  H <return>  for immediate help.
 ...                                              
                                                  
l.232 \mysubsection{Komplexe Zahlen}
                                    
Try typing  <return>  to proceed.
If that doesn't work, type  X <return>  to quit.


! Package xcolor Error: Undefined color `chaptercolor'.

See the xcolor package documentation for explanation.
Type  H <return>  for immediate help.
 ...                                              
                                                  
l.240 ...m $1_{\mathbb{C}} = (1,0)$ \end{itemize}}
                                                  
Try typing  <return>  to proceed.
If that doesn't work, type  X <return>  to quit.


! LaTeX Error: There's no line here to end.

See the LaTeX manual or LaTeX Companion for explanation.
Type  H <return>  for immediate help.
 ...                                              
                                                  
l.240 ...m $1_{\mathbb{C}} = (1,0)$ \end{itemize}}
                                                  
Your command was ignored.
Type  I <command> <return>  to replace it with another command,
or  <return>  to continue without it.


! Package xcolor Error: Undefined color `chaptercolor'.

See the xcolor package documentation for explanation.
Type  H <return>  for immediate help.
 ...                                              
                                                  
l.244 \end{itemize}}
                    
Try typing  <return>  to proceed.
If that doesn't work, type  X <return>  to quit.


! LaTeX Error: There's no line here to end.

See the LaTeX manual or LaTeX Companion for explanation.
Type  H <return>  for immediate help.
 ...                                              
                                                  
l.244 \end{itemize}}
                    
Your command was ignored.
Type  I <command> <return>  to replace it with another command,
or  <return>  to continue without it.


! Package xcolor Error: Undefined color `chaptercolor'.

See the xcolor package documentation for explanation.
Type  H <return>  for immediate help.
 ...                                              
                                                  
l.253 \end{itemize}}
                    
Try typing  <return>  to proceed.
If that doesn't work, type  X <return>  to quit.


! LaTeX Error: There's no line here to end.

See the LaTeX manual or LaTeX Companion for explanation.
Type  H <return>  for immediate help.
 ...                                              
                                                  
l.253 \end{itemize}}
                    
Your command was ignored.
Type  I <command> <return>  to replace it with another command,
or  <return>  to continue without it.


! Package xcolor Error: Undefined color `chaptercolor'.

See the xcolor package documentation for explanation.
Type  H <return>  for immediate help.
 ...                                              
                                                  
l.254 ...$\mathbb{C}$ ist kein geordneter K철rper}
                                                  
Try typing  <return>  to proceed.
If that doesn't work, type  X <return>  to quit.


! Package xcolor Error: Undefined color `chaptercolor'.

See the xcolor package documentation for explanation.
Type  H <return>  for immediate help.
 ...                                              
                                                  
l.260 $}
        
Try typing  <return>  to proceed.
If that doesn't work, type  X <return>  to quit.


Package hyperref Warning: Token not allowed in a PDF string (Unicode):
(hyperref)                removing `\<let>-command' on input line 261.


Package hyperref Warning: Token not allowed in a PDF string (Unicode):
(hyperref)                removing `\\' on input line 261.


Package hyperref Warning: Token not allowed in a PDF string (Unicode):
(hyperref)                removing `\@centercr' on input line 261.


Package hyperref Warning: Token not allowed in a PDF string (Unicode):
(hyperref)                removing `\rightskip' on input line 261.


Package hyperref Warning: Token not allowed in a PDF string (Unicode):
(hyperref)                removing `\@flushglue' on input line 261.


Package hyperref Warning: Token not allowed in a PDF string (Unicode):
(hyperref)                removing `\leftskip' on input line 261.


Package hyperref Warning: Token not allowed in a PDF string (Unicode):
(hyperref)                removing `\@flushglue' on input line 261.


Package hyperref Warning: Token not allowed in a PDF string (Unicode):
(hyperref)                removing `\finalhyphendemerits' on input line 261.


Package hyperref Warning: Token not allowed in a PDF string (Unicode):
(hyperref)                removing `\z@' on input line 261.


Package hyperref Warning: Token not allowed in a PDF string (Unicode):
(hyperref)                removing `\parindent' on input line 261.


Package hyperref Warning: Token not allowed in a PDF string (Unicode):
(hyperref)                removing `\z@' on input line 261.


Package hyperref Warning: Token not allowed in a PDF string (Unicode):
(hyperref)                removing `\parfillskip' on input line 261.


Package hyperref Warning: Token not allowed in a PDF string (Unicode):
(hyperref)                removing `\z@skip' on input line 261.


! Package xcolor Error: Undefined color `chaptercolor'.

See the xcolor package documentation for explanation.
Type  H <return>  for immediate help.
 ...                                              
                                                  
l.262 \mysubsection{Reelle Folgen}
                                  
Try typing  <return>  to proceed.
If that doesn't work, type  X <return>  to quit.


! Package xcolor Error: Undefined color `chaptercolor'.

See the xcolor package documentation for explanation.
Type  H <return>  for immediate help.
 ...                                              
                                                  
l.263 ...nen $a(n)_{n \in \mathbb{N}}$ als Folge.}
                                                  
Try typing  <return>  to proceed.
If that doesn't work, type  X <return>  to quit.


! Package xcolor Error: Undefined color `chaptercolor'.

See the xcolor package documentation for explanation.
Type  H <return>  for immediate help.
 ...                                              
                                                  
l.266 ...n \rightarrow + \infty}{\rightarrow} l $}
                                                  
Try typing  <return>  to proceed.
If that doesn't work, type  X <return>  to quit.


! Package xcolor Error: Undefined color `chaptercolor'.

See the xcolor package documentation for explanation.
Type  H <return>  for immediate help.
 ...                                              
                                                  
l.268 Die umgekehrte Implikation gilt nicht }
                                             
Try typing  <return>  to proceed.
If that doesn't work, type  X <return>  to quit.


! Package xcolor Error: Undefined color `chaptercolor'.

See the xcolor package documentation for explanation.
Type  H <return>  for immediate help.
 ...                                              
                                                  
l.277 ...b_n \Rightarrow a \leq b$  \end{itemize}}
                                                  
Try typing  <return>  to proceed.
If that doesn't work, type  X <return>  to quit.


! LaTeX Error: There's no line here to end.

See the LaTeX manual or LaTeX Companion for explanation.
Type  H <return>  for immediate help.
 ...                                              
                                                  
l.277 ...b_n \Rightarrow a \leq b$  \end{itemize}}
                                                  
Your command was ignored.
Type  I <command> <return>  to replace it with another command,
or  <return>  to continue without it.


! Package xcolor Error: Undefined color `chaptercolor'.

See the xcolor package documentation for explanation.
Type  H <return>  for immediate help.
 ...                                              
                                                  
l.279 ...1$ gilt $a_n \geq a_{n+1}$ \end{itemize}}
                                                  
Try typing  <return>  to proceed.
If that doesn't work, type  X <return>  to quit.


! LaTeX Error: There's no line here to end.

See the LaTeX manual or LaTeX Companion for explanation.
Type  H <return>  for immediate help.
 ...                                              
                                                  
l.279 ...1$ gilt $a_n \geq a_{n+1}$ \end{itemize}}
                                                  
Your command was ignored.
Type  I <command> <return>  to replace it with another command,
or  <return>  to continue without it.


! Package xcolor Error: Undefined color `chaptercolor'.

See the xcolor package documentation for explanation.
Type  H <return>  for immediate help.
 ...                                              
                                                  
l.286 \end{itemize}}
                    
Try typing  <return>  to proceed.
If that doesn't work, type  X <return>  to quit.


! LaTeX Error: There's no line here to end.

See the LaTeX manual or LaTeX Companion for explanation.
Type  H <return>  for immediate help.
 ...                                              
                                                  
l.286 \end{itemize}}
                    
Your command was ignored.
Type  I <command> <return>  to replace it with another command,
or  <return>  to continue without it.


! Package xcolor Error: Undefined color `chaptercolor'.

See the xcolor package documentation for explanation.
Type  H <return>  for immediate help.
 ...                                              
                                                  
l.287 ...to \infty}\left(1+\frac{1}{n} \right)^n$}
                                                  
Try typing  <return>  to proceed.
If that doesn't work, type  X <return>  to quit.


! Package xcolor Error: Undefined color `chaptercolor'.

See the xcolor package documentation for explanation.
Type  H <return>  for immediate help.
 ...                                              
                                                  
l.288 ... x \quad \forall n \in \mathbf{N}, x>-1$}
                                                  
Try typing  <return>  to proceed.
If that doesn't work, type  X <return>  to quit.


! Package xcolor Error: Undefined color `chaptercolor'.

See the xcolor package documentation for explanation.
Type  H <return>  for immediate help.
 ...                                              
                                                  
l.294 }
       
Try typing  <return>  to proceed.
If that doesn't work, type  X <return>  to quit.


! LaTeX Error: There's no line here to end.

See the LaTeX manual or LaTeX Companion for explanation.
Type  H <return>  for immediate help.
 ...                                              
                                                  
l.294 }
       
Your command was ignored.
Type  I <command> <return>  to replace it with another command,
or  <return>  to continue without it.


! Package xcolor Error: Undefined color `chaptercolor'.

See the xcolor package documentation for explanation.
Type  H <return>  for immediate help.
 ...                                              
                                                  
l.306 \end{itemize}}
                    
Try typing  <return>  to proceed.
If that doesn't work, type  X <return>  to quit.


! LaTeX Error: There's no line here to end.

See the LaTeX manual or LaTeX Companion for explanation.
Type  H <return>  for immediate help.
 ...                                              
                                                  
l.306 \end{itemize}}
                    
Your command was ignored.
Type  I <command> <return>  to replace it with another command,
or  <return>  to continue without it.


! Package xcolor Error: Undefined color `chaptercolor'.

See the xcolor package documentation for explanation.
Type  H <return>  for immediate help.
 ...                                              
                                                  
l.308 ...y } a_n \leq \limsup_{n \to \infty} a_n$}
                                                  
Try typing  <return>  to proceed.
If that doesn't work, type  X <return>  to quit.


! Package xcolor Error: Undefined color `chaptercolor'.

See the xcolor package documentation for explanation.
Type  H <return>  for immediate help.
 ...                                              
                                                  
l.310 ...\infty} a_n= \limsup_{n \to \infty} a_n$}
                                                  
Try typing  <return>  to proceed.
If that doesn't work, type  X <return>  to quit.


! Package xcolor Error: Undefined color `chaptercolor'.

See the xcolor package documentation for explanation.
Type  H <return>  for immediate help.
 ...                                              
                                                  
l.311 ... a_m| < \epsilon$ , $\forall n,m \geq N$}
                                                  
Try typing  <return>  to proceed.
If that doesn't work, type  X <return>  to quit.


! Package xcolor Error: Undefined color `chaptercolor'.

See the xcolor package documentation for explanation.
Type  H <return>  for immediate help.
 ...                                              
                                                  
l.312 ..._n - a_m| \geq \epsilon) \end{aligned} $}
                                                  
Try typing  <return>  to proceed.
If that doesn't work, type  X <return>  to quit.


Overfull \hbox (3.62834pt too wide) in paragraph at lines 312--312
[][]$  
 []


! Package xcolor Error: Undefined color `chaptercolor'.

See the xcolor package documentation for explanation.
Type  H <return>  for immediate help.
 ...                                              
                                                  
l.318  }
        
Try typing  <return>  to proceed.
If that doesn't work, type  X <return>  to quit.


! LaTeX Error: There's no line here to end.

See the LaTeX manual or LaTeX Companion for explanation.
Type  H <return>  for immediate help.
 ...                                              
                                                  
l.318  }
        
Your command was ignored.
Type  I <command> <return>  to replace it with another command,
or  <return>  to continue without it.


! Package xcolor Error: Undefined color `chaptercolor'.

See the xcolor package documentation for explanation.
Type  H <return>  for immediate help.
 ...                                              
                                                  
l.319 ... ist $l$ ein H채ufungspunkt von $(a_n)$ }
                                                  
Try typing  <return>  to proceed.
If that doesn't work, type  X <return>  to quit.


! Package xcolor Error: Undefined color `chaptercolor'.

See the xcolor package documentation for explanation.
Type  H <return>  for immediate help.
 ...                                              
                                                  
l.320 ...olge besitzt eine konvergente Teilfolge.}
                                                  
Try typing  <return>  to proceed.
If that doesn't work, type  X <return>  to quit.


! Package xcolor Error: Undefined color `chaptercolor'.

See the xcolor package documentation for explanation.
Type  H <return>  for immediate help.
 ...                                              
                                                  
l.327 \end{itemize} }
                     
Try typing  <return>  to proceed.
If that doesn't work, type  X <return>  to quit.


! LaTeX Error: There's no line here to end.

See the LaTeX manual or LaTeX Companion for explanation.
Type  H <return>  for immediate help.
 ...                                              
                                                  
l.327 \end{itemize} }
                     
Your command was ignored.
Type  I <command> <return>  to replace it with another command,
or  <return>  to continue without it.


! Package xcolor Error: Undefined color `chaptercolor'.

See the xcolor package documentation for explanation.
Type  H <return>  for immediate help.
 ...                                              
                                                  
l.332 \end{itemize}  }
                      
Try typing  <return>  to proceed.
If that doesn't work, type  X <return>  to quit.


! LaTeX Error: There's no line here to end.

See the LaTeX manual or LaTeX Companion for explanation.
Type  H <return>  for immediate help.
 ...                                              
                                                  
l.332 \end{itemize}  }
                      
Your command was ignored.
Type  I <command> <return>  to replace it with another command,
or  <return>  to continue without it.


! Package xcolor Error: Undefined color `chaptercolor'.

See the xcolor package documentation for explanation.
Type  H <return>  for immediate help.
 ...                                              
                                                  
l.339  }
        
Try typing  <return>  to proceed.
If that doesn't work, type  X <return>  to quit.


! LaTeX Error: There's no line here to end.

See the LaTeX manual or LaTeX Companion for explanation.
Type  H <return>  for immediate help.
 ...                                              
                                                  
l.339  }
        
Your command was ignored.
Type  I <command> <return>  to replace it with another command,
or  <return>  to continue without it.


! Package xcolor Error: Undefined color `chaptercolor'.

See the xcolor package documentation for explanation.
Type  H <return>  for immediate help.
 ...                                              
                                                  
l.340 \mysubsection{Komplexe Folgen}
                                    
Try typing  <return>  to proceed.
If that doesn't work, type  X <return>  to quit.


! Package xcolor Error: Undefined color `chaptercolor'.

See the xcolor package documentation for explanation.
Type  H <return>  for immediate help.
 ...                                              
                                                  
l.343 ...nd beides eine Folge reeller Zahlen sind}
                                                  
Try typing  <return>  to proceed.
If that doesn't work, type  X <return>  to quit.


! Package xcolor Error: Undefined color `chaptercolor'.

See the xcolor package documentation for explanation.
Type  H <return>  for immediate help.
 ...                                              
                                                  
l.355 }
       
Try typing  <return>  to proceed.
If that doesn't work, type  X <return>  to quit.


! LaTeX Error: There's no line here to end.

See the LaTeX manual or LaTeX Companion for explanation.
Type  H <return>  for immediate help.
 ...                                              
                                                  
l.355 }
       
Your command was ignored.
Type  I <command> <return>  to replace it with another command,
or  <return>  to continue without it.


! Package xcolor Error: Undefined color `chaptercolor'.

See the xcolor package documentation for explanation.
Type  H <return>  for immediate help.
 ...                                              
                                                  
l.356 ...up$ existiert nicht f체r komplexe Folgen}
                                                  
Try typing  <return>  to proceed.
If that doesn't work, type  X <return>  to quit.


! Package xcolor Error: Undefined color `chaptercolor'.

See the xcolor package documentation for explanation.
Type  H <return>  for immediate help.
 ...                                              
                                                  
l.362 }
       
Try typing  <return>  to proceed.
If that doesn't work, type  X <return>  to quit.

[1

{C:/Users/41783/AppData/Local/MiKTeX/fonts/map/pdftex/pdftex.map}]

! LaTeX Error: There's no line here to end.

See the LaTeX manual or LaTeX Companion for explanation.
Type  H <return>  for immediate help.
 ...                                              
                                                  
l.362 }
       
Your command was ignored.
Type  I <command> <return>  to replace it with another command,
or  <return>  to continue without it.


! Package xcolor Error: Undefined color `chaptercolor'.

See the xcolor package documentation for explanation.
Type  H <return>  for immediate help.
 ...                                              
                                                  
l.364 \mysubsection{Reihen}
                           
Try typing  <return>  to proceed.
If that doesn't work, type  X <return>  to quit.


! Package xcolor Error: Undefined color `chaptercolor'.

See the xcolor package documentation for explanation.
Type  H <return>  for immediate help.
 ...                                              
                                                  
l.365 ... \infty} x_n = \lim_{n\to \infty} a_n $$}
                                                  
Try typing  <return>  to proceed.
If that doesn't work, type  X <return>  to quit.


! Package xcolor Error: Undefined color `chaptercolor'.

See the xcolor package documentation for explanation.
Type  H <return>  for immediate help.
 ...                                              
                                                  
l.370 \end{itemize}}
                    
Try typing  <return>  to proceed.
If that doesn't work, type  X <return>  to quit.


! LaTeX Error: There's no line here to end.

See the LaTeX manual or LaTeX Companion for explanation.
Type  H <return>  for immediate help.
 ...                                              
                                                  
l.370 \end{itemize}}
                    
Your command was ignored.
Type  I <command> <return>  to replace it with another command,
or  <return>  to continue without it.


! Package xcolor Error: Undefined color `chaptercolor'.

See the xcolor package documentation for explanation.
Type  H <return>  for immediate help.
 ...                                              
                                                  
l.371 ...geq N |\sum_{k=n+1}^{m}x_k|< \epsilon) $}
                                                  
Try typing  <return>  to proceed.
If that doesn't work, type  X <return>  to quit.


! Package xcolor Error: Undefined color `chaptercolor'.

See the xcolor package documentation for explanation.
Type  H <return>  for immediate help.
 ...                                              
                                                  
l.372 ...athbb{N}, 0 \leq  x_0 \cdots x_n \leq c$}
                                                  
Try typing  <return>  to proceed.
If that doesn't work, type  X <return>  to quit.


! Package xcolor Error: Undefined color `chaptercolor'.

See the xcolor package documentation for explanation.
Type  H <return>  for immediate help.
 ...                                              
                                                  
l.377 \end{itemize}}
                    
Try typing  <return>  to proceed.
If that doesn't work, type  X <return>  to quit.


! LaTeX Error: There's no line here to end.

See the LaTeX manual or LaTeX Companion for explanation.
Type  H <return>  for immediate help.
 ...                                              
                                                  
l.377 \end{itemize}}
                    
Your command was ignored.
Type  I <command> <return>  to replace it with another command,
or  <return>  to continue without it.


! Package xcolor Error: Undefined color `chaptercolor'.

See the xcolor package documentation for explanation.
Type  H <return>  for immediate help.
 ...                                              
                                                  
l.378 ...\sum_{n=0}^{+ \infty} |x_n|$ konvergiert}
                                                  
Try typing  <return>  to proceed.
If that doesn't work, type  X <return>  to quit.


! Package xcolor Error: Undefined color `chaptercolor'.

See the xcolor package documentation for explanation.
Type  H <return>  for immediate help.
 ...                                              
                                                  
l.380 ...}x_n| \leq \sum_{n=0}^{+ \infty}|x_n| $$}
                                                  
Try typing  <return>  to proceed.
If that doesn't work, type  X <return>  to quit.


! Package xcolor Error: Undefined color `chaptercolor'.

See the xcolor package documentation for explanation.
Type  H <return>  for immediate help.
 ...                                              
                                                  
l.381 ... \infty} (-1)^n a_n$ ist dann konvergent}
                                                  
Try typing  <return>  to proceed.
If that doesn't work, type  X <return>  to quit.


! Package xcolor Error: Undefined color `chaptercolor'.

See the xcolor package documentation for explanation.
Type  H <return>  for immediate help.
 ...                                              
                                                  
l.382 ..., hat jede Umordnung derselbe Grenzwert.}
                                                  
Try typing  <return>  to proceed.
If that doesn't work, type  X <return>  to quit.


! Package xcolor Error: Undefined color `chaptercolor'.

See the xcolor package documentation for explanation.
Type  H <return>  for immediate help.
 ...                                              
                                                  
l.390 }
       
Try typing  <return>  to proceed.
If that doesn't work, type  X <return>  to quit.


! LaTeX Error: There's no line here to end.

See the LaTeX manual or LaTeX Companion for explanation.
Type  H <return>  for immediate help.
 ...                                              
                                                  
l.390 }
       
Your command was ignored.
Type  I <command> <return>  to replace it with another command,
or  <return>  to continue without it.


! Package xcolor Error: Undefined color `chaptercolor'.

See the xcolor package documentation for explanation.
Type  H <return>  for immediate help.
 ...                                              
                                                  
l.396 \end{itemize}}
                    
Try typing  <return>  to proceed.
If that doesn't work, type  X <return>  to quit.


! LaTeX Error: There's no line here to end.

See the LaTeX manual or LaTeX Companion for explanation.
Type  H <return>  for immediate help.
 ...                                              
                                                  
l.396 \end{itemize}}
                    
Your command was ignored.
Type  I <command> <return>  to replace it with another command,
or  <return>  to continue without it.


! Package xcolor Error: Undefined color `chaptercolor'.

See the xcolor package documentation for explanation.
Type  H <return>  for immediate help.
 ...                                              
                                                  
l.402 \end{align*}}
                   
Try typing  <return>  to proceed.
If that doesn't work, type  X <return>  to quit.


! Package xcolor Error: Undefined color `chaptercolor'.

See the xcolor package documentation for explanation.
Type  H <return>  for immediate help.
 ...                                              
                                                  
l.403 \mysubsection{Potenzreihe}
                                
Try typing  <return>  to proceed.
If that doesn't work, type  X <return>  to quit.


! Package xcolor Error: Undefined color `chaptercolor'.

See the xcolor package documentation for explanation.
Type  H <return>  for immediate help.
 ...                                              
                                                  
l.406 nennt man Potenzreihe}
                            
Try typing  <return>  to proceed.
If that doesn't work, type  X <return>  to quit.


! Package xcolor Error: Undefined color `chaptercolor'.

See the xcolor package documentation for explanation.
Type  H <return>  for immediate help.
 ...                                              
                                                  
l.426 \end{itemize}}
                    
Try typing  <return>  to proceed.
If that doesn't work, type  X <return>  to quit.


! LaTeX Error: There's no line here to end.

See the LaTeX manual or LaTeX Companion for explanation.
Type  H <return>  for immediate help.
 ...                                              
                                                  
l.426 \end{itemize}}
                    
Your command was ignored.
Type  I <command> <return>  to replace it with another command,
or  <return>  to continue without it.


! Package xcolor Error: Undefined color `chaptercolor'.

See the xcolor package documentation for explanation.
Type  H <return>  for immediate help.
 ...                                              
                                                  
l.427 \mysubsection{Doppelreihe}
                                
Try typing  <return>  to proceed.
If that doesn't work, type  X <return>  to quit.


! Package xcolor Error: Undefined color `chaptercolor'.

See the xcolor package documentation for explanation.
Type  H <return>  for immediate help.
 ...                                              
                                                  
l.431 ...t(\sum_{m=0}^{\infty} x_{m,n} \right) $$}
                                                  
Try typing  <return>  to proceed.
If that doesn't work, type  X <return>  to quit.


! Package xcolor Error: Undefined color `chaptercolor'.

See the xcolor package documentation for explanation.
Type  H <return>  for immediate help.
 ...                                              
                                                  
l.433 ..._{m=0}^{k } x_m \cdot y_{k-m} \right) $$}
                                                  
Try typing  <return>  to proceed.
If that doesn't work, type  X <return>  to quit.


! Package xcolor Error: Undefined color `chaptercolor'.

See the xcolor package documentation for explanation.
Type  H <return>  for immediate help.
 ...                                              
                                                  
l.435 \mysubsection{Kochrezepte Folgen}
                                       
Try typing  <return>  to proceed.
If that doesn't work, type  X <return>  to quit.

! Misplaced \noalign.
\hline ->\noalign 
                  {\ifnum 0=`}\fi \hrule \@height \arrayrulewidth \futurelet...
l.436 ...dann $\lim_{n \to \infty} c_n = \alpha$.}
                                                  
I expect to see \noalign only after the \cr of
an alignment. Proceed, and I'll ignore this case.


! Package xcolor Error: Undefined color `chaptercolor'.

See the xcolor package documentation for explanation.
Type  H <return>  for immediate help.
 ...                                              
                                                  
l.436 ...dann $\lim_{n \to \infty} c_n = \alpha$.}
                                                  
Try typing  <return>  to proceed.
If that doesn't work, type  X <return>  to quit.

! Misplaced \noalign.
\hline ->\noalign 
                  {\ifnum 0=`}\fi \hrule \@height \arrayrulewidth \futurelet...
l.436 ...dann $\lim_{n \to \infty} c_n = \alpha$.}
                                                  
I expect to see \noalign only after the \cr of
an alignment. Proceed, and I'll ignore this case.


! LaTeX Error: There's no line here to end.

See the LaTeX manual or LaTeX Companion for explanation.
Type  H <return>  for immediate help.
 ...                                              
                                                  
l.436 ...dann $\lim_{n \to \infty} c_n = \alpha$.}
                                                  
Your command was ignored.
Type  I <command> <return>  to replace it with another command,
or  <return>  to continue without it.

! Misplaced \noalign.
\hline ->\noalign 
                  {\ifnum 0=`}\fi \hrule \@height \arrayrulewidth \futurelet...
l.452 \end{enumerate}}
                      
I expect to see \noalign only after the \cr of
an alignment. Proceed, and I'll ignore this case.


! Package xcolor Error: Undefined color `chaptercolor'.

See the xcolor package documentation for explanation.
Type  H <return>  for immediate help.
 ...                                              
                                                  
l.452 \end{enumerate}}
                      
Try typing  <return>  to proceed.
If that doesn't work, type  X <return>  to quit.


Underfull \hbox (badness 10000) in paragraph at lines 452--452
[]\OT1/cmr/bx/n/7 Stelle Gle-ichung auf gem^^?ass
 []


Underfull \hbox (badness 10000) in paragraph at lines 452--452
[]\OT1/cmr/bx/n/7 Einschliessungskriterium (Sandwich-
 []

! Misplaced \noalign.
\hline ->\noalign 
                  {\ifnum 0=`}\fi \hrule \@height \arrayrulewidth \futurelet...
l.452 \end{enumerate}}
                      
I expect to see \noalign only after the \cr of
an alignment. Proceed, and I'll ignore this case.


! LaTeX Error: There's no line here to end.

See the LaTeX manual or LaTeX Companion for explanation.
Type  H <return>  for immediate help.
 ...                                              
                                                  
l.452 \end{enumerate}}
                      
Your command was ignored.
Type  I <command> <return>  to replace it with another command,
or  <return>  to continue without it.

! Misplaced \noalign.
\hline ->\noalign 
                  {\ifnum 0=`}\fi \hrule \@height \arrayrulewidth \futurelet...
l.456 \end{enumerate}}
                      
I expect to see \noalign only after the \cr of
an alignment. Proceed, and I'll ignore this case.


! Package xcolor Error: Undefined color `chaptercolor'.

See the xcolor package documentation for explanation.
Type  H <return>  for immediate help.
 ...                                              
                                                  
l.456 \end{enumerate}}
                      
Try typing  <return>  to proceed.
If that doesn't work, type  X <return>  to quit.

! Misplaced \noalign.
\hline ->\noalign 
                  {\ifnum 0=`}\fi \hrule \@height \arrayrulewidth \futurelet...
l.456 \end{enumerate}}
                      
I expect to see \noalign only after the \cr of
an alignment. Proceed, and I'll ignore this case.


! LaTeX Error: There's no line here to end.

See the LaTeX manual or LaTeX Companion for explanation.
Type  H <return>  for immediate help.
 ...                                              
                                                  
l.456 \end{enumerate}}
                      
Your command was ignored.
Type  I <command> <return>  to replace it with another command,
or  <return>  to continue without it.

! Misplaced \noalign.
\hline ->\noalign 
                  {\ifnum 0=`}\fi \hrule \@height \arrayrulewidth \futurelet...
l.466 ...쨙ktheit mit $d=2$ per Induktion zeigen.}
                                                  
I expect to see \noalign only after the \cr of
an alignment. Proceed, and I'll ignore this case.


! Package xcolor Error: Undefined color `chaptercolor'.

See the xcolor package documentation for explanation.
Type  H <return>  for immediate help.
 ...                                              
                                                  
l.466 ...쨙ktheit mit $d=2$ per Induktion zeigen.}
                                                  
Try typing  <return>  to proceed.
If that doesn't work, type  X <return>  to quit.


Overfull \hbox (15.20589pt too wide) detected at line 466
\OML/cmm/m/it/7 d \OT1/cmr/m/n/7 = [] \OML/cmm/m/it/7 d[] \OT1/cmr/m/n/7 = [] \
OML/cmm/m/it/7 d[] \OT1/cmr/m/n/7 = [] = []
 []

! Misplaced \noalign.
\hline ->\noalign 
                  {\ifnum 0=`}\fi \hrule \@height \arrayrulewidth \futurelet...
l.466 ...쨙ktheit mit $d=2$ per Induktion zeigen.}
                                                  
I expect to see \noalign only after the \cr of
an alignment. Proceed, and I'll ignore this case.


! LaTeX Error: There's no line here to end.

See the LaTeX manual or LaTeX Companion for explanation.
Type  H <return>  for immediate help.
 ...                                              
                                                  
l.466 ...쨙ktheit mit $d=2$ per Induktion zeigen.}
                                                  
Your command was ignored.
Type  I <command> <return>  to replace it with another command,
or  <return>  to continue without it.

! Misplaced \noalign.
\hline ->\noalign 
                  {\ifnum 0=`}\fi \hrule \@height \arrayrulewidth \futurelet...
l.473 $$}
         
I expect to see \noalign only after the \cr of
an alignment. Proceed, and I'll ignore this case.


! Package xcolor Error: Undefined color `chaptercolor'.

See the xcolor package documentation for explanation.
Type  H <return>  for immediate help.
 ...                                              
                                                  
l.473 $$}
         
Try typing  <return>  to proceed.
If that doesn't work, type  X <return>  to quit.

! Misplaced \noalign.
\hline ->\noalign 
                  {\ifnum 0=`}\fi \hrule \@height \arrayrulewidth \futurelet...
l.473 $$}
         
I expect to see \noalign only after the \cr of
an alignment. Proceed, and I'll ignore this case.


! LaTeX Error: There's no line here to end.

See the LaTeX manual or LaTeX Companion for explanation.
Type  H <return>  for immediate help.
 ...                                              
                                                  
l.473 $$}
         
Your command was ignored.
Type  I <command> <return>  to replace it with another command,
or  <return>  to continue without it.

! Misplaced \noalign.
\hline ->\noalign 
                  {\ifnum 0=`}\fi \hrule \@height \arrayrulewidth \futurelet...
l.477 }
       
I expect to see \noalign only after the \cr of
an alignment. Proceed, and I'll ignore this case.


! Package xcolor Error: Undefined color `chaptercolor'.

See the xcolor package documentation for explanation.
Type  H <return>  for immediate help.
 ...                                              
                                                  
l.477 }
       
Try typing  <return>  to proceed.
If that doesn't work, type  X <return>  to quit.

! Misplaced \noalign.
\hline ->\noalign 
                  {\ifnum 0=`}\fi \hrule \@height \arrayrulewidth \futurelet...
l.477 }
       
I expect to see \noalign only after the \cr of
an alignment. Proceed, and I'll ignore this case.


! LaTeX Error: There's no line here to end.

See the LaTeX manual or LaTeX Companion for explanation.
Type  H <return>  for immediate help.
 ...                                              
                                                  
l.477 }
       
Your command was ignored.
Type  I <command> <return>  to replace it with another command,
or  <return>  to continue without it.


! Package xcolor Error: Undefined color `chaptercolor'.

See the xcolor package documentation for explanation.
Type  H <return>  for immediate help.
 ...                                              
                                                  
l.478 \mysubsection{Kochrezepte Reihen}
                                       
Try typing  <return>  to proceed.
If that doesn't work, type  X <return>  to quit.

! Misplaced \noalign.
\hline ->\noalign 
                  {\ifnum 0=`}\fi \hrule \@height \arrayrulewidth \futurelet...
l.488 \end{enumerate}}
                      
I expect to see \noalign only after the \cr of
an alignment. Proceed, and I'll ignore this case.


! Package xcolor Error: Undefined color `chaptercolor'.

See the xcolor package documentation for explanation.
Type  H <return>  for immediate help.
 ...                                              
                                                  
l.488 \end{enumerate}}
                      
Try typing  <return>  to proceed.
If that doesn't work, type  X <return>  to quit.


Underfull \hbox (badness 10000) in paragraph at lines 488--488
[]\OT1/cmr/bx/n/7 Ist Reihe ein bekan-nter
 []


Underfull \hbox (badness 10000) in paragraph at lines 488--488
\OT1/cmr/bx/n/7 Typ? (Teleskopieren, Ge-
 []


Underfull \hbox (badness 10000) in paragraph at lines 488--488
[]\OT1/cmr/bx/n/7 Quotientenkriterium & Wurzelkri-
 []

! Misplaced \noalign.
\hline ->\noalign 
                  {\ifnum 0=`}\fi \hrule \@height \arrayrulewidth \futurelet...
l.488 \end{enumerate}}
                      
I expect to see \noalign only after the \cr of
an alignment. Proceed, and I'll ignore this case.


! LaTeX Error: There's no line here to end.

See the LaTeX manual or LaTeX Companion for explanation.
Type  H <return>  for immediate help.
 ...                                              
                                                  
l.488 \end{enumerate}}
                      
Your command was ignored.
Type  I <command> <return>  to replace it with another command,
or  <return>  to continue without it.

! Misplaced \noalign.
\hline ->\noalign 
                  {\ifnum 0=`}\fi \hrule \@height \arrayrulewidth \futurelet...
l.491 $$}
         
I expect to see \noalign only after the \cr of
an alignment. Proceed, and I'll ignore this case.


! Package xcolor Error: Undefined color `chaptercolor'.

See the xcolor package documentation for explanation.
Type  H <return>  for immediate help.
 ...                                              
                                                  
l.491 $$}
         
Try typing  <return>  to proceed.
If that doesn't work, type  X <return>  to quit.

! Misplaced \noalign.
\hline ->\noalign 
                  {\ifnum 0=`}\fi \hrule \@height \arrayrulewidth \futurelet...
l.491 $$}
         
I expect to see \noalign only after the \cr of
an alignment. Proceed, and I'll ignore this case.


! LaTeX Error: There's no line here to end.

See the LaTeX manual or LaTeX Companion for explanation.
Type  H <return>  for immediate help.
 ...                                              
                                                  
l.491 $$}
         
Your command was ignored.
Type  I <command> <return>  to replace it with another command,
or  <return>  to continue without it.


Package hyperref Warning: Token not allowed in a PDF string (Unicode):
(hyperref)                removing `\<let>-command' on input line 492.


Package hyperref Warning: Token not allowed in a PDF string (Unicode):
(hyperref)                removing `\\' on input line 492.


Package hyperref Warning: Token not allowed in a PDF string (Unicode):
(hyperref)                removing `\@centercr' on input line 492.


Package hyperref Warning: Token not allowed in a PDF string (Unicode):
(hyperref)                removing `\rightskip' on input line 492.


Package hyperref Warning: Token not allowed in a PDF string (Unicode):
(hyperref)                removing `\@flushglue' on input line 492.


Package hyperref Warning: Token not allowed in a PDF string (Unicode):
(hyperref)                removing `\leftskip' on input line 492.


Package hyperref Warning: Token not allowed in a PDF string (Unicode):
(hyperref)                removing `\@flushglue' on input line 492.


Package hyperref Warning: Token not allowed in a PDF string (Unicode):
(hyperref)                removing `\finalhyphendemerits' on input line 492.


Package hyperref Warning: Token not allowed in a PDF string (Unicode):
(hyperref)                removing `\z@' on input line 492.


Package hyperref Warning: Token not allowed in a PDF string (Unicode):
(hyperref)                removing `\parindent' on input line 492.


Package hyperref Warning: Token not allowed in a PDF string (Unicode):
(hyperref)                removing `\z@' on input line 492.


Package hyperref Warning: Token not allowed in a PDF string (Unicode):
(hyperref)                removing `\parfillskip' on input line 492.


Package hyperref Warning: Token not allowed in a PDF string (Unicode):
(hyperref)                removing `\z@skip' on input line 492.


! Package xcolor Error: Undefined color `chaptercolor'.

See the xcolor package documentation for explanation.
Type  H <return>  for immediate help.
 ...                                              
                                                  
l.500 }
       
Try typing  <return>  to proceed.
If that doesn't work, type  X <return>  to quit.


! LaTeX Error: There's no line here to end.

See the LaTeX manual or LaTeX Companion for explanation.
Type  H <return>  for immediate help.
 ...                                              
                                                  
l.500 }
       
Your command was ignored.
Type  I <command> <return>  to replace it with another command,
or  <return>  to continue without it.


! Package xcolor Error: Undefined color `chaptercolor'.

See the xcolor package documentation for explanation.
Type  H <return>  for immediate help.
 ...                                              
                                                  
l.506  }
        
Try typing  <return>  to proceed.
If that doesn't work, type  X <return>  to quit.


! LaTeX Error: There's no line here to end.

See the LaTeX manual or LaTeX Companion for explanation.
Type  H <return>  for immediate help.
 ...                                              
                                                  
l.506  }
        
Your command was ignored.
Type  I <command> <return>  to replace it with another command,
or  <return>  to continue without it.


! Package xcolor Error: Undefined color `chaptercolor'.

See the xcolor package documentation for explanation.
Type  H <return>  for immediate help.
 ...                                              
                                                  
l.513  \end{itemize}}
                     
Try typing  <return>  to proceed.
If that doesn't work, type  X <return>  to quit.


! LaTeX Error: There's no line here to end.

See the LaTeX manual or LaTeX Companion for explanation.
Type  H <return>  for immediate help.
 ...                                              
                                                  
l.513  \end{itemize}}
                     
Your command was ignored.
Type  I <command> <return>  to replace it with another command,
or  <return>  to continue without it.


! Package xcolor Error: Undefined color `chaptercolor'.

See the xcolor package documentation for explanation.
Type  H <return>  for immediate help.
 ...                                              
                                                  
l.525 }
       
Try typing  <return>  to proceed.
If that doesn't work, type  X <return>  to quit.

[2]

! LaTeX Error: There's no line here to end.

See the LaTeX manual or LaTeX Companion for explanation.
Type  H <return>  for immediate help.
 ...                                              
                                                  
l.525 }
       
Your command was ignored.
Type  I <command> <return>  to replace it with another command,
or  <return>  to continue without it.


! Package xcolor Error: Undefined color `chaptercolor'.

See the xcolor package documentation for explanation.
Type  H <return>  for immediate help.
 ...                                              
                                                  
l.529 ... f \text{ ist auf } D \text{ stetig} \}$}
                                                  
Try typing  <return>  to proceed.
If that doesn't work, type  X <return>  to quit.


! Package xcolor Error: Undefined color `chaptercolor'.

See the xcolor package documentation for explanation.
Type  H <return>  for immediate help.
 ...                                              
                                                  
l.530 ...row \lim_{n \to \infty} f(a_n) = f(x_0)$}
                                                  
Try typing  <return>  to proceed.
If that doesn't work, type  X <return>  to quit.


! Package xcolor Error: Undefined color `chaptercolor'.

See the xcolor package documentation for explanation.
Type  H <return>  for immediate help.
 ...                                              
                                                  
l.537 }
       
Try typing  <return>  to proceed.
If that doesn't work, type  X <return>  to quit.


! LaTeX Error: There's no line here to end.

See the LaTeX manual or LaTeX Companion for explanation.
Type  H <return>  for immediate help.
 ...                                              
                                                  
l.537 }
       
Your command was ignored.
Type  I <command> <return>  to replace it with another command,
or  <return>  to continue without it.


! Package xcolor Error: Undefined color `chaptercolor'.

See the xcolor package documentation for explanation.
Type  H <return>  for immediate help.
 ...                                              
                                                  
l.543 \end{itemize}}
                    
Try typing  <return>  to proceed.
If that doesn't work, type  X <return>  to quit.


! LaTeX Error: There's no line here to end.

See the LaTeX manual or LaTeX Companion for explanation.
Type  H <return>  for immediate help.
 ...                                              
                                                  
l.543 \end{itemize}}
                    
Your command was ignored.
Type  I <command> <return>  to replace it with another command,
or  <return>  to continue without it.


! Package xcolor Error: Undefined color `chaptercolor'.

See the xcolor package documentation for explanation.
Type  H <return>  for immediate help.
 ...                                              
                                                  
l.546 ... $\exists x_0 \in [a,b]$ mit $f(x_0) =y$}
                                                  
Try typing  <return>  to proceed.
If that doesn't work, type  X <return>  to quit.


! Package xcolor Error: Undefined color `chaptercolor'.

See the xcolor package documentation for explanation.
Type  H <return>  for immediate help.
 ...                                              
                                                  
l.547 ...edeutet $I$ hat ein Maximum und Minimum.}
                                                  
Try typing  <return>  to proceed.
If that doesn't work, type  X <return>  to quit.


! Package xcolor Error: Undefined color `chaptercolor'.

See the xcolor package documentation for explanation.
Type  H <return>  for immediate help.
 ...                                              
                                                  
l.548 ...nn folgt $\lim_{n \to \infty} x_n \in R$}
                                                  
Try typing  <return>  to proceed.
If that doesn't work, type  X <return>  to quit.


! Package xcolor Error: Undefined color `chaptercolor'.

See the xcolor package documentation for explanation.
Type  H <return>  for immediate help.
 ...                                              
                                                  
l.554 und $f$ ist beschr채nkt.}}
                                
Try typing  <return>  to proceed.
If that doesn't work, type  X <return>  to quit.


! LaTeX Error: There's no line here to end.

See the LaTeX manual or LaTeX Companion for explanation.
Type  H <return>  for immediate help.
 ...                                              
                                                  
l.554 und $f$ ist beschr채nkt.}}
                                
Your command was ignored.
Type  I <command> <return>  to replace it with another command,
or  <return>  to continue without it.

! Missing $ inserted.
<inserted text> 
                $
l.554 und $f$ ist beschr채nkt.}}
                                
I've inserted a begin-math/end-math symbol since I think
you left one out. Proceed, with fingers crossed.

! Missing } inserted.
<inserted text> 
                }
l.554 und $f$ ist beschr채nkt.}}
                                
I've inserted something that you may have forgotten.
(See the <inserted text> above.)
With luck, this will get me unwedged. But if you
really didn't forget anything, try typing `2' now; then
my insertion and my current dilemma will both disappear.

! Extra }, or forgotten \endgroup.
\@par ... \@noitemerr {\@@par }\fi \else {\@@par }
                                                  \fi 
l.554 und $f$ ist beschr채nkt.}}
                                
I've deleted a group-closing symbol because it seems to be
spurious, as in `$x}$'. But perhaps the } is legitimate and
you forgot something else, as in `\hbox{$x}'. In such cases
the way to recover is to insert both the forgotten and the
deleted material, e.g., by typing `I$}'.

! Missing $ inserted.
<inserted text> 
                $
l.554 und $f$ ist beschr채nkt.}}
                                
I've inserted a begin-math/end-math symbol since I think
you left one out. Proceed, with fingers crossed.


! Package xcolor Error: Undefined color `chaptercolor'.

See the xcolor package documentation for explanation.
Type  H <return>  for immediate help.
 ...                                              
                                                  
l.558 ... f: D_1 \to \mathbb{R}$ ebenfalls stetig}
                                                  
Try typing  <return>  to proceed.
If that doesn't work, type  X <return>  to quit.


! Package xcolor Error: Undefined color `chaptercolor'.

See the xcolor package documentation for explanation.
Type  H <return>  for immediate help.
 ...                                              
                                                  
l.559 ... J \to I$ ist stetig und streng monoton.}
                                                  
Try typing  <return>  to proceed.
If that doesn't work, type  X <return>  to quit.


! Package xcolor Error: Undefined color `chaptercolor'.

See the xcolor package documentation for explanation.
Type  H <return>  for immediate help.
 ...                                              
                                                  
l.560 ...bsection{Konvergenz von Funktionenfolgen}
                                                  
Try typing  <return>  to proceed.
If that doesn't work, type  X <return>  to quit.


! Package xcolor Error: Undefined color `chaptercolor'.

See the xcolor package documentation for explanation.
Type  H <return>  for immediate help.
 ...                                              
                                                  
l.562 $ f(x)=\lim_{n\to\infty}f_n(x) $$}
                                        
Try typing  <return>  to proceed.
If that doesn't work, type  X <return>  to quit.

! Display math should end with $$.
<to be read again> 
                    
l.562 $ f(x)=\lim_{n\to\infty}f_n(x) $$}
                                        
The `$' that I just saw supposedly matches a previous `$$'.
So I shall assume that you typed `$$' both times.


! LaTeX Error: There's no line here to end.

See the LaTeX manual or LaTeX Companion for explanation.
Type  H <return>  for immediate help.
 ...                                              
                                                  
l.562 $ f(x)=\lim_{n\to\infty}f_n(x) $$}
                                        
Your command was ignored.
Type  I <command> <return>  to replace it with another command,
or  <return>  to continue without it.

! Missing $ inserted.
<inserted text> 
                $
l.562 $ f(x)=\lim_{n\to\infty}f_n(x) $$}
                                        
I've inserted a begin-math/end-math symbol since I think
you left one out. Proceed, with fingers crossed.

! Missing } inserted.
<inserted text> 
                }
l.562 $ f(x)=\lim_{n\to\infty}f_n(x) $$}
                                        
I've inserted something that you may have forgotten.
(See the <inserted text> above.)
With luck, this will get me unwedged. But if you
really didn't forget anything, try typing `2' now; then
my insertion and my current dilemma will both disappear.

! Extra }, or forgotten \endgroup.
\@par ... \@noitemerr {\@@par }\fi \else {\@@par }
                                                  \fi 
l.562 $ f(x)=\lim_{n\to\infty}f_n(x) $$}
                                        
I've deleted a group-closing symbol because it seems to be
spurious, as in `$x}$'. But perhaps the } is legitimate and
you forgot something else, as in `\hbox{$x}'. In such cases
the way to recover is to insert both the forgotten and the
deleted material, e.g., by typing `I$}'.


! Package xcolor Error: Undefined color `chaptercolor'.

See the xcolor package documentation for explanation.
Type  H <return>  for immediate help.
 ...                                              
                                                  
l.568 ...eft|f_n(x)-f(x)\right|< \varepsilon . $$}
                                                  
Try typing  <return>  to proceed.
If that doesn't work, type  X <return>  to quit.


! Package xcolor Error: Undefined color `chaptercolor'.

See the xcolor package documentation for explanation.
Type  H <return>  for immediate help.
 ...                                              
                                                  
l.569 ...nvergiert. Dann ist $f$( in $D$) stetig.}
                                                  
Try typing  <return>  to proceed.
If that doesn't work, type  X <return>  to quit.


! Package xcolor Error: Undefined color `chaptercolor'.

See the xcolor package documentation for explanation.
Type  H <return>  for immediate help.
 ...                                              
                                                  
l.575 ...0}$ gleichm채ssig gegen $f$ konvergiert.}
                                                  
Try typing  <return>  to proceed.
If that doesn't work, type  X <return>  to quit.


! Package xcolor Error: Undefined color `chaptercolor'.

See the xcolor package documentation for explanation.
Type  H <return>  for immediate help.
 ...                                              
                                                  
l.579 $ \left|f_n(x)-f_m(x)\right|<\varepsilon $}
                                                 
Try typing  <return>  to proceed.
If that doesn't work, type  X <return>  to quit.


! Package xcolor Error: Undefined color `chaptercolor'.

See the xcolor package documentation for explanation.
Type  H <return>  for immediate help.
 ...                                              
                                                  
l.582 stetig.}
              
Try typing  <return>  to proceed.
If that doesn't work, type  X <return>  to quit.

! Text line contains an invalid character.
l.583 \NOTE{}{Jede gleichm^^?
                             assig konvergente Funktionenfolge ist auch
A funny symbol that I can't read has just been input.
Continue, and I'll forget that it ever happened.


! Package xcolor Error: Undefined color `chaptercolor'.

See the xcolor package documentation for explanation.
Type  H <return>  for immediate help.
 ...                                              
                                                  
l.584 ...eise konvergent, jedoch nicht umgekehrt!}
                                                  
Try typing  <return>  to proceed.
If that doesn't work, type  X <return>  to quit.


! Package xcolor Error: Undefined color `chaptercolor'.

See the xcolor package documentation for explanation.
Type  H <return>  for immediate help.
 ...                                              
                                                  
l.586 ...section{Konvergenz von Folgen und Reihen}
                                                  
Try typing  <return>  to proceed.
If that doesn't work, type  X <return>  to quit.


! Package xcolor Error: Undefined color `chaptercolor'.

See the xcolor package documentation for explanation.
Type  H <return>  for immediate help.
 ...                                              
                                                  
l.589 ...nktionenfolge gleichm채ssig konvergiert.}
                                                  
Try typing  <return>  to proceed.
If that doesn't work, type  X <return>  to quit.


! Package xcolor Error: Undefined color `chaptercolor'.

See the xcolor package documentation for explanation.
Type  H <return>  for immediate help.
 ...                                              
                                                  
l.594 ist eine in D stetige Funktion.}
                                      
Try typing  <return>  to proceed.
If that doesn't work, type  X <return>  to quit.


! Package xcolor Error: Undefined color `chaptercolor'.

See the xcolor package documentation for explanation.
Type  H <return>  for immediate help.
 ...                                              
                                                  
l.598 ...{\left|c_k\right|}>0\end{array}\right. $}
                                                  
Try typing  <return>  to proceed.
If that doesn't work, type  X <return>  to quit.


Overfull \hbox (7.14937pt too wide) in paragraph at lines 598--598
[]$  
 []


! Package xcolor Error: Undefined color `chaptercolor'.

See the xcolor package documentation for explanation.
Type  H <return>  for immediate help.
 ...                                              
                                                  
l.604 ...\rho[\longrightarrow \mathbf{R}$ stetig.}
                                                  
Try typing  <return>  to proceed.
If that doesn't work, type  X <return>  to quit.


! Package xcolor Error: Undefined color `chaptercolor'.

See the xcolor package documentation for explanation.
Type  H <return>  for immediate help.
 ...                                              
                                                  
l.606 \mysubsection{Grenzwerte von Funktionen}
                                              
Try typing  <return>  to proceed.
If that doesn't work, type  X <return>  to quit.


! Package xcolor Error: Undefined color `chaptercolor'.

See the xcolor package documentation for explanation.
Type  H <return>  for immediate help.
 ...                                              
                                                  
l.607 ...right\}\right) \cap D \neq \varnothing$.}
                                                  
Try typing  <return>  to proceed.
If that doesn't work, type  X <return>  to quit.


! Package xcolor Error: Undefined color `chaptercolor'.

See the xcolor package documentation for explanation.
Type  H <return>  for immediate help.
 ...                                              
                                                  
l.615 $}
        
Try typing  <return>  to proceed.
If that doesn't work, type  X <return>  to quit.


! Package xcolor Error: Undefined color `chaptercolor'.

See the xcolor package documentation for explanation.
Type  H <return>  for immediate help.
 ...                                              
                                                  
l.623 $}
        
Try typing  <return>  to proceed.
If that doesn't work, type  X <return>  to quit.


! Package xcolor Error: Undefined color `chaptercolor'.

See the xcolor package documentation for explanation.
Type  H <return>  for immediate help.
 ...                                              
                                                  
l.625 \mysubsection{Exponentialfunktion}
                                        
Try typing  <return>  to proceed.
If that doesn't work, type  X <return>  to quit.


! Package xcolor Error: Undefined color `chaptercolor'.

See the xcolor package documentation for explanation.
Type  H <return>  for immediate help.
 ...                                              
                                                  
l.627 ... \lim_{m \to \infty} (1+\frac{1}{m})^m $}
                                                  
Try typing  <return>  to proceed.
If that doesn't work, type  X <return>  to quit.


! Package xcolor Error: Undefined color `chaptercolor'.

See the xcolor package documentation for explanation.
Type  H <return>  for immediate help.
 ...                                              
                                                  
l.628 ...g monoton wachsend, stetig und surjektiv}
                                                  
Try typing  <return>  to proceed.
If that doesn't work, type  X <return>  to quit.


! Package xcolor Error: Undefined color `chaptercolor'.

See the xcolor package documentation for explanation.
Type  H <return>  for immediate help.
 ...                                              
                                                  
l.629 ...exp(x)>0 \quad \forall x \in \mathbb{R}$}
                                                  
Try typing  <return>  to proceed.
If that doesn't work, type  X <return>  to quit.


! Package xcolor Error: Undefined color `chaptercolor'.

See the xcolor package documentation for explanation.
Type  H <return>  for immediate help.
 ...                                              
                                                  
l.630 ...3}{$\exp(x) > \exp(y) \quad \forall z>y$}
                                                  
Try typing  <return>  to proceed.
If that doesn't work, type  X <return>  to quit.


! Package xcolor Error: Undefined color `chaptercolor'.

See the xcolor package documentation for explanation.
Type  H <return>  for immediate help.
 ...                                              
                                                  
l.631 ...geq 1+x \quad \forall x \in \mathbb{R}$ }
                                                  
Try typing  <return>  to proceed.
If that doesn't work, type  X <return>  to quit.


! Package xcolor Error: Undefined color `chaptercolor'.

See the xcolor package documentation for explanation.
Type  H <return>  for immediate help.
 ...                                              
                                                  
l.633 ... \ln b\quad \forall a,b \in ]0,\infty[ $}
                                                  
Try typing  <return>  to proceed.
If that doesn't work, type  X <return>  to quit.


! Package xcolor Error: Undefined color `chaptercolor'.

See the xcolor package documentation for explanation.
Type  H <return>  for immediate help.
 ...                                              
                                                  
l.641  }
        
Try typing  <return>  to proceed.
If that doesn't work, type  X <return>  to quit.


! LaTeX Error: There's no line here to end.

See the LaTeX manual or LaTeX Companion for explanation.
Type  H <return>  for immediate help.
 ...                                              
                                                  
l.641  }
        
Your command was ignored.
Type  I <command> <return>  to replace it with another command,
or  <return>  to continue without it.


! Package xcolor Error: Undefined color `chaptercolor'.

See the xcolor package documentation for explanation.
Type  H <return>  for immediate help.
 ...                                              
                                                  
l.642  \mysubsection{Trigonometrische Funktionen}
                                                 
Try typing  <return>  to proceed.
If that doesn't work, type  X <return>  to quit.


! Package xcolor Error: Undefined color `chaptercolor'.

See the xcolor package documentation for explanation.
Type  H <return>  for immediate help.
 ...                                              
                                                  
l.644 ...ty} \frac{(-1)^n z^{2 n+1}}{(2 n+1) !} $}
                                                  
Try typing  <return>  to proceed.
If that doesn't work, type  X <return>  to quit.


! Package xcolor Error: Undefined color `chaptercolor'.

See the xcolor package documentation for explanation.
Type  H <return>  for immediate help.
 ...                                              
                                                  
l.646 ...nfty} \frac{(-1)^n z^{2 n}}{(2 n) !} . $}
                                                  
Try typing  <return>  to proceed.
If that doesn't work, type  X <return>  to quit.


! Package xcolor Error: Undefined color `chaptercolor'.

See the xcolor package documentation for explanation.
Type  H <return>  for immediate help.
 ...                                              
                                                  
l.647 ...row \mathbb{R}$ sind stetige Funktionen.}
                                                  
Try typing  <return>  to proceed.
If that doesn't work, type  X <return>  to quit.


! Package xcolor Error: Undefined color `chaptercolor'.

See the xcolor package documentation for explanation.
Type  H <return>  for immediate help.
 ...                                              
                                                  
l.659 \end{itemize}}
                    
Try typing  <return>  to proceed.
If that doesn't work, type  X <return>  to quit.


! LaTeX Error: There's no line here to end.

See the LaTeX manual or LaTeX Companion for explanation.
Type  H <return>  for immediate help.
 ...                                              
                                                  
l.659 \end{itemize}}
                    
Your command was ignored.
Type  I <command> <return>  to replace it with another command,
or  <return>  to continue without it.


! Package xcolor Error: Undefined color `chaptercolor'.

See the xcolor package documentation for explanation.
Type  H <return>  for immediate help.
 ...                                              
                                                  
l.665 }
       
Try typing  <return>  to proceed.
If that doesn't work, type  X <return>  to quit.


! LaTeX Error: There's no line here to end.

See the LaTeX manual or LaTeX Companion for explanation.
Type  H <return>  for immediate help.
 ...                                              
                                                  
l.665 }
       
Your command was ignored.
Type  I <command> <return>  to replace it with another command,
or  <return>  to continue without it.


! Package xcolor Error: Undefined color `chaptercolor'.

See the xcolor package documentation for explanation.
Type  H <return>  for immediate help.
 ...                                              
                                                  
l.674  }
        
Try typing  <return>  to proceed.
If that doesn't work, type  X <return>  to quit.


! LaTeX Error: There's no line here to end.

See the LaTeX manual or LaTeX Companion for explanation.
Type  H <return>  for immediate help.
 ...                                              
                                                  
l.674  }
        
Your command was ignored.
Type  I <command> <return>  to replace it with another command,
or  <return>  to continue without it.


! Package xcolor Error: Undefined color `chaptercolor'.

See the xcolor package documentation for explanation.
Type  H <return>  for immediate help.
 ...                                              
                                                  
l.676 ...on{Kochrezepte Stetigkeit und Konvergenz}
                                                  
Try typing  <return>  to proceed.
If that doesn't work, type  X <return>  to quit.

! Misplaced \noalign.
\hline ->\noalign 
                  {\ifnum 0=`}\fi \hrule \@height \arrayrulewidth \futurelet...
l.688 }
       
I expect to see \noalign only after the \cr of
an alignment. Proceed, and I'll ignore this case.


! Package xcolor Error: Undefined color `chaptercolor'.

See the xcolor package documentation for explanation.
Type  H <return>  for immediate help.
 ...                                              
                                                  
l.688 }
       
Try typing  <return>  to proceed.
If that doesn't work, type  X <return>  to quit.


Underfull \hbox (badness 10000) in paragraph at lines 688--688
[]\OT1/cmr/bx/n/7 Direkte Meth-ode: Berechne
 []


Underfull \hbox (badness 10000) in paragraph at lines 688--688
[][] []$ \OT1/cmr/bx/n/7 (evtl.
 []

! Misplaced \noalign.
\hline ->\noalign 
                  {\ifnum 0=`}\fi \hrule \@height \arrayrulewidth \futurelet...
l.688 }
       
I expect to see \noalign only after the \cr of
an alignment. Proceed, and I'll ignore this case.


! LaTeX Error: There's no line here to end.

See the LaTeX manual or LaTeX Companion for explanation.
Type  H <return>  for immediate help.
 ...                                              
                                                  
l.688 }
       
Your command was ignored.
Type  I <command> <return>  to replace it with another command,
or  <return>  to continue without it.


Package hyperref Warning: Token not allowed in a PDF string (Unicode):
(hyperref)                removing `\<let>-command' on input line 690.


Package hyperref Warning: Token not allowed in a PDF string (Unicode):
(hyperref)                removing `\\' on input line 690.


Package hyperref Warning: Token not allowed in a PDF string (Unicode):
(hyperref)                removing `\@centercr' on input line 690.


Package hyperref Warning: Token not allowed in a PDF string (Unicode):
(hyperref)                removing `\rightskip' on input line 690.


Package hyperref Warning: Token not allowed in a PDF string (Unicode):
(hyperref)                removing `\@flushglue' on input line 690.


Package hyperref Warning: Token not allowed in a PDF string (Unicode):
(hyperref)                removing `\leftskip' on input line 690.


Package hyperref Warning: Token not allowed in a PDF string (Unicode):
(hyperref)                removing `\@flushglue' on input line 690.


Package hyperref Warning: Token not allowed in a PDF string (Unicode):
(hyperref)                removing `\finalhyphendemerits' on input line 690.


Package hyperref Warning: Token not allowed in a PDF string (Unicode):
(hyperref)                removing `\z@' on input line 690.


Package hyperref Warning: Token not allowed in a PDF string (Unicode):
(hyperref)                removing `\parindent' on input line 690.


Package hyperref Warning: Token not allowed in a PDF string (Unicode):
(hyperref)                removing `\z@' on input line 690.


Package hyperref Warning: Token not allowed in a PDF string (Unicode):
(hyperref)                removing `\parfillskip' on input line 690.


Package hyperref Warning: Token not allowed in a PDF string (Unicode):
(hyperref)                removing `\z@skip' on input line 690.


! Package xcolor Error: Undefined color `chaptercolor'.

See the xcolor package documentation for explanation.
Type  H <return>  for immediate help.
 ...                                              
                                                  
l.696 ... \in I$, ist $f$ differenzierbar auf $I$}
                                                  
Try typing  <return>  to proceed.
If that doesn't work, type  X <return>  to quit.


! Package xcolor Error: Undefined color `chaptercolor'.

See the xcolor package documentation for explanation.
Type  H <return>  for immediate help.
 ...                                              
                                                  
l.701 $$}
         
Try typing  <return>  to proceed.
If that doesn't work, type  X <return>  to quit.


! Package xcolor Error: Undefined color `chaptercolor'.

See the xcolor package documentation for explanation.
Type  H <return>  for immediate help.
 ...                                              
                                                  
l.712 ...right)$ eindeutig bestimmt.\end{itemize}}
                                                  
Try typing  <return>  to proceed.
If that doesn't work, type  X <return>  to quit.


! LaTeX Error: There's no line here to end.

See the LaTeX manual or LaTeX Companion for explanation.
Type  H <return>  for immediate help.
 ...                                              
                                                  
l.712 ...right)$ eindeutig bestimmt.\end{itemize}}
                                                  
Your command was ignored.
Type  I <command> <return>  to replace it with another command,
or  <return>  to continue without it.


! Package xcolor Error: Undefined color `chaptercolor'.

See the xcolor package documentation for explanation.
Type  H <return>  for immediate help.
 ...                                              
                                                  
l.717 ...(x_0\right)=f^{\prime}\left(x_0\right)$.}
                                                  
Try typing  <return>  to proceed.
If that doesn't work, type  X <return>  to quit.


! Package xcolor Error: Undefined color `chaptercolor'.

See the xcolor package documentation for explanation.
Type  H <return>  for immediate help.
 ...                                              
                                                  
l.718 ... \in D, f$ in $x_0$ differenzierbar ist.}
                                                  
Try typing  <return>  to proceed.
If that doesn't work, type  X <return>  to quit.


! Package xcolor Error: Undefined color `chaptercolor'.

See the xcolor package documentation for explanation.
Type  H <return>  for immediate help.
 ...                                              
                                                  
l.726 \item[3.}
               ] Falls $g\left(x_0\right) \neq 0$ ist $\frac{f}{g}$ in $x_0$...

Try typing  <return>  to proceed.
If that doesn't work, type  X <return>  to quit.

[3]

! LaTeX Error: Something's wrong--perhaps a missing \item.

See the LaTeX manual or LaTeX Companion for explanation.
Type  H <return>  for immediate help.
 ...                                              
                                                  
l.726 \item[3.}]
                 Falls $g\left(x_0\right) \neq 0$ ist $\frac{f}{g}$ in $x_0$...

Try typing  <return>  to proceed.
If that doesn't work, type  X <return>  to quit.

! Extra }, or forgotten \endgroup.
l.728 \end{itemize}}
                    
I've deleted a group-closing symbol because it seems to be
spurious, as in `$x}$'. But perhaps the } is legitimate and
you forgot something else, as in `\hbox{$x}'. In such cases
the way to recover is to insert both the forgotten and the
deleted material, e.g., by typing `I$}'.


! Package xcolor Error: Undefined color `chaptercolor'.

See the xcolor package documentation for explanation.
Type  H <return>  for immediate help.
 ...                                              
                                                  
l.730 ...t(g(f(x_0))\right)'=g'(f(x_0))f'(x_0) $$}
                                                  
Try typing  <return>  to proceed.
If that doesn't work, type  X <return>  to quit.


! Package xcolor Error: Undefined color `chaptercolor'.

See the xcolor package documentation for explanation.
Type  H <return>  for immediate help.
 ...                                              
                                                  
l.732 ...1}{f'(f^{-1}(y_0))}=\frac{1}{f'(x_0)} $$}
                                                  
Try typing  <return>  to proceed.
If that doesn't work, type  X <return>  to quit.


! Package xcolor Error: Undefined color `chaptercolor'.

See the xcolor package documentation for explanation.
Type  H <return>  for immediate help.
 ...                                              
                                                  
l.739 }
       
Try typing  <return>  to proceed.
If that doesn't work, type  X <return>  to quit.


! Package xcolor Error: Undefined color `chaptercolor'.

See the xcolor package documentation for explanation.
Type  H <return>  for immediate help.
 ...                                              
                                                  
l.741 ...smallmatrix}} \frac{f'(x)}{g'(x)} = t $$}
                                                  
Try typing  <return>  to proceed.
If that doesn't work, type  X <return>  to quit.


! Package xcolor Error: Undefined color `chaptercolor'.

See the xcolor package documentation for explanation.
Type  H <return>  for immediate help.
 ...                                              
                                                  
l.743 \mysubsection{Analyse von Funktionen}
                                           
Try typing  <return>  to proceed.
If that doesn't work, type  X <return>  to quit.


! Package xcolor Error: Undefined color `chaptercolor'.

See the xcolor package documentation for explanation.
Type  H <return>  for immediate help.
 ...                                              
                                                  
l.752 \end{itemize}}
                    
Try typing  <return>  to proceed.
If that doesn't work, type  X <return>  to quit.


! LaTeX Error: There's no line here to end.

See the LaTeX manual or LaTeX Companion for explanation.
Type  H <return>  for immediate help.
 ...                                              
                                                  
l.752 \end{itemize}}
                    
Your command was ignored.
Type  I <command> <return>  to replace it with another command,
or  <return>  to continue without it.


! Package xcolor Error: Undefined color `chaptercolor'.

See the xcolor package documentation for explanation.
Type  H <return>  for immediate help.
 ...                                              
                                                  
l.762 \end{itemize}}
                    
Try typing  <return>  to proceed.
If that doesn't work, type  X <return>  to quit.


! LaTeX Error: There's no line here to end.

See the LaTeX manual or LaTeX Companion for explanation.
Type  H <return>  for immediate help.
 ...                                              
                                                  
l.762 \end{itemize}}
                    
Your command was ignored.
Type  I <command> <return>  to replace it with another command,
or  <return>  to continue without it.


! Package xcolor Error: Undefined color `chaptercolor'.

See the xcolor package documentation for explanation.
Type  H <return>  for immediate help.
 ...                                              
                                                  
l.764 $$ f^{\prime}(\xi)=0 $$}
                              
Try typing  <return>  to proceed.
If that doesn't work, type  X <return>  to quit.


! Package xcolor Error: Undefined color `chaptercolor'.

See the xcolor package documentation for explanation.
Type  H <return>  for immediate help.
 ...                                              
                                                  
l.766 $$ f'(x_0)= \frac{f(b)-f(a)}{b-a} $$}
                                           
Try typing  <return>  to proceed.
If that doesn't work, type  X <return>  to quit.


! Package xcolor Error: Undefined color `chaptercolor'.

See the xcolor package documentation for explanation.
Type  H <return>  for immediate help.
 ...                                              
                                                  
l.774 ...uad |f(y)|-f(x)\leq M|x-y|$\end{itemize}}
                                                  
Try typing  <return>  to proceed.
If that doesn't work, type  X <return>  to quit.


! LaTeX Error: There's no line here to end.

See the LaTeX manual or LaTeX Companion for explanation.
Type  H <return>  for immediate help.
 ...                                              
                                                  
l.774 ...uad |f(y)|-f(x)\leq M|x-y|$\end{itemize}}
                                                  
Your command was ignored.
Type  I <command> <return>  to replace it with another command,
or  <return>  to continue without it.


! Package xcolor Error: Undefined color `chaptercolor'.

See the xcolor package documentation for explanation.
Type  H <return>  for immediate help.
 ...                                              
                                                  
l.782  \end{itemize}}
                     
Try typing  <return>  to proceed.
If that doesn't work, type  X <return>  to quit.


! LaTeX Error: There's no line here to end.

See the LaTeX manual or LaTeX Companion for explanation.
Type  H <return>  for immediate help.
 ...                                              
                                                  
l.782  \end{itemize}}
                     
Your command was ignored.
Type  I <command> <return>  to replace it with another command,
or  <return>  to continue without it.


! Package xcolor Error: Undefined color `chaptercolor'.

See the xcolor package documentation for explanation.
Type  H <return>  for immediate help.
 ...                                              
                                                  
l.786 $$}
         
Try typing  <return>  to proceed.
If that doesn't work, type  X <return>  to quit.


! Package xcolor Error: Undefined color `chaptercolor'.

See the xcolor package documentation for explanation.
Type  H <return>  for immediate help.
 ...                                              
                                                  
l.787 ...alls $f'$ (streng) monoton wachsend ist.}
                                                  
Try typing  <return>  to proceed.
If that doesn't work, type  X <return>  to quit.


! Package xcolor Error: Undefined color `chaptercolor'.

See the xcolor package documentation for explanation.
Type  H <return>  for immediate help.
 ...                                              
                                                  
l.788 ...onvex, falls gilt $f''\geq 0$ ($f''>0$).}
                                                  
Try typing  <return>  to proceed.
If that doesn't work, type  X <return>  to quit.


! Package xcolor Error: Undefined color `chaptercolor'.

See the xcolor package documentation for explanation.
Type  H <return>  for immediate help.
 ...                                              
                                                  
l.791 }
       
Try typing  <return>  to proceed.
If that doesn't work, type  X <return>  to quit.


! Package xcolor Error: Undefined color `chaptercolor'.

See the xcolor package documentation for explanation.
Type  H <return>  for immediate help.
 ...                                              
                                                  
l.797 }
       
Try typing  <return>  to proceed.
If that doesn't work, type  X <return>  to quit.


! LaTeX Error: There's no line here to end.

See the LaTeX manual or LaTeX Companion for explanation.
Type  H <return>  for immediate help.
 ...                                              
                                                  
l.797 }
       
Your command was ignored.
Type  I <command> <return>  to replace it with another command,
or  <return>  to continue without it.


! Package xcolor Error: Undefined color `chaptercolor'.

See the xcolor package documentation for explanation.
Type  H <return>  for immediate help.
 ...                                              
                                                  
l.830 \end{itemize}}
                    
Try typing  <return>  to proceed.
If that doesn't work, type  X <return>  to quit.


! LaTeX Error: There's no line here to end.

See the LaTeX manual or LaTeX Companion for explanation.
Type  H <return>  for immediate help.
 ...                                              
                                                  
l.830 \end{itemize}}
                    
Your command was ignored.
Type  I <command> <return>  to replace it with another command,
or  <return>  to continue without it.

! Misplaced \noalign.
\hline ->\noalign 
                  {\ifnum 0=`}\fi \hrule \@height \arrayrulewidth \futurelet...
l.856 }
       
I expect to see \noalign only after the \cr of
an alignment. Proceed, and I'll ignore this case.


! Package xcolor Error: Undefined color `chaptercolor'.

See the xcolor package documentation for explanation.
Type  H <return>  for immediate help.
 ...                                              
                                                  
l.856 }
       
Try typing  <return>  to proceed.
If that doesn't work, type  X <return>  to quit.


Overfull \hbox (2.6266pt too wide) in paragraph at lines 856--856
 [] 
 []

! Misplaced \noalign.
\hline ->\noalign 
                  {\ifnum 0=`}\fi \hrule \@height \arrayrulewidth \futurelet...
l.856 }
       
I expect to see \noalign only after the \cr of
an alignment. Proceed, and I'll ignore this case.


! LaTeX Error: There's no line here to end.

See the LaTeX manual or LaTeX Companion for explanation.
Type  H <return>  for immediate help.
 ...                                              
                                                  
l.856 }
       
Your command was ignored.
Type  I <command> <return>  to replace it with another command,
or  <return>  to continue without it.


! Package xcolor Error: Undefined color `chaptercolor'.

See the xcolor package documentation for explanation.
Type  H <return>  for immediate help.
 ...                                              
                                                  
l.859 \mysubsection{H철here Ableitungen}
                                        
Try typing  <return>  to proceed.
If that doesn't work, type  X <return>  to quit.


! Package xcolor Error: Undefined color `chaptercolor'.

See the xcolor package documentation for explanation.
Type  H <return>  for immediate help.
 ...                                              
                                                  
l.865 ...hbb{N}$ diffrenzierbar ist.\end{itemize}}
                                                  
Try typing  <return>  to proceed.
If that doesn't work, type  X <return>  to quit.


! LaTeX Error: There's no line here to end.

See the LaTeX manual or LaTeX Companion for explanation.
Type  H <return>  for immediate help.
 ...                                              
                                                  
l.865 ...hbb{N}$ diffrenzierbar ist.\end{itemize}}
                                                  
Your command was ignored.
Type  I <command> <return>  to replace it with another command,
or  <return>  to continue without it.


! Package xcolor Error: Undefined color `chaptercolor'.

See the xcolor package documentation for explanation.
Type  H <return>  for immediate help.
 ...                                              
                                                  
l.871 ...right) f^{(k)} g^{(n-k)} $$\end{itemize}}
                                                  
Try typing  <return>  to proceed.
If that doesn't work, type  X <return>  to quit.


! LaTeX Error: There's no line here to end.

See the LaTeX manual or LaTeX Companion for explanation.
Type  H <return>  for immediate help.
 ...                                              
                                                  
l.871 ...right) f^{(k)} g^{(n-k)} $$\end{itemize}}
                                                  
Your command was ignored.
Type  I <command> <return>  to replace it with another command,
or  <return>  to continue without it.


! Package xcolor Error: Undefined color `chaptercolor'.

See the xcolor package documentation for explanation.
Type  H <return>  for immediate help.
 ...                                              
                                                  
l.873 ...$n$-mal differenzierbar falls $g \neq 0$}
                                                  
Try typing  <return>  to proceed.
If that doesn't work, type  X <return>  to quit.


! Package xcolor Error: Undefined color `chaptercolor'.

See the xcolor package documentation for explanation.
Type  H <return>  for immediate help.
 ...                                              
                                                  
l.879 ...ime}, f^{(2)}, \ldots, f^{(n+1-k)}$ ist.}
                                                  
Try typing  <return>  to proceed.
If that doesn't work, type  X <return>  to quit.


! Package xcolor Error: Undefined color `chaptercolor'.

See the xcolor package documentation for explanation.
Type  H <return>  for immediate help.
 ...                                              
                                                  
l.880 \mysubsection{Potenzreihen}
                                 
Try typing  <return>  to proceed.
If that doesn't work, type  X <return>  to quit.


! Package xcolor Error: Undefined color `chaptercolor'.

See the xcolor package documentation for explanation.
Type  H <return>  for immediate help.
 ...                                              
                                                  
l.881 ...etig differenzierbar und $f^{\prime}=p$.}
                                                  
Try typing  <return>  to proceed.
If that doesn't work, type  X <return>  to quit.

! Missing $ inserted.
<inserted text> 
                $
l.881 ...etig differenzierbar und $f^{\prime}=p$.}
                                                  
I've inserted a begin-math/end-math symbol since I think
you left one out. Proceed, with fingers crossed.

! Missing $ inserted.
<inserted text> 
                $
l.881 ...etig differenzierbar und $f^{\prime}=p$.}
                                                  
I've inserted a begin-math/end-math symbol since I think
you left one out. Proceed, with fingers crossed.

! Missing $ inserted.
<inserted text> 
                $
l.881 ...etig differenzierbar und $f^{\prime}=p$.}
                                                  
I've inserted a begin-math/end-math symbol since I think
you left one out. Proceed, with fingers crossed.


LaTeX Warning: Command \= invalid in math mode on input line 881.

! Please use \mathaccent for accents in math mode.
\add@accent ... \let \ignorespaces \relax \accent 
                                                  #1 #2\egroup \ifmmode \els...
l.881 ...etig differenzierbar und $f^{\prime}=p$.}
                                                  
I'm changing \accent to \mathaccent here; wish me luck.
(Accents are not the same in formulas as they are in text.)

! Missing $ inserted.
<inserted text> 
                $
l.881 ...etig differenzierbar und $f^{\prime}=p$.}
                                                  
I've inserted a begin-math/end-math symbol since I think
you left one out. Proceed, with fingers crossed.


! Package xcolor Error: Undefined color `chaptercolor'.

See the xcolor package documentation for explanation.
Type  H <return>  for immediate help.
 ...                                              
                                                  
l.886 f체r alle $x \in ]x_0-\rho, x_0 + \rho[$}
                                               
Try typing  <return>  to proceed.
If that doesn't work, type  X <return>  to quit.


! Package xcolor Error: Undefined color `chaptercolor'.

See the xcolor package documentation for explanation.
Type  H <return>  for immediate help.
 ...                                              
                                                  
l.890 ...j=\frac{f^{(j)}\left(x_0\right)}{j !} $$}
                                                  
Try typing  <return>  to proceed.
If that doesn't work, type  X <return>  to quit.


! Package xcolor Error: Undefined color `chaptercolor'.

See the xcolor package documentation for explanation.
Type  H <return>  for immediate help.
 ...                                              
                                                  
l.892 ...c{f^{(n+1)}(\xi)}{(n+1) !}(x-a)^{n+1} $$}
                                                  
Try typing  <return>  to proceed.
If that doesn't work, type  X <return>  to quit.


! Package xcolor Error: Undefined color `chaptercolor'.

See the xcolor package documentation for explanation.
Type  H <return>  for immediate help.
 ...                                              
                                                  
l.898 ...ikte lokale Maximalstelle. \end{itemize}}
                                                  
Try typing  <return>  to proceed.
If that doesn't work, type  X <return>  to quit.

[4]

! LaTeX Error: There's no line here to end.

See the LaTeX manual or LaTeX Companion for explanation.
Type  H <return>  for immediate help.
 ...                                              
                                                  
l.898 ...ikte lokale Maximalstelle. \end{itemize}}
                                                  
Your command was ignored.
Type  I <command> <return>  to replace it with another command,
or  <return>  to continue without it.


! Package xcolor Error: Undefined color `chaptercolor'.

See the xcolor package documentation for explanation.
Type  H <return>  for immediate help.
 ...                                              
                                                  
l.900 \mysubsection{Kochrezepte Differenzial}
                                             
Try typing  <return>  to proceed.
If that doesn't work, type  X <return>  to quit.

! Misplaced \noalign.
\hline ->\noalign 
                  {\ifnum 0=`}\fi \hrule \@height \arrayrulewidth \futurelet...
l.925 }
       
I expect to see \noalign only after the \cr of
an alignment. Proceed, and I'll ignore this case.


! Package xcolor Error: Undefined color `chaptercolor'.

See the xcolor package documentation for explanation.
Type  H <return>  for immediate help.
 ...                                              
                                                  
l.925 }
       
Try typing  <return>  to proceed.
If that doesn't work, type  X <return>  to quit.

<build/pictures/dg3.png, id=272, 605.26125pt x 226.8475pt>
File: build/pictures/dg3.png Graphic file (type png)
<use build/pictures/dg3.png>
Package pdftex.def Info: build/pictures/dg3.png  used on input line 925.
(pdftex.def)             Requested size: 181.57976pt x 68.05476pt.

Underfull \hbox (badness 10000) in paragraph at lines 925--925
\OT1/cmr/bx/n/7 Ist stetig je-doch nur ein-mal dif-feren-
 []


Underfull \hbox (badness 10000) in paragraph at lines 925--925
\OT1/cmr/bx/n/7 zier-bar. Sie sieht wie folgt aus:
 []


Underfull \hbox (badness 10000) in paragraph at lines 925--925

 []

! Misplaced \noalign.
\hline ->\noalign 
                  {\ifnum 0=`}\fi \hrule \@height \arrayrulewidth \futurelet...
l.925 }
       
I expect to see \noalign only after the \cr of
an alignment. Proceed, and I'll ignore this case.


! LaTeX Error: There's no line here to end.

See the LaTeX manual or LaTeX Companion for explanation.
Type  H <return>  for immediate help.
 ...                                              
                                                  
l.925 }
       
Your command was ignored.
Type  I <command> <return>  to replace it with another command,
or  <return>  to continue without it.

! Misplaced \noalign.
\hline ->\noalign 
                  {\ifnum 0=`}\fi \hrule \@height \arrayrulewidth \futurelet...
l.930 \end{enumerate}}
                      
I expect to see \noalign only after the \cr of
an alignment. Proceed, and I'll ignore this case.


! Package xcolor Error: Undefined color `chaptercolor'.

See the xcolor package documentation for explanation.
Type  H <return>  for immediate help.
 ...                                              
                                                  
l.930 \end{enumerate}}
                      
Try typing  <return>  to proceed.
If that doesn't work, type  X <return>  to quit.


Underfull \hbox (badness 10000) in paragraph at lines 930--930
[] \OT1/cmr/m/n/7 + [] + [] +
 []

! Misplaced \noalign.
\hline ->\noalign 
                  {\ifnum 0=`}\fi \hrule \@height \arrayrulewidth \futurelet...
l.930 \end{enumerate}}
                      
I expect to see \noalign only after the \cr of
an alignment. Proceed, and I'll ignore this case.


! LaTeX Error: There's no line here to end.

See the LaTeX manual or LaTeX Companion for explanation.
Type  H <return>  for immediate help.
 ...                                              
                                                  
l.930 \end{enumerate}}
                      
Your command was ignored.
Type  I <command> <return>  to replace it with another command,
or  <return>  to continue without it.

! Misplaced \noalign.
\hline ->\noalign 
                  {\ifnum 0=`}\fi \hrule \@height \arrayrulewidth \futurelet...
l.941 \end{enumerate}}
                      
I expect to see \noalign only after the \cr of
an alignment. Proceed, and I'll ignore this case.


! Package xcolor Error: Undefined color `chaptercolor'.

See the xcolor package documentation for explanation.
Type  H <return>  for immediate help.
 ...                                              
                                                  
l.941 \end{enumerate}}
                      
Try typing  <return>  to proceed.
If that doesn't work, type  X <return>  to quit.

! Misplaced \noalign.
\hline ->\noalign 
                  {\ifnum 0=`}\fi \hrule \@height \arrayrulewidth \futurelet...
l.941 \end{enumerate}}
                      
I expect to see \noalign only after the \cr of
an alignment. Proceed, and I'll ignore this case.


! LaTeX Error: There's no line here to end.

See the LaTeX manual or LaTeX Companion for explanation.
Type  H <return>  for immediate help.
 ...                                              
                                                  
l.941 \end{enumerate}}
                      
Your command was ignored.
Type  I <command> <return>  to replace it with another command,
or  <return>  to continue without it.


Package hyperref Warning: Token not allowed in a PDF string (Unicode):
(hyperref)                removing `\<let>-command' on input line 946.


Package hyperref Warning: Token not allowed in a PDF string (Unicode):
(hyperref)                removing `\\' on input line 946.


Package hyperref Warning: Token not allowed in a PDF string (Unicode):
(hyperref)                removing `\@centercr' on input line 946.


Package hyperref Warning: Token not allowed in a PDF string (Unicode):
(hyperref)                removing `\rightskip' on input line 946.


Package hyperref Warning: Token not allowed in a PDF string (Unicode):
(hyperref)                removing `\@flushglue' on input line 946.


Package hyperref Warning: Token not allowed in a PDF string (Unicode):
(hyperref)                removing `\leftskip' on input line 946.


Package hyperref Warning: Token not allowed in a PDF string (Unicode):
(hyperref)                removing `\@flushglue' on input line 946.


Package hyperref Warning: Token not allowed in a PDF string (Unicode):
(hyperref)                removing `\finalhyphendemerits' on input line 946.


Package hyperref Warning: Token not allowed in a PDF string (Unicode):
(hyperref)                removing `\z@' on input line 946.


Package hyperref Warning: Token not allowed in a PDF string (Unicode):
(hyperref)                removing `\parindent' on input line 946.


Package hyperref Warning: Token not allowed in a PDF string (Unicode):
(hyperref)                removing `\z@' on input line 946.


Package hyperref Warning: Token not allowed in a PDF string (Unicode):
(hyperref)                removing `\parfillskip' on input line 946.


Package hyperref Warning: Token not allowed in a PDF string (Unicode):
(hyperref)                removing `\z@skip' on input line 946.


! Package xcolor Error: Undefined color `chaptercolor'.

See the xcolor package documentation for explanation.
Type  H <return>  for immediate help.
 ...                                              
                                                  
l.947 ...setneq [a,b]$ wobei $\{a,b\} \subset P$.}
                                                  
Try typing  <return>  to proceed.
If that doesn't work, type  X <return>  to quit.


! Package xcolor Error: Undefined color `chaptercolor'.

See the xcolor package documentation for explanation.
Type  H <return>  for immediate help.
 ...                                              
                                                  
l.951 ... = \sup_{x_{i-1}\leq x \leq x_i} f(x) $$}
                                                  
Try typing  <return>  to proceed.
If that doesn't work, type  X <return>  to quit.


! Package xcolor Error: Undefined color `chaptercolor'.

See the xcolor package documentation for explanation.
Type  H <return>  for immediate help.
 ...                                              
                                                  
l.955 \end{itemize}}
                    
Try typing  <return>  to proceed.
If that doesn't work, type  X <return>  to quit.


! LaTeX Error: There's no line here to end.

See the LaTeX manual or LaTeX Companion for explanation.
Type  H <return>  for immediate help.
 ...                                              
                                                  
l.955 \end{itemize}}
                    
Your command was ignored.
Type  I <command> <return>  to replace it with another command,
or  <return>  to continue without it.


! Package xcolor Error: Undefined color `chaptercolor'.

See the xcolor package documentation for explanation.
Type  H <return>  for immediate help.
 ...                                              
                                                  
l.959 ...n $s(f) = \int_a^b f(x)dx$\end{itemize} }
                                                  
Try typing  <return>  to proceed.
If that doesn't work, type  X <return>  to quit.


! LaTeX Error: There's no line here to end.

See the LaTeX manual or LaTeX Companion for explanation.
Type  H <return>  for immediate help.
 ...                                              
                                                  
l.959 ...n $s(f) = \int_a^b f(x)dx$\end{itemize} }
                                                  
Your command was ignored.
Type  I <command> <return>  to replace it with another command,
or  <return>  to continue without it.


! Package xcolor Error: Undefined color `chaptercolor'.

See the xcolor package documentation for explanation.
Type  H <return>  for immediate help.
 ...                                              
                                                  
l.961 ... aller Partitionen mit Feinheit $\delta$}
                                                  
Try typing  <return>  to proceed.
If that doesn't work, type  X <return>  to quit.


! Package xcolor Error: Undefined color `chaptercolor'.

See the xcolor package documentation for explanation.
Type  H <return>  for immediate help.
 ...                                              
                                                  
l.962 ...quad \forall x \in[a, b])$ integrierbar.}
                                                  
Try typing  <return>  to proceed.
If that doesn't work, type  X <return>  to quit.


! Package xcolor Error: Undefined color `chaptercolor'.

See the xcolor package documentation for explanation.
Type  H <return>  for immediate help.
 ...                                              
                                                  
l.966 $$}
         
Try typing  <return>  to proceed.
If that doesn't work, type  X <return>  to quit.


! Package xcolor Error: Undefined color `chaptercolor'.

See the xcolor package documentation for explanation.
Type  H <return>  for immediate help.
 ...                                              
                                                  
l.967 ...ist $f$ in $[a,b]$ gleichm채ssig stetig.}
                                                  
Try typing  <return>  to proceed.
If that doesn't work, type  X <return>  to quit.


! Package xcolor Error: Undefined color `chaptercolor'.

See the xcolor package documentation for explanation.
Type  H <return>  for immediate help.
 ...                                              
                                                  
l.968 ...f{R}$ stetig. Dann ist $f$ integrierbar.}
                                                  
Try typing  <return>  to proceed.
If that doesn't work, type  X <return>  to quit.


! Package xcolor Error: Undefined color `chaptercolor'.

See the xcolor package documentation for explanation.
Type  H <return>  for immediate help.
 ...                                              
                                                  
l.969 ...{R}$ monoton. Dann ist $f$ integrierbar.}
                                                  
Try typing  <return>  to proceed.
If that doesn't work, type  X <return>  to quit.


! Package xcolor Error: Undefined color `chaptercolor'.

See the xcolor package documentation for explanation.
Type  H <return>  for immediate help.
 ...                                              
                                                  
l.972 ...f(x) dx + \beta \int_{a}^{b} g(x) dx  $$}
                                                  
Try typing  <return>  to proceed.
If that doesn't work, type  X <return>  to quit.


! Package xcolor Error: Undefined color `chaptercolor'.

See the xcolor package documentation for explanation.
Type  H <return>  for immediate help.
 ...                                              
                                                  
l.975 ...}^{b} f(x)dx \leq \int_{a}^{b} g(x)dx $$}
                                                  
Try typing  <return>  to proceed.
If that doesn't work, type  X <return>  to quit.


! Package xcolor Error: Undefined color `chaptercolor'.

See the xcolor package documentation for explanation.
Type  H <return>  for immediate help.
 ...                                              
                                                  
l.977 ...dx \right| \leq \int_{a}^{b} |f(x)|dx $$}
                                                  
Try typing  <return>  to proceed.
If that doesn't work, type  X <return>  to quit.


! Package xcolor Error: Undefined color `chaptercolor'.

See the xcolor package documentation for explanation.
Type  H <return>  for immediate help.
 ...                                              
                                                  
l.979 ...} f^2(x) } \sqrt{\int_{a}^{b} g^2(x)} $$}
                                                  
Try typing  <return>  to proceed.
If that doesn't work, type  X <return>  to quit.


! Package xcolor Error: Undefined color `chaptercolor'.

See the xcolor package documentation for explanation.
Type  H <return>  for immediate help.
 ...                                              
                                                  
l.984 ... \quad \forall x \in [a,b]$\end{itemize}}
                                                  
Try typing  <return>  to proceed.
If that doesn't work, type  X <return>  to quit.


! LaTeX Error: There's no line here to end.

See the LaTeX manual or LaTeX Companion for explanation.
Type  H <return>  for immediate help.
 ...                                              
                                                  
l.984 ... \quad \forall x \in [a,b]$\end{itemize}}
                                                  
Your command was ignored.
Type  I <command> <return>  to replace it with another command,
or  <return>  to continue without it.


! Package xcolor Error: Undefined color `chaptercolor'.

See the xcolor package documentation for explanation.
Type  H <return>  for immediate help.
 ...                                              
                                                  
l.985 ...ist und $F^{\prime}=f$ in $[a, b]$ gilt.}
                                                  
Try typing  <return>  to proceed.
If that doesn't work, type  X <return>  to quit.


! Package xcolor Error: Undefined color `chaptercolor'.

See the xcolor package documentation for explanation.
Type  H <return>  for immediate help.
 ...                                              
                                                  
l.989 $$}
         
Try typing  <return>  to proceed.
If that doesn't work, type  X <return>  to quit.


! Package xcolor Error: Undefined color `chaptercolor'.

See the xcolor package documentation for explanation.
Type  H <return>  for immediate help.
 ...                                              
                                                  
l.993 $$}
         
Try typing  <return>  to proceed.
If that doesn't work, type  X <return>  to quit.


Overfull \hbox (3.57082pt too wide) detected at line 993
[][] \OML/cmm/m/it/7 f[]\OT1/cmr/m/n/7 (\OML/cmm/m/it/7 x\OT1/cmr/m/n/7 )\OML/c
mm/m/it/7 g\OT1/cmr/m/n/7 (\OML/cmm/m/it/7 x\OT1/cmr/m/n/7 )\OML/cmm/m/it/7 dx 
\OT1/cmr/m/n/7 = \OML/cmm/m/it/7 f\OT1/cmr/m/n/7 (\OML/cmm/m/it/7 b\OT1/cmr/m/n
/7 )\OML/cmm/m/it/7 g\OT1/cmr/m/n/7 (\OML/cmm/m/it/7 b\OT1/cmr/m/n/7 ) \OMS/cms
y/m/n/7 ^^@ \OML/cmm/m/it/7 f\OT1/cmr/m/n/7 (\OML/cmm/m/it/7 a\OT1/cmr/m/n/7 )\
OML/cmm/m/it/7 g\OT1/cmr/m/n/7 (\OML/cmm/m/it/7 a\OT1/cmr/m/n/7 ) \OMS/cmsy/m/n
/7 ^^@ [][] \OML/cmm/m/it/7 f\OT1/cmr/m/n/7 (\OML/cmm/m/it/7 x\OT1/cmr/m/n/7 )\
OML/cmm/m/it/7 g[]\OT1/cmr/m/n/7 (\OML/cmm/m/it/7 x\OT1/cmr/m/n/7 )\OML/cmm/m/i
t/7 dx
 []


! Package xcolor Error: Undefined color `chaptercolor'.

See the xcolor package documentation for explanation.
Type  H <return>  for immediate help.
 ...                                              
                                                  
l.996 ...)g'(y)dy = \int_{g(b)}^{g(a)} f(x)dx  $$}
                                                  
Try typing  <return>  to proceed.
If that doesn't work, type  X <return>  to quit.


! Package xcolor Error: Undefined color `chaptercolor'.

See the xcolor package documentation for explanation.
Type  H <return>  for immediate help.
 ...                                              
                                                  
l.999 ...m_{n \to \infty} \int_{a}^{b} f_n(x)  $$}
                                                  
Try typing  <return>  to proceed.
If that doesn't work, type  X <return>  to quit.


! Package xcolor Error: Undefined color `chaptercolor'.

See the xcolor package documentation for explanation.
Type  H <return>  for immediate help.
 ...                                              
                                                  
l.1001 ...=0}^{\infty} \int_{a}^{b} f_n(x) dx $$ }
                                                  
Try typing  <return>  to proceed.
If that doesn't work, type  X <return>  to quit.


! Package xcolor Error: Undefined color `chaptercolor'.

See the xcolor package documentation for explanation.
Type  H <return>  for immediate help.
 ...                                              
                                                  
l.1009 $$}
          
Try typing  <return>  to proceed.
If that doesn't work, type  X <return>  to quit.


! Package xcolor Error: Undefined color `chaptercolor'.

See the xcolor package documentation for explanation.
Type  H <return>  for immediate help.
 ...                                              
                                                  
l.1015 als uneigentliches Integral.}
                                    
Try typing  <return>  to proceed.
If that doesn't work, type  X <return>  to quit.


! Package xcolor Error: Undefined color `chaptercolor'.

See the xcolor package documentation for explanation.
Type  H <return>  for immediate help.
 ...                                              
                                                  
l.1020 \end{itemize}}
                     
Try typing  <return>  to proceed.
If that doesn't work, type  X <return>  to quit.


! LaTeX Error: There's no line here to end.

See the LaTeX manual or LaTeX Companion for explanation.
Type  H <return>  for immediate help.
 ...                                              
                                                  
l.1020 \end{itemize}}
                     
Your command was ignored.
Type  I <command> <return>  to replace it with another command,
or  <return>  to continue without it.


! Package xcolor Error: Undefined color `chaptercolor'.

See the xcolor package documentation for explanation.
Type  H <return>  for immediate help.
 ...                                              
                                                  
l.1022 ...$\int_{1}^{\infty} f(x) dx$ konvergiert}
                                                  
Try typing  <return>  to proceed.
If that doesn't work, type  X <return>  to quit.


! Package xcolor Error: Undefined color `chaptercolor'.

See the xcolor package documentation for explanation.
Type  H <return>  for immediate help.
 ...                                              
                                                  
l.1024 \mysubsection{Kochrezepte Integral}
                                          
Try typing  <return>  to proceed.
If that doesn't work, type  X <return>  to quit.


! Package xcolor Error: Undefined color `chaptercolor'.

See the xcolor package documentation for explanation.
Type  H <return>  for immediate help.
 ...                                              
                                                  
l.1040 ...x)} f(z)dz - \int_{0}^{p(x)} f(z)dz  $$}
                                                  
Try typing  <return>  to proceed.
If that doesn't work, type  X <return>  to quit.

[5 <./build/pictures/dg3.png>]
! Misplaced \noalign.
\hline ->\noalign 
                  {\ifnum 0=`}\fi \hrule \@height \arrayrulewidth \futurelet...
l.1069 }
        
I expect to see \noalign only after the \cr of
an alignment. Proceed, and I'll ignore this case.


! Package xcolor Error: Undefined color `chaptercolor'.

See the xcolor package documentation for explanation.
Type  H <return>  for immediate help.
 ...                                              
                                                  
l.1069 }
        
Try typing  <return>  to proceed.
If that doesn't work, type  X <return>  to quit.

! Misplaced \noalign.
\hline ->\noalign 
                  {\ifnum 0=`}\fi \hrule \@height \arrayrulewidth \futurelet...
l.1069 }
        
I expect to see \noalign only after the \cr of
an alignment. Proceed, and I'll ignore this case.


! LaTeX Error: There's no line here to end.

See the LaTeX manual or LaTeX Companion for explanation.
Type  H <return>  for immediate help.
 ...                                              
                                                  
l.1069 }
        
Your command was ignored.
Type  I <command> <return>  to replace it with another command,
or  <return>  to continue without it.

! Misplaced \noalign.
\hline ->\noalign 
                  {\ifnum 0=`}\fi \hrule \@height \arrayrulewidth \futurelet...
l.1102 }
        
I expect to see \noalign only after the \cr of
an alignment. Proceed, and I'll ignore this case.


! Package xcolor Error: Undefined color `chaptercolor'.

See the xcolor package documentation for explanation.
Type  H <return>  for immediate help.
 ...                                              
                                                  
l.1102 }
        
Try typing  <return>  to proceed.
If that doesn't work, type  X <return>  to quit.


Underfull \hbox (badness 5985) in paragraph at lines 1102--1102
\OT1/cmr/bx/n/7 die di-ag-o-nalen pro-dukte (von
 []

! Misplaced \noalign.
\hline ->\noalign 
                  {\ifnum 0=`}\fi \hrule \@height \arrayrulewidth \futurelet...
l.1102 }
        
I expect to see \noalign only after the \cr of
an alignment. Proceed, and I'll ignore this case.


! LaTeX Error: There's no line here to end.

See the LaTeX manual or LaTeX Companion for explanation.
Type  H <return>  for immediate help.
 ...                                              
                                                  
l.1102 }
        
Your command was ignored.
Type  I <command> <return>  to replace it with another command,
or  <return>  to continue without it.

! Misplaced \noalign.
\hline ->\noalign 
                  {\ifnum 0=`}\fi \hrule \@height \arrayrulewidth \futurelet...
l.1132 \end{align*}}
                    
I expect to see \noalign only after the \cr of
an alignment. Proceed, and I'll ignore this case.


! Package xcolor Error: Undefined color `chaptercolor'.

See the xcolor package documentation for explanation.
Type  H <return>  for immediate help.
 ...                                              
                                                  
l.1132 \end{align*}}
                    
Try typing  <return>  to proceed.
If that doesn't work, type  X <return>  to quit.


Overfull \hbox (6.3324pt too wide) detected at line 1132
[] \OT1/cmr/m/n/7 = [] [] [] + [] [] []
 []


! Package enumitem Error: (i) undefined.

See the enumitem package documentation for explanation.
Type  H <return>  for immediate help.
 ...                                              
                                                  
l.1132 \end{align*}}
                    
Try typing  <return>  to proceed.
If that doesn't work, type  X <return>  to quit.


Overfull \hbox (16.62999pt too wide) detected at line 1132
[]
 []


Overfull \hbox (12.43944pt too wide) detected at line 1132
[]
 []

! Misplaced \noalign.
\hline ->\noalign 
                  {\ifnum 0=`}\fi \hrule \@height \arrayrulewidth \futurelet...
l.1132 \end{align*}}
                    
I expect to see \noalign only after the \cr of
an alignment. Proceed, and I'll ignore this case.


Overfull \hbox (10.22284pt too wide) in paragraph at lines 1132--1132
$[]$ 
 []


! LaTeX Error: There's no line here to end.

See the LaTeX manual or LaTeX Companion for explanation.
Type  H <return>  for immediate help.
 ...                                              
                                                  
l.1132 \end{align*}}
                    
Your command was ignored.
Type  I <command> <return>  to replace it with another command,
or  <return>  to continue without it.

! Misplaced \noalign.
\hline ->\noalign 
                  {\ifnum 0=`}\fi \hrule \@height \arrayrulewidth \futurelet...
l.1150 }
        
I expect to see \noalign only after the \cr of
an alignment. Proceed, and I'll ignore this case.


! Package xcolor Error: Undefined color `chaptercolor'.

See the xcolor package documentation for explanation.
Type  H <return>  for immediate help.
 ...                                              
                                                  
l.1150 }
        
Try typing  <return>  to proceed.
If that doesn't work, type  X <return>  to quit.


Overfull \hbox (2.0527pt too wide) detected at line 1150
[] [] \OT1/cmr/m/n/7 + [] [] = [] \OML/cmm/m/it/7 q \OT1/cmr/m/n/7 + \OML/cmm/m
/it/7 r [] []
 []

! Misplaced \noalign.
\hline ->\noalign 
                  {\ifnum 0=`}\fi \hrule \@height \arrayrulewidth \futurelet...
l.1150 }
        
I expect to see \noalign only after the \cr of
an alignment. Proceed, and I'll ignore this case.


! LaTeX Error: There's no line here to end.

See the LaTeX manual or LaTeX Companion for explanation.
Type  H <return>  for immediate help.
 ...                                              
                                                  
l.1150 }
        
Your command was ignored.
Type  I <command> <return>  to replace it with another command,
or  <return>  to continue without it.

! Misplaced \noalign.
\hline ->\noalign 
                  {\ifnum 0=`}\fi \hrule \@height \arrayrulewidth \futurelet...
l.1155 \vspace{1mm} \hline
                           \vspace{3 mm}
I expect to see \noalign only after the \cr of
an alignment. Proceed, and I'll ignore this case.

[6]
Underfull \hbox (badness 10000) in paragraph at lines 1247--1247
[]\OT1/cmr/bx/n/10 Werte|
 []

! Undefined control sequence.
l.1249   deg& $0 \degree
                         $ & $30 \degree $ & $45 \degree $ & $60 \degree $ &...
The control sequence at the end of the top line
of your error message was never \def'ed. If you have
misspelled it (e.g., `\hobx'), type `I' and the correct
spelling (e.g., `I\hbox'). Otherwise just continue,
and I'll forget about whatever was undefined.

! Undefined control sequence.
l.1249   deg& $0 \degree $ & $30 \degree
                                         $ & $45 \degree $ & $60 \degree $ &...
The control sequence at the end of the top line
of your error message was never \def'ed. If you have
misspelled it (e.g., `\hobx'), type `I' and the correct
spelling (e.g., `I\hbox'). Otherwise just continue,
and I'll forget about whatever was undefined.

! Undefined control sequence.
l.1249 ... \degree $ & $30 \degree $ & $45 \degree
                                                   $ & $60 \degree $ & $90 \...
The control sequence at the end of the top line
of your error message was never \def'ed. If you have
misspelled it (e.g., `\hobx'), type `I' and the correct
spelling (e.g., `I\hbox'). Otherwise just continue,
and I'll forget about whatever was undefined.

! Undefined control sequence.
l.1249 ... \degree $ & $45 \degree $ & $60 \degree
                                                   $ & $90 \degree $ & $180 ...
The control sequence at the end of the top line
of your error message was never \def'ed. If you have
misspelled it (e.g., `\hobx'), type `I' and the correct
spelling (e.g., `I\hbox'). Otherwise just continue,
and I'll forget about whatever was undefined.

! Undefined control sequence.
l.1249 ... \degree $ & $60 \degree $ & $90 \degree
                                                   $ & $180 \degree $ \\
The control sequence at the end of the top line
of your error message was never \def'ed. If you have
misspelled it (e.g., `\hobx'), type `I' and the correct
spelling (e.g., `I\hbox'). Otherwise just continue,
and I'll forget about whatever was undefined.

! Undefined control sequence.
l.1249 ...\degree $ & $90 \degree $ & $180 \degree
                                                   $ \\
The control sequence at the end of the top line
of your error message was never \def'ed. If you have
misspelled it (e.g., `\hobx'), type `I' and the correct
spelling (e.g., `I\hbox'). Otherwise just continue,
and I'll forget about whatever was undefined.

<build/pictures/dg1.png, id=318, 377.91188pt x 846.16125pt>
File: build/pictures/dg1.png Graphic file (type png)
<use build/pictures/dg1.png>
Package pdftex.def Info: build/pictures/dg1.png  used on input line 1269.
(pdftex.def)             Requested size: 151.16206pt x 338.45851pt.
! Misplaced \noalign.
\hline ->\noalign 
                  {\ifnum 0=`}\fi \hrule \@height \arrayrulewidth \futurelet...
l.1271 \vspace{1mm} \hline
                           \vspace{1 mm}
I expect to see \noalign only after the \cr of
an alignment. Proceed, and I'll ignore this case.


Underfull \hbox (badness 6252) in paragraph at lines 1291--1291
[]|$[][] [][] \OT1/cmr/m/n/7 =
 []


Overfull \hbox (5.49988pt too wide) in paragraph at lines 1291--1291
[]|$[][] [] \OMS/cmsy/m/n/7 ^^@
 []


Underfull \hbox (badness 10000) in paragraph at lines 1316--1316
[]|$[][] \OML/cmm/m/it/7 i[] \OT1/cmr/m/n/7 =
 []


Overfull \hbox (6.34pt too wide) in paragraph at lines 1350--1350
 []|[]| 
 []

[7 <./build/pictures/dg1.png>]
! Misplaced \noalign.
\hline ->\noalign 
                  {\ifnum 0=`}\fi \hrule \@height \arrayrulewidth \futurelet...
l.1378 \vspace{1mm} \hline
                           \vspace{3 mm}
I expect to see \noalign only after the \cr of
an alignment. Proceed, and I'll ignore this case.

! Misplaced \noalign.
\hline ->\noalign 
                  {\ifnum 0=`}\fi \hrule \@height \arrayrulewidth \futurelet...
l.1398 \vspace{1mm} \hline
                           \vspace{1mm}
I expect to see \noalign only after the \cr of
an alignment. Proceed, and I'll ignore this case.


Package hyperref Warning: Token not allowed in a PDF string (Unicode):
(hyperref)                removing `\colorbox' on input line 1444.

! Misplaced \noalign.
\hline ->\noalign 
                  {\ifnum 0=`}\fi \hrule \@height \arrayrulewidth \futurelet...
l.1450 \vspace{1mm} \hline
                           \vspace{3mm}
I expect to see \noalign only after the \cr of
an alignment. Proceed, and I'll ignore this case.

! Misplaced \noalign.
\hline ->\noalign 
                  {\ifnum 0=`}\fi \hrule \@height \arrayrulewidth \futurelet...
l.1463 \vspace{1mm} \hline
                           \vspace{1mm}
I expect to see \noalign only after the \cr of
an alignment. Proceed, and I'll ignore this case.

! Misplaced \noalign.
\hline ->\noalign 
                  {\ifnum 0=`}\fi \hrule \@height \arrayrulewidth \futurelet...
l.1479 \vspace{1mm} \hline
                           \vspace{1mm}
I expect to see \noalign only after the \cr of
an alignment. Proceed, and I'll ignore this case.

[8]
Overfull \hbox (4.11754pt too wide) detected at line 1506
[][] []\OT1/cmr/m/n/5 (\OML/cmm/m/it/5 u\OT1/cmr/m/n/5 ) []([](\OML/cmm/m/it/5 
u\OT1/cmr/m/n/5 )) [](\OML/cmm/m/it/5 u\OT1/cmr/m/n/5 ) = [][] [](\OML/cmm/m/it
/5 u\OT1/cmr/m/n/5 ) \OMS/cmsy/m/n/5 ^^A \OML/cmm/m/it/5 u \OMS/cmsy/m/n/5 ^^A 
[]\OT1/cmr/m/n/5 (\OML/cmm/m/it/5 u\OT1/cmr/m/n/5 )\OML/cmm/m/it/5 du
 []

! Misplaced \noalign.
\hline ->\noalign 
                  {\ifnum 0=`}\fi \hrule \@height \arrayrulewidth \futurelet...
l.1512 \vspace{1mm} \hline
                           \vspace{1mm}
I expect to see \noalign only after the \cr of
an alignment. Proceed, and I'll ignore this case.


Overfull \hbox (7.35791pt too wide) detected at line 1547
\OML/cmm/m/it/5 I \OT1/cmr/m/n/5 = [](\OML/cmm/m/it/5 x\OT1/cmr/m/n/5 ) \OMS/cm
sy/m/n/5 ^^A []\OML/cmm/m/it/5 x[] \OMS/cmsy/m/n/5 ^^@ [] [][]\OML/cmm/m/it/5 x
[]dx \OT1/cmr/m/n/5 = [] = [] \OMS/cmsy/m/n/5 ^^@ []\OML/cmm/m/it/5 x[] \OT1/cm
r/m/n/5 + \OML/cmm/m/it/5 C
 []

! Misplaced \noalign.
\hline ->\noalign 
                  {\ifnum 0=`}\fi \hrule \@height \arrayrulewidth \futurelet...
l.1571 \vspace{1mm} \hline
                           \vspace{1mm}
I expect to see \noalign only after the \cr of
an alignment. Proceed, and I'll ignore this case.


! LaTeX Error: There's no line here to end.

See the LaTeX manual or LaTeX Companion for explanation.
Type  H <return>  for immediate help.
 ...                                              
                                                  
l.1572 \subparagraph{Limits }\\
                               
Your command was ignored.
Type  I <command> <return>  to replace it with another command,
or  <return>  to continue without it.


Overfull \hbox (15.88129pt too wide) detected at line 1585
[][]
 []

! Misplaced \noalign.
\hline ->\noalign 
                  {\ifnum 0=`}\fi \hrule \@height \arrayrulewidth \futurelet...
l.1588 \vspace{1mm} \hline
                           \vspace{3mm}
I expect to see \noalign only after the \cr of
an alignment. Proceed, and I'll ignore this case.

! Misplaced \noalign.
\hline ->\noalign 
                  {\ifnum 0=`}\fi \hrule \@height \arrayrulewidth \futurelet...
l.1596 \vspace{1mm} \hline
                           \vspace{1mm}
I expect to see \noalign only after the \cr of
an alignment. Proceed, and I'll ignore this case.

! Misplaced \noalign.
\hline ->\noalign 
                  {\ifnum 0=`}\fi \hrule \@height \arrayrulewidth \futurelet...
l.1605 \vspace{1mm} \hline
                           \vspace{1mm}
I expect to see \noalign only after the \cr of
an alignment. Proceed, and I'll ignore this case.

! Misplaced \noalign.
\hline ->\noalign 
                  {\ifnum 0=`}\fi \hrule \@height \arrayrulewidth \futurelet...
l.1617 \vspace{1mm} \hline
                           \vspace{1mm}
I expect to see \noalign only after the \cr of
an alignment. Proceed, and I'll ignore this case.

! Undefined control sequence.
l.1618 Sei $f: \mathbb{R} \to \mathb
                                    {R}$ stetig. Dann gilt:
The control sequence at the end of the top line
of your error message was never \def'ed. If you have
misspelled it (e.g., `\hobx'), type `I' and the correct
spelling (e.g., `I\hbox'). Otherwise just continue,
and I'll forget about whatever was undefined.

! Misplaced \noalign.
\hline ->\noalign 
                  {\ifnum 0=`}\fi \hrule \@height \arrayrulewidth \futurelet...
l.1628 \vspace{1mm} \hline
                           \vspace{1mm}
I expect to see \noalign only after the \cr of
an alignment. Proceed, and I'll ignore this case.

! Misplaced \noalign.
\hline ->\noalign 
                  {\ifnum 0=`}\fi \hrule \@height \arrayrulewidth \futurelet...
l.1642 \vspace{1mm} \hline
                           \vspace{1mm}
I expect to see \noalign only after the \cr of
an alignment. Proceed, and I'll ignore this case.


! LaTeX Error: \begin{flushleft} on input line 106 ended by \end{multicols}.

See the LaTeX manual or LaTeX Companion for explanation.
Type  H <return>  for immediate help.
 ...                                              
                                                  
l.1669    \end{multicols}
                         
Your command was ignored.
Type  I <command> <return>  to replace it with another command,
or  <return>  to continue without it.


! LaTeX Error: Lonely \item--perhaps a missing list environment.

See the LaTeX manual or LaTeX Companion for explanation.
Type  H <return>  for immediate help.
 ...                                              
                                                  
l.1671 \item[\textcolor{red}{W}]
                                
Try typing  <return>  to proceed.
If that doesn't work, type  X <return>  to quit.


Underfull \hbox (badness 10000) detected at line 1671
[][]
 []


! LaTeX Error: Lonely \item--perhaps a missing list environment.

See the LaTeX manual or LaTeX Companion for explanation.
Type  H <return>  for immediate help.
 ...                                              
                                                  
l.1672 \item[\textcolor{green}{C}]
                                  
Try typing  <return>  to proceed.
If that doesn't work, type  X <return>  to quit.


Underfull \hbox (badness 10000) detected at line 1672
[][]
 []

[9]

! LaTeX Error: \begin{multicols} on input line 99 ended by \end{document}.

See the LaTeX manual or LaTeX Companion for explanation.
Type  H <return>  for immediate help.
 ...                                              
                                                  
l.1682 \end{document}
                     
Your command was ignored.
Type  I <command> <return>  to replace it with another command,
or  <return>  to continue without it.


(C:\Users\41783\Documents\TexMaker\BsC, FS23 - Cheatsheet Anal\build\BsC, FS23 
- CheatSheet Anal.aux)
Package rerunfilecheck Info: File `"BsC, FS23 - CheatSheet Anal".out' has not c
hanged.
(rerunfilecheck)             Checksum: E60731F140C431852DFEC28C7F577F1A;7400.
 )
(\end occurred inside a group at level 1)

### semi simple group (level 1) entered at line 99 (\begingroup)
### bottom level 
Here is how much of TeX's memory you used:
 22116 strings out of 475385
 412245 string characters out of 2776906
 837134 words of memory out of 3000000
 42970 multiletter control sequences out of 15000+600000
 473442 words of font info for 44 fonts, out of 8000000 for 9000
 1141 hyphenation exceptions out of 8191
 84i,15n,80p,595b,1525s stack positions out of 10000i,1000n,20000p,200000b,80000s
 <C:\Users\41783\AppData\Local\MiKTeX\fonts/pk/ljfour/jknappen/
ec/dpi600\tcrm0500.pk> <C:\Users\41783\AppData\Local\MiKTeX\fonts/pk/ljfour/jkn
appen/ec/dpi600\tcbx0700.pk> <C:\Users\41783\AppData\Local\MiKTeX\fonts/pk/ljfo
ur/jknappen/ec/dpi600\tcrm0700.pk><C:/Users/41783/AppData/Local/Programs/MiKTeX
/fonts/type1/public/amsfonts/cm/cmbx10.pfb><C:/Users/41783/AppData/Local/Progra
ms/MiKTeX/fonts/type1/public/amsfonts/cm/cmbx12.pfb><C:/Users/41783/AppData/Loc
al/Programs/MiKTeX/fonts/type1/public/amsfonts/cm/cmbx5.pfb><C:/Users/41783/App
Data/Local/Programs/MiKTeX/fonts/type1/public/amsfonts/cm/cmbx7.pfb><C:/Users/4
1783/AppData/Local/Programs/MiKTeX/fonts/type1/public/amsfonts/cmextra/cmex7.pf
b><C:/Users/41783/AppData/Local/Programs/MiKTeX/fonts/type1/public/amsfonts/cm/
cmmi5.pfb><C:/Users/41783/AppData/Local/Programs/MiKTeX/fonts/type1/public/amsf
onts/cm/cmmi7.pfb><C:/Users/41783/AppData/Local/Programs/MiKTeX/fonts/type1/pub
lic/amsfonts/cm/cmr12.pfb><C:/Users/41783/AppData/Local/Programs/MiKTeX/fonts/t
ype1/public/amsfonts/cm/cmr5.pfb><C:/Users/41783/AppData/Local/Programs/MiKTeX/
fonts/type1/public/amsfonts/cm/cmr7.pfb><C:/Users/41783/AppData/Local/Programs/
MiKTeX/fonts/type1/public/amsfonts/cm/cmsy5.pfb><C:/Users/41783/AppData/Local/P
rograms/MiKTeX/fonts/type1/public/amsfonts/cm/cmsy7.pfb><C:/Users/41783/AppData
/Local/Programs/MiKTeX/fonts/type1/public/amsfonts/symbols/msam7.pfb><C:/Users/
41783/AppData/Local/Programs/MiKTeX/fonts/type1/public/amsfonts/symbols/msbm5.p
fb><C:/Users/41783/AppData/Local/Programs/MiKTeX/fonts/type1/public/amsfonts/sy
mbols/msbm7.pfb>
Output written on "C:\Users\41783\Documents\TexMaker\BsC, FS23 - Cheatsheet Ana
l\build\BsC, FS23 - CheatSheet Anal.pdf" (9 pages, 446420 bytes).
PDF statistics:
 461 PDF objects out of 1000 (max. 8388607)
 143 named destinations out of 1000 (max. 500000)
 439 words of extra memory for PDF output out of 10000 (max. 10000000)

