This is pdfTeX, Version 3.141592653-2.6-1.40.24 (MiKTeX 22.10) (preloaded format=pdflatex 2022.11.28)  29 JAN 2025 10:39
entering extended mode
 restricted \write18 enabled.
 %&-line parsing enabled.
**"./BsC, HS24 - Cheatsheet Anal II.tex"
(BsC, HS24 - Cheatsheet Anal II.tex
LaTeX2e <2022-06-01> patch level 5
L3 programming layer <2022-09-28>
(C:\Users\41783\AppData\Local\Programs\MiKTeX\tex/latex/base\article.cls
Document Class: article 2021/10/04 v1.4n Standard LaTeX document class
(C:\Users\41783\AppData\Local\Programs\MiKTeX\tex/latex/base\size10.clo
File: size10.clo 2021/10/04 v1.4n Standard LaTeX file (size option)
)
\c@part=\count185
\c@section=\count186
\c@subsection=\count187
\c@subsubsection=\count188
\c@paragraph=\count189
\c@subparagraph=\count190
\c@figure=\count191
\c@table=\count192
\abovecaptionskip=\skip47
\belowcaptionskip=\skip48
\bibindent=\dimen138
)
(C:\Users\41783\AppData\Local\Programs\MiKTeX\tex/latex/amsfonts\amssymb.sty
Package: amssymb 2013/01/14 v3.01 AMS font symbols

(C:\Users\41783\AppData\Local\Programs\MiKTeX\tex/latex/amsfonts\amsfonts.sty
Package: amsfonts 2013/01/14 v3.01 Basic AMSFonts support
\@emptytoks=\toks16
\symAMSa=\mathgroup4
\symAMSb=\mathgroup5
LaTeX Font Info:    Redeclaring math symbol \hbar on input line 98.
LaTeX Font Info:    Overwriting math alphabet `\mathfrak' in version `bold'
(Font)                  U/euf/m/n --> U/euf/b/n on input line 106.
)) (C:\Users\41783\AppData\Local\Programs\MiKTeX\tex/latex/amsmath\amsmath.sty
Package: amsmath 2022/04/08 v2.17n AMS math features
\@mathmargin=\skip49

For additional information on amsmath, use the `?' option.
(C:\Users\41783\AppData\Local\Programs\MiKTeX\tex/latex/amsmath\amstext.sty
Package: amstext 2021/08/26 v2.01 AMS text

(C:\Users\41783\AppData\Local\Programs\MiKTeX\tex/latex/amsmath\amsgen.sty
File: amsgen.sty 1999/11/30 v2.0 generic functions
\@emptytoks=\toks17
\ex@=\dimen139
))
(C:\Users\41783\AppData\Local\Programs\MiKTeX\tex/latex/amsmath\amsbsy.sty
Package: amsbsy 1999/11/29 v1.2d Bold Symbols
\pmbraise@=\dimen140
)
(C:\Users\41783\AppData\Local\Programs\MiKTeX\tex/latex/amsmath\amsopn.sty
Package: amsopn 2022/04/08 v2.04 operator names
)
\inf@bad=\count193
LaTeX Info: Redefining \frac on input line 234.
\uproot@=\count194
\leftroot@=\count195
LaTeX Info: Redefining \overline on input line 399.
LaTeX Info: Redefining \colon on input line 410.
\classnum@=\count196
\DOTSCASE@=\count197
LaTeX Info: Redefining \ldots on input line 496.
LaTeX Info: Redefining \dots on input line 499.
LaTeX Info: Redefining \cdots on input line 620.
\Mathstrutbox@=\box51
\strutbox@=\box52
LaTeX Info: Redefining \big on input line 722.
LaTeX Info: Redefining \Big on input line 723.
LaTeX Info: Redefining \bigg on input line 724.
LaTeX Info: Redefining \Bigg on input line 725.
\big@size=\dimen141
LaTeX Font Info:    Redeclaring font encoding OML on input line 743.
LaTeX Font Info:    Redeclaring font encoding OMS on input line 744.
\macc@depth=\count198
LaTeX Info: Redefining \bmod on input line 905.
LaTeX Info: Redefining \pmod on input line 910.
LaTeX Info: Redefining \smash on input line 940.
LaTeX Info: Redefining \relbar on input line 970.
LaTeX Info: Redefining \Relbar on input line 971.
\c@MaxMatrixCols=\count199
\dotsspace@=\muskip16
\c@parentequation=\count266
\dspbrk@lvl=\count267
\tag@help=\toks18
\row@=\count268
\column@=\count269
\maxfields@=\count270
\andhelp@=\toks19
\eqnshift@=\dimen142
\alignsep@=\dimen143
\tagshift@=\dimen144
\tagwidth@=\dimen145
\totwidth@=\dimen146
\lineht@=\dimen147
\@envbody=\toks20
\multlinegap=\skip50
\multlinetaggap=\skip51
\mathdisplay@stack=\toks21
LaTeX Info: Redefining \[ on input line 2953.
LaTeX Info: Redefining \] on input line 2954.
)
(C:\Users\41783\AppData\Local\Programs\MiKTeX\tex/latex/amscls\amsthm.sty
Package: amsthm 2020/05/29 v2.20.6
\thm@style=\toks22
\thm@bodyfont=\toks23
\thm@headfont=\toks24
\thm@notefont=\toks25
\thm@headpunct=\toks26
\thm@preskip=\skip52
\thm@postskip=\skip53
\thm@headsep=\skip54
\dth@everypar=\toks27
)
(C:\Users\41783\AppData\Local\Programs\MiKTeX\tex/latex/tools\multicol.sty
Package: multicol 2021/11/30 v1.9d multicolumn formatting (FMi)
\c@tracingmulticols=\count271
\mult@box=\box53
\multicol@leftmargin=\dimen148
\c@unbalance=\count272
\c@collectmore=\count273
\doublecol@number=\count274
\multicoltolerance=\count275
\multicolpretolerance=\count276
\full@width=\dimen149
\page@free=\dimen150
\premulticols=\dimen151
\postmulticols=\dimen152
\multicolsep=\skip55
\multicolbaselineskip=\skip56
\partial@page=\box54
\last@line=\box55
\maxbalancingoverflow=\dimen153
\mult@rightbox=\box56
\mult@grightbox=\box57
\mult@firstbox=\box58
\mult@gfirstbox=\box59
\@tempa=\box60
\@tempa=\box61
\@tempa=\box62
\@tempa=\box63
\@tempa=\box64
\@tempa=\box65
\@tempa=\box66
\@tempa=\box67
\@tempa=\box68
\@tempa=\box69
\@tempa=\box70
\@tempa=\box71
\@tempa=\box72
\@tempa=\box73
\@tempa=\box74
\@tempa=\box75
\@tempa=\box76
\@tempa=\box77
\@tempa=\box78
\@tempa=\box79
\@tempa=\box80
\@tempa=\box81
\@tempa=\box82
\@tempa=\box83
\@tempa=\box84
\@tempa=\box85
\@tempa=\box86
\@tempa=\box87
\@tempa=\box88
\@tempa=\box89
\@tempa=\box90
\@tempa=\box91
\@tempa=\box92
\@tempa=\box93
\@tempa=\box94
\@tempa=\box95
\c@minrows=\count277
\c@columnbadness=\count278
\c@finalcolumnbadness=\count279
\last@try=\dimen154
\multicolovershoot=\dimen155
\multicolundershoot=\dimen156
\mult@nat@firstbox=\box96
\colbreak@box=\box97
\mc@col@check@num=\count280
)
(C:\Users\41783\AppData\Local\Programs\MiKTeX\tex/latex/multirow\multirow.sty
Package: multirow 2021/03/15 v2.8 Span multiple rows of a table
\multirow@colwidth=\skip57
\multirow@cntb=\count281
\multirow@dima=\skip58
\bigstrutjot=\dimen157
)
(C:\Users\41783\AppData\Local\Programs\MiKTeX\tex/latex/graphics\graphicx.sty
Package: graphicx 2021/09/16 v1.2d Enhanced LaTeX Graphics (DPC,SPQR)

(C:\Users\41783\AppData\Local\Programs\MiKTeX\tex/latex/graphics\keyval.sty
Package: keyval 2022/05/29 v1.15 key=value parser (DPC)
\KV@toks@=\toks28
)
(C:\Users\41783\AppData\Local\Programs\MiKTeX\tex/latex/graphics\graphics.sty
Package: graphics 2022/03/10 v1.4e Standard LaTeX Graphics (DPC,SPQR)

(C:\Users\41783\AppData\Local\Programs\MiKTeX\tex/latex/graphics\trig.sty
Package: trig 2021/08/11 v1.11 sin cos tan (DPC)
)
(C:\Users\41783\AppData\Local\Programs\MiKTeX\tex/latex/graphics-cfg\graphics.c
fg
File: graphics.cfg 2016/06/04 v1.11 sample graphics configuration
)
Package graphics Info: Driver file: pdftex.def on input line 107.

(C:\Users\41783\AppData\Local\Programs\MiKTeX\tex/latex/graphics-def\pdftex.def
File: pdftex.def 2022/09/22 v1.2b Graphics/color driver for pdftex
\stockwidth=\dimen158
\stockheight=\dimen159
))
\Gin@req@height=\dimen160
\Gin@req@width=\dimen161
) (C:\Users\41783\AppData\Local\Programs\MiKTeX\tex/latex/xcolor\xcolor.sty
Package: xcolor 2022/06/12 v2.14 LaTeX color extensions (UK)

(C:\Users\41783\AppData\Local\Programs\MiKTeX\tex/latex/graphics-cfg\color.cfg
File: color.cfg 2016/01/02 v1.6 sample color configuration
)
Package xcolor Info: Driver file: pdftex.def on input line 227.
(C:\Users\41783\AppData\Local\Programs\MiKTeX\tex/latex/graphics\mathcolor.ltx)
Package xcolor Info: Model `cmy' substituted by `cmy0' on input line 1353.
Package xcolor Info: Model `hsb' substituted by `rgb' on input line 1357.
Package xcolor Info: Model `RGB' extended on input line 1369.
Package xcolor Info: Model `HTML' substituted by `rgb' on input line 1371.
Package xcolor Info: Model `Hsb' substituted by `hsb' on input line 1372.
Package xcolor Info: Model `tHsb' substituted by `hsb' on input line 1373.
Package xcolor Info: Model `HSB' substituted by `hsb' on input line 1374.
Package xcolor Info: Model `Gray' substituted by `gray' on input line 1375.
Package xcolor Info: Model `wave' substituted by `hsb' on input line 1376.
(C:\Users\41783\AppData\Local\Programs\MiKTeX\tex/latex/graphics\dvipsnam.def
File: dvipsnam.def 2016/06/17 v3.0m Driver-dependent file (DPC,SPQR)
)) (C:\Users\41783\AppData\Local\Programs\MiKTeX\tex/latex/titlesec\titlesec.st
y
Package: titlesec 2021/07/05 v2.14 Sectioning titles
\ttl@box=\box98
\beforetitleunit=\skip59
\aftertitleunit=\skip60
\ttl@plus=\dimen162
\ttl@minus=\dimen163
\ttl@toksa=\toks29
\titlewidth=\dimen164
\titlewidthlast=\dimen165
\titlewidthfirst=\dimen166
) (C:\Users\41783\AppData\Local\Programs\MiKTeX\tex/latex/tools\tabularx.sty
Package: tabularx 2020/01/15 v2.11c `tabularx' package (DPC)

(C:\Users\41783\AppData\Local\Programs\MiKTeX\tex/latex/tools\array.sty
Package: array 2022/03/10 v2.5f Tabular extension package (FMi)
\col@sep=\dimen167
\ar@mcellbox=\box99
\extrarowheight=\dimen168
\NC@list=\toks30
\extratabsurround=\skip61
\backup@length=\skip62
\ar@cellbox=\box100
)
\TX@col@width=\dimen169
\TX@old@table=\dimen170
\TX@old@col=\dimen171
\TX@target=\dimen172
\TX@delta=\dimen173
\TX@cols=\count282
\TX@ftn=\toks31
)
(C:\Users\41783\AppData\Local\Programs\MiKTeX\tex/latex/booktabs\booktabs.sty
Package: booktabs 2020/01/12 v1.61803398 Publication quality tables
\heavyrulewidth=\dimen174
\lightrulewidth=\dimen175
\cmidrulewidth=\dimen176
\belowrulesep=\dimen177
\belowbottomsep=\dimen178
\aboverulesep=\dimen179
\abovetopsep=\dimen180
\cmidrulesep=\dimen181
\cmidrulekern=\dimen182
\defaultaddspace=\dimen183
\@cmidla=\count283
\@cmidlb=\count284
\@aboverulesep=\dimen184
\@belowrulesep=\dimen185
\@thisruleclass=\count285
\@lastruleclass=\count286
\@thisrulewidth=\dimen186
)
(C:\Users\41783\AppData\Local\Programs\MiKTeX\tex/latex/float\float.sty
Package: float 2001/11/08 v1.3d Float enhancements (AL)
\c@float@type=\count287
\float@exts=\toks32
\float@box=\box101
\@float@everytoks=\toks33
\@floatcapt=\box102
)
(C:\Users\41783\AppData\Local\Programs\MiKTeX\tex/latex/tools\calc.sty
Package: calc 2017/05/25 v4.3 Infix arithmetic (KKT,FJ)
\calc@Acount=\count288
\calc@Bcount=\count289
\calc@Adimen=\dimen187
\calc@Bdimen=\dimen188
\calc@Askip=\skip63
\calc@Bskip=\skip64
LaTeX Info: Redefining \setlength on input line 80.
LaTeX Info: Redefining \addtolength on input line 81.
\calc@Ccount=\count290
\calc@Cskip=\skip65
)
(C:\Users\41783\AppData\Local\Programs\MiKTeX\tex/generic/soul\soul.sty
Package: soul 2003/11/17 v2.4 letterspacing/underlining (mf)
\SOUL@word=\toks34
\SOUL@lasttoken=\toks35
\SOUL@cmds=\toks36
\SOUL@buffer=\toks37
\SOUL@token=\toks38
\SOUL@spaceskip=\skip66
\SOUL@ttwidth=\dimen189
\SOUL@uldp=\dimen190
\SOUL@ulht=\dimen191
)
(C:\Users\41783\AppData\Local\Programs\MiKTeX\tex/latex/base\ifthen.sty
Package: ifthen 2022/04/13 v1.1d Standard LaTeX ifthen package (DPC)
)
(C:\Users\41783\AppData\Local\Programs\MiKTeX\tex/latex/geometry\geometry.sty
Package: geometry 2020/01/02 v5.9 Page Geometry

(C:\Users\41783\AppData\Local\Programs\MiKTeX\tex/generic/iftex\ifvtex.sty
Package: ifvtex 2019/10/25 v1.7 ifvtex legacy package. Use iftex instead.

(C:\Users\41783\AppData\Local\Programs\MiKTeX\tex/generic/iftex\iftex.sty
Package: iftex 2022/02/03 v1.0f TeX engine tests
))
\Gm@cnth=\count291
\Gm@cntv=\count292
\c@Gm@tempcnt=\count293
\Gm@bindingoffset=\dimen192
\Gm@wd@mp=\dimen193
\Gm@odd@mp=\dimen194
\Gm@even@mp=\dimen195
\Gm@layoutwidth=\dimen196
\Gm@layoutheight=\dimen197
\Gm@layouthoffset=\dimen198
\Gm@layoutvoffset=\dimen199
\Gm@dimlist=\toks39

(C:\Users\41783\AppData\Local\Programs\MiKTeX\tex/latex/geometry\geometry.cfg))
(C:\Users\41783\AppData\Local\Programs\MiKTeX\tex/latex/enumitem\enumitem.sty
Package: enumitem 2019/06/20 v3.9 Customized lists
\labelindent=\skip67
\enit@outerparindent=\dimen256
\enit@toks=\toks40
\enit@inbox=\box103
\enit@count@id=\count294
\enitdp@description=\count295
)
(C:\Users\41783\AppData\Local\Programs\MiKTeX\tex/latex/base\syntonly.sty
Package: syntonly 2017/06/30 v2.1e Standard LaTeX2e package
)
(C:\Users\41783\AppData\Local\Programs\MiKTeX\tex/latex/hyperref\hyperref.sty
Package: hyperref 2022-09-22 v7.00t Hypertext links for LaTeX

(C:\Users\41783\AppData\Local\Programs\MiKTeX\tex/generic/ltxcmds\ltxcmds.sty
Package: ltxcmds 2020-05-10 v1.25 LaTeX kernel commands for general use (HO)
)
(C:\Users\41783\AppData\Local\Programs\MiKTeX\tex/generic/pdftexcmds\pdftexcmds
.sty
Package: pdftexcmds 2020-06-27 v0.33 Utility functions of pdfTeX for LuaTeX (HO
)

(C:\Users\41783\AppData\Local\Programs\MiKTeX\tex/generic/infwarerr\infwarerr.s
ty
Package: infwarerr 2019/12/03 v1.5 Providing info/warning/error messages (HO)
)
Package pdftexcmds Info: \pdf@primitive is available.
Package pdftexcmds Info: \pdf@ifprimitive is available.
Package pdftexcmds Info: \pdfdraftmode found.
)
(C:\Users\41783\AppData\Local\Programs\MiKTeX\tex/latex/kvsetkeys\kvsetkeys.sty
Package: kvsetkeys 2022-10-05 v1.19 Key value parser (HO)
)
(C:\Users\41783\AppData\Local\Programs\MiKTeX\tex/generic/kvdefinekeys\kvdefine
keys.sty
Package: kvdefinekeys 2019-12-19 v1.6 Define keys (HO)
)
(C:\Users\41783\AppData\Local\Programs\MiKTeX\tex/generic/pdfescape\pdfescape.s
ty
Package: pdfescape 2019/12/09 v1.15 Implements pdfTeX's escape features (HO)
) (C:\Users\41783\AppData\Local\Programs\MiKTeX\tex/latex/hycolor\hycolor.sty
Package: hycolor 2020-01-27 v1.10 Color options for hyperref/bookmark (HO)
)
(C:\Users\41783\AppData\Local\Programs\MiKTeX\tex/latex/letltxmacro\letltxmacro
.sty
Package: letltxmacro 2019/12/03 v1.6 Let assignment for LaTeX macros (HO)
)
(C:\Users\41783\AppData\Local\Programs\MiKTeX\tex/latex/auxhook\auxhook.sty
Package: auxhook 2019-12-17 v1.6 Hooks for auxiliary files (HO)
)
(C:\Users\41783\AppData\Local\Programs\MiKTeX\tex/latex/hyperref\nameref.sty
Package: nameref 2022-05-17 v2.50 Cross-referencing by name of section

(C:\Users\41783\AppData\Local\Programs\MiKTeX\tex/latex/refcount\refcount.sty
Package: refcount 2019/12/15 v3.6 Data extraction from label references (HO)
)
(C:\Users\41783\AppData\Local\Programs\MiKTeX\tex/generic/gettitlestring\gettit
lestring.sty
Package: gettitlestring 2019/12/15 v1.6 Cleanup title references (HO)

(C:\Users\41783\AppData\Local\Programs\MiKTeX\tex/latex/kvoptions\kvoptions.sty
Package: kvoptions 2022-06-15 v3.15 Key value format for package options (HO)
))
\c@section@level=\count296
)
\@linkdim=\dimen257
\Hy@linkcounter=\count297
\Hy@pagecounter=\count298
 (C:\Users\41783\AppData\Local\Programs\MiKTeX\tex/latex/hyperref\pd1enc.def
File: pd1enc.def 2022-09-22 v7.00t Hyperref: PDFDocEncoding definition (HO)
Now handling font encoding PD1 ...
... no UTF-8 mapping file for font encoding PD1
) (C:\Users\41783\AppData\Local\Programs\MiKTeX\tex/generic/intcalc\intcalc.sty
Package: intcalc 2019/12/15 v1.3 Expandable calculations with integers (HO)
)
(C:\Users\41783\AppData\Local\Programs\MiKTeX\tex/generic/etexcmds\etexcmds.sty
Package: etexcmds 2019/12/15 v1.7 Avoid name clashes with e-TeX commands (HO)
)
\Hy@SavedSpaceFactor=\count299
 (C:\Users\41783\AppData\Local\Programs\MiKTeX\tex/latex/hyperref\puenc.def
File: puenc.def 2022-09-22 v7.00t Hyperref: PDF Unicode definition (HO)
Now handling font encoding PU ...
... no UTF-8 mapping file for font encoding PU
)
Package hyperref Info: Option `colorlinks' set `true' on input line 4045.
Package hyperref Info: Hyper figures OFF on input line 4162.
Package hyperref Info: Link nesting OFF on input line 4167.
Package hyperref Info: Hyper index ON on input line 4170.
Package hyperref Info: Plain pages OFF on input line 4177.
Package hyperref Info: Backreferencing OFF on input line 4182.
Package hyperref Info: Implicit mode ON; LaTeX internals redefined.
Package hyperref Info: Bookmarks ON on input line 4410.
\c@Hy@tempcnt=\count300

(C:\Users\41783\AppData\Local\Programs\MiKTeX\tex/latex/url\url.sty
\Urlmuskip=\muskip17
Package: url 2013/09/16  ver 3.4  Verb mode for urls, etc.
)
LaTeX Info: Redefining \url on input line 4748.
\XeTeXLinkMargin=\dimen258

(C:\Users\41783\AppData\Local\Programs\MiKTeX\tex/generic/bitset\bitset.sty
Package: bitset 2019/12/09 v1.3 Handle bit-vector datatype (HO)

(C:\Users\41783\AppData\Local\Programs\MiKTeX\tex/generic/bigintcalc\bigintcalc
.sty
Package: bigintcalc 2019/12/15 v1.5 Expandable calculations on big integers (HO
)
))
\Fld@menulength=\count301
\Field@Width=\dimen259
\Fld@charsize=\dimen260
Package hyperref Info: Hyper figures OFF on input line 6027.
Package hyperref Info: Link nesting OFF on input line 6032.
Package hyperref Info: Hyper index ON on input line 6035.
Package hyperref Info: backreferencing OFF on input line 6042.
Package hyperref Info: Link coloring ON on input line 6045.
Package hyperref Info: Link coloring with OCG OFF on input line 6052.
Package hyperref Info: PDF/A mode OFF on input line 6057.

(C:\Users\41783\AppData\Local\Programs\MiKTeX\tex/latex/base\atbegshi-ltx.sty
Package: atbegshi-ltx 2021/01/10 v1.0c Emulation of the original atbegshi
package with kernel methods
)
\Hy@abspage=\count302
\c@Item=\count303
\c@Hfootnote=\count304
)
Package hyperref Info: Driver (autodetected): hpdftex.
(C:\Users\41783\AppData\Local\Programs\MiKTeX\tex/latex/hyperref\hpdftex.def
File: hpdftex.def 2022-09-22 v7.00t Hyperref driver for pdfTeX

(C:\Users\41783\AppData\Local\Programs\MiKTeX\tex/latex/base\atveryend-ltx.sty
Package: atveryend-ltx 2020/08/19 v1.0a Emulation of the original atveryend pac
kage
with kernel methods
)
\Fld@listcount=\count305
\c@bookmark@seq@number=\count306

(C:\Users\41783\AppData\Local\Programs\MiKTeX\tex/latex/rerunfilecheck\rerunfil
echeck.sty
Package: rerunfilecheck 2022-07-10 v1.10 Rerun checks for auxiliary files (HO)

(C:\Users\41783\AppData\Local\Programs\MiKTeX\tex/generic/uniquecounter\uniquec
ounter.sty
Package: uniquecounter 2019/12/15 v1.4 Provide unlimited unique counter (HO)
)
Package uniquecounter Info: New unique counter `rerunfilecheck' on input line 2
85.
)
\Hy@SectionHShift=\skip68
)
(C:\Users\41783\AppData\Local\Programs\MiKTeX\tex/latex/pgf/frontendlayer\tikz.
sty
(C:\Users\41783\AppData\Local\Programs\MiKTeX\tex/latex/pgf/basiclayer\pgf.sty
(C:\Users\41783\AppData\Local\Programs\MiKTeX\tex/latex/pgf/utilities\pgfrcs.st
y
(C:\Users\41783\AppData\Local\Programs\MiKTeX\tex/generic/pgf/utilities\pgfutil
-common.tex
\pgfutil@everybye=\toks41
\pgfutil@tempdima=\dimen261
\pgfutil@tempdimb=\dimen262

(C:\Users\41783\AppData\Local\Programs\MiKTeX\tex/generic/pgf/utilities\pgfutil
-common-lists.tex))
(C:\Users\41783\AppData\Local\Programs\MiKTeX\tex/generic/pgf/utilities\pgfutil
-latex.def
\pgfutil@abb=\box104
)
(C:\Users\41783\AppData\Local\Programs\MiKTeX\tex/generic/pgf/utilities\pgfrcs.
code.tex
(C:\Users\41783\AppData\Local\Programs\MiKTeX\tex/generic/pgf\pgf.revision.tex)
Package: pgfrcs 2021/05/15 v3.1.9a (3.1.9a)
))
Package: pgf 2021/05/15 v3.1.9a (3.1.9a)

(C:\Users\41783\AppData\Local\Programs\MiKTeX\tex/latex/pgf/basiclayer\pgfcore.
sty
(C:\Users\41783\AppData\Local\Programs\MiKTeX\tex/latex/pgf/systemlayer\pgfsys.
sty
(C:\Users\41783\AppData\Local\Programs\MiKTeX\tex/generic/pgf/systemlayer\pgfsy
s.code.tex
Package: pgfsys 2021/05/15 v3.1.9a (3.1.9a)

(C:\Users\41783\AppData\Local\Programs\MiKTeX\tex/generic/pgf/utilities\pgfkeys
.code.tex
\pgfkeys@pathtoks=\toks42
\pgfkeys@temptoks=\toks43

(C:\Users\41783\AppData\Local\Programs\MiKTeX\tex/generic/pgf/utilities\pgfkeys
filtered.code.tex
\pgfkeys@tmptoks=\toks44
))
\pgf@x=\dimen263
\pgf@y=\dimen264
\pgf@xa=\dimen265
\pgf@ya=\dimen266
\pgf@xb=\dimen267
\pgf@yb=\dimen268
\pgf@xc=\dimen269
\pgf@yc=\dimen270
\pgf@xd=\dimen271
\pgf@yd=\dimen272
\w@pgf@writea=\write3
\r@pgf@reada=\read2
\c@pgf@counta=\count307
\c@pgf@countb=\count308
\c@pgf@countc=\count309
\c@pgf@countd=\count310
\t@pgf@toka=\toks45
\t@pgf@tokb=\toks46
\t@pgf@tokc=\toks47
\pgf@sys@id@count=\count311

(C:\Users\41783\AppData\Local\Programs\MiKTeX\tex/generic/pgf/systemlayer\pgf.c
fg
File: pgf.cfg 2021/05/15 v3.1.9a (3.1.9a)
)
Driver file for pgf: pgfsys-pdftex.def

(C:\Users\41783\AppData\Local\Programs\MiKTeX\tex/generic/pgf/systemlayer\pgfsy
s-pdftex.def
File: pgfsys-pdftex.def 2021/05/15 v3.1.9a (3.1.9a)

(C:\Users\41783\AppData\Local\Programs\MiKTeX\tex/generic/pgf/systemlayer\pgfsy
s-common-pdf.def
File: pgfsys-common-pdf.def 2021/05/15 v3.1.9a (3.1.9a)
)))
(C:\Users\41783\AppData\Local\Programs\MiKTeX\tex/generic/pgf/systemlayer\pgfsy
ssoftpath.code.tex
File: pgfsyssoftpath.code.tex 2021/05/15 v3.1.9a (3.1.9a)
\pgfsyssoftpath@smallbuffer@items=\count312
\pgfsyssoftpath@bigbuffer@items=\count313
)
(C:\Users\41783\AppData\Local\Programs\MiKTeX\tex/generic/pgf/systemlayer\pgfsy
sprotocol.code.tex
File: pgfsysprotocol.code.tex 2021/05/15 v3.1.9a (3.1.9a)
))
(C:\Users\41783\AppData\Local\Programs\MiKTeX\tex/generic/pgf/basiclayer\pgfcor
e.code.tex
Package: pgfcore 2021/05/15 v3.1.9a (3.1.9a)

(C:\Users\41783\AppData\Local\Programs\MiKTeX\tex/generic/pgf/math\pgfmath.code
.tex
(C:\Users\41783\AppData\Local\Programs\MiKTeX\tex/generic/pgf/math\pgfmathcalc.
code.tex
(C:\Users\41783\AppData\Local\Programs\MiKTeX\tex/generic/pgf/math\pgfmathutil.
code.tex)
(C:\Users\41783\AppData\Local\Programs\MiKTeX\tex/generic/pgf/math\pgfmathparse
r.code.tex
\pgfmath@dimen=\dimen273
\pgfmath@count=\count314
\pgfmath@box=\box105
\pgfmath@toks=\toks48
\pgfmath@stack@operand=\toks49
\pgfmath@stack@operation=\toks50
)
(C:\Users\41783\AppData\Local\Programs\MiKTeX\tex/generic/pgf/math\pgfmathfunct
ions.code.tex
(C:\Users\41783\AppData\Local\Programs\MiKTeX\tex/generic/pgf/math\pgfmathfunct
ions.basic.code.tex)
(C:\Users\41783\AppData\Local\Programs\MiKTeX\tex/generic/pgf/math\pgfmathfunct
ions.trigonometric.code.tex)
(C:\Users\41783\AppData\Local\Programs\MiKTeX\tex/generic/pgf/math\pgfmathfunct
ions.random.code.tex)
(C:\Users\41783\AppData\Local\Programs\MiKTeX\tex/generic/pgf/math\pgfmathfunct
ions.comparison.code.tex)
(C:\Users\41783\AppData\Local\Programs\MiKTeX\tex/generic/pgf/math\pgfmathfunct
ions.base.code.tex)
(C:\Users\41783\AppData\Local\Programs\MiKTeX\tex/generic/pgf/math\pgfmathfunct
ions.round.code.tex)
(C:\Users\41783\AppData\Local\Programs\MiKTeX\tex/generic/pgf/math\pgfmathfunct
ions.misc.code.tex)
(C:\Users\41783\AppData\Local\Programs\MiKTeX\tex/generic/pgf/math\pgfmathfunct
ions.integerarithmetics.code.tex)))
(C:\Users\41783\AppData\Local\Programs\MiKTeX\tex/generic/pgf/math\pgfmathfloat
.code.tex
\c@pgfmathroundto@lastzeros=\count315
))
(C:\Users\41783\AppData\Local\Programs\MiKTeX\tex/generic/pgf/math\pgfint.code.
tex)
(C:\Users\41783\AppData\Local\Programs\MiKTeX\tex/generic/pgf/basiclayer\pgfcor
epoints.code.tex
File: pgfcorepoints.code.tex 2021/05/15 v3.1.9a (3.1.9a)
\pgf@picminx=\dimen274
\pgf@picmaxx=\dimen275
\pgf@picminy=\dimen276
\pgf@picmaxy=\dimen277
\pgf@pathminx=\dimen278
\pgf@pathmaxx=\dimen279
\pgf@pathminy=\dimen280
\pgf@pathmaxy=\dimen281
\pgf@xx=\dimen282
\pgf@xy=\dimen283
\pgf@yx=\dimen284
\pgf@yy=\dimen285
\pgf@zx=\dimen286
\pgf@zy=\dimen287
)
(C:\Users\41783\AppData\Local\Programs\MiKTeX\tex/generic/pgf/basiclayer\pgfcor
epathconstruct.code.tex
File: pgfcorepathconstruct.code.tex 2021/05/15 v3.1.9a (3.1.9a)
\pgf@path@lastx=\dimen288
\pgf@path@lasty=\dimen289
)
(C:\Users\41783\AppData\Local\Programs\MiKTeX\tex/generic/pgf/basiclayer\pgfcor
epathusage.code.tex
File: pgfcorepathusage.code.tex 2021/05/15 v3.1.9a (3.1.9a)
\pgf@shorten@end@additional=\dimen290
\pgf@shorten@start@additional=\dimen291
)
(C:\Users\41783\AppData\Local\Programs\MiKTeX\tex/generic/pgf/basiclayer\pgfcor
escopes.code.tex
File: pgfcorescopes.code.tex 2021/05/15 v3.1.9a (3.1.9a)
\pgfpic=\box106
\pgf@hbox=\box107
\pgf@layerbox@main=\box108
\pgf@picture@serial@count=\count316
)
(C:\Users\41783\AppData\Local\Programs\MiKTeX\tex/generic/pgf/basiclayer\pgfcor
egraphicstate.code.tex
File: pgfcoregraphicstate.code.tex 2021/05/15 v3.1.9a (3.1.9a)
\pgflinewidth=\dimen292
)
(C:\Users\41783\AppData\Local\Programs\MiKTeX\tex/generic/pgf/basiclayer\pgfcor
etransformations.code.tex
File: pgfcoretransformations.code.tex 2021/05/15 v3.1.9a (3.1.9a)
\pgf@pt@x=\dimen293
\pgf@pt@y=\dimen294
\pgf@pt@temp=\dimen295
)
(C:\Users\41783\AppData\Local\Programs\MiKTeX\tex/generic/pgf/basiclayer\pgfcor
equick.code.tex
File: pgfcorequick.code.tex 2021/05/15 v3.1.9a (3.1.9a)
)
(C:\Users\41783\AppData\Local\Programs\MiKTeX\tex/generic/pgf/basiclayer\pgfcor
eobjects.code.tex
File: pgfcoreobjects.code.tex 2021/05/15 v3.1.9a (3.1.9a)
)
(C:\Users\41783\AppData\Local\Programs\MiKTeX\tex/generic/pgf/basiclayer\pgfcor
epathprocessing.code.tex
File: pgfcorepathprocessing.code.tex 2021/05/15 v3.1.9a (3.1.9a)
)
(C:\Users\41783\AppData\Local\Programs\MiKTeX\tex/generic/pgf/basiclayer\pgfcor
earrows.code.tex
File: pgfcorearrows.code.tex 2021/05/15 v3.1.9a (3.1.9a)
\pgfarrowsep=\dimen296
)
(C:\Users\41783\AppData\Local\Programs\MiKTeX\tex/generic/pgf/basiclayer\pgfcor
eshade.code.tex
File: pgfcoreshade.code.tex 2021/05/15 v3.1.9a (3.1.9a)
\pgf@max=\dimen297
\pgf@sys@shading@range@num=\count317
\pgf@shadingcount=\count318
)
(C:\Users\41783\AppData\Local\Programs\MiKTeX\tex/generic/pgf/basiclayer\pgfcor
eimage.code.tex
File: pgfcoreimage.code.tex 2021/05/15 v3.1.9a (3.1.9a)

(C:\Users\41783\AppData\Local\Programs\MiKTeX\tex/generic/pgf/basiclayer\pgfcor
eexternal.code.tex
File: pgfcoreexternal.code.tex 2021/05/15 v3.1.9a (3.1.9a)
\pgfexternal@startupbox=\box109
))
(C:\Users\41783\AppData\Local\Programs\MiKTeX\tex/generic/pgf/basiclayer\pgfcor
elayers.code.tex
File: pgfcorelayers.code.tex 2021/05/15 v3.1.9a (3.1.9a)
)
(C:\Users\41783\AppData\Local\Programs\MiKTeX\tex/generic/pgf/basiclayer\pgfcor
etransparency.code.tex
File: pgfcoretransparency.code.tex 2021/05/15 v3.1.9a (3.1.9a)
)
(C:\Users\41783\AppData\Local\Programs\MiKTeX\tex/generic/pgf/basiclayer\pgfcor
epatterns.code.tex
File: pgfcorepatterns.code.tex 2021/05/15 v3.1.9a (3.1.9a)
)
(C:\Users\41783\AppData\Local\Programs\MiKTeX\tex/generic/pgf/basiclayer\pgfcor
erdf.code.tex
File: pgfcorerdf.code.tex 2021/05/15 v3.1.9a (3.1.9a)
)))
(C:\Users\41783\AppData\Local\Programs\MiKTeX\tex/generic/pgf/modules\pgfmodule
shapes.code.tex
File: pgfmoduleshapes.code.tex 2021/05/15 v3.1.9a (3.1.9a)
\pgfnodeparttextbox=\box110
)
(C:\Users\41783\AppData\Local\Programs\MiKTeX\tex/generic/pgf/modules\pgfmodule
plot.code.tex
File: pgfmoduleplot.code.tex 2021/05/15 v3.1.9a (3.1.9a)
)
(C:\Users\41783\AppData\Local\Programs\MiKTeX\tex/latex/pgf/compatibility\pgfco
mp-version-0-65.sty
Package: pgfcomp-version-0-65 2021/05/15 v3.1.9a (3.1.9a)
\pgf@nodesepstart=\dimen298
\pgf@nodesepend=\dimen299
)
(C:\Users\41783\AppData\Local\Programs\MiKTeX\tex/latex/pgf/compatibility\pgfco
mp-version-1-18.sty
Package: pgfcomp-version-1-18 2021/05/15 v3.1.9a (3.1.9a)
))
(C:\Users\41783\AppData\Local\Programs\MiKTeX\tex/latex/pgf/utilities\pgffor.st
y
(C:\Users\41783\AppData\Local\Programs\MiKTeX\tex/latex/pgf/utilities\pgfkeys.s
ty
(C:\Users\41783\AppData\Local\Programs\MiKTeX\tex/generic/pgf/utilities\pgfkeys
.code.tex))
(C:\Users\41783\AppData\Local\Programs\MiKTeX\tex/latex/pgf/math\pgfmath.sty
(C:\Users\41783\AppData\Local\Programs\MiKTeX\tex/generic/pgf/math\pgfmath.code
.tex))
(C:\Users\41783\AppData\Local\Programs\MiKTeX\tex/generic/pgf/utilities\pgffor.
code.tex
Package: pgffor 2021/05/15 v3.1.9a (3.1.9a)

(C:\Users\41783\AppData\Local\Programs\MiKTeX\tex/generic/pgf/math\pgfmath.code
.tex)
\pgffor@iter=\dimen300
\pgffor@skip=\dimen301
\pgffor@stack=\toks51
\pgffor@toks=\toks52
))
(C:\Users\41783\AppData\Local\Programs\MiKTeX\tex/generic/pgf/frontendlayer/tik
z\tikz.code.tex
Package: tikz 2021/05/15 v3.1.9a (3.1.9a)

(C:\Users\41783\AppData\Local\Programs\MiKTeX\tex/generic/pgf/libraries\pgflibr
aryplothandlers.code.tex
File: pgflibraryplothandlers.code.tex 2021/05/15 v3.1.9a (3.1.9a)
\pgf@plot@mark@count=\count319
\pgfplotmarksize=\dimen302
)
\tikz@lastx=\dimen303
\tikz@lasty=\dimen304
\tikz@lastxsaved=\dimen305
\tikz@lastysaved=\dimen306
\tikz@lastmovetox=\dimen307
\tikz@lastmovetoy=\dimen308
\tikzleveldistance=\dimen309
\tikzsiblingdistance=\dimen310
\tikz@figbox=\box111
\tikz@figbox@bg=\box112
\tikz@tempbox=\box113
\tikz@tempbox@bg=\box114
\tikztreelevel=\count320
\tikznumberofchildren=\count321
\tikznumberofcurrentchild=\count322
\tikz@fig@count=\count323

(C:\Users\41783\AppData\Local\Programs\MiKTeX\tex/generic/pgf/modules\pgfmodule
matrix.code.tex
File: pgfmodulematrix.code.tex 2021/05/15 v3.1.9a (3.1.9a)
\pgfmatrixcurrentrow=\count324
\pgfmatrixcurrentcolumn=\count325
\pgf@matrix@numberofcolumns=\count326
)
\tikz@expandcount=\count327

(C:\Users\41783\AppData\Local\Programs\MiKTeX\tex/generic/pgf/frontendlayer/tik
z/libraries\tikzlibrarytopaths.code.tex
File: tikzlibrarytopaths.code.tex 2021/05/15 v3.1.9a (3.1.9a)
)))

! LaTeX Error: Command \COR already defined.
               Or name \end... illegal, see p.192 of the manual.

See the LaTeX manual or LaTeX Companion for explanation.
Type  H <return>  for immediate help.
 ...                                              
                                                  
l.75 ...1}}:\color{black}    \hspace{0.2cm} #2 \\}
                                                  
Your command was ignored.
Type  I <command> <return>  to replace it with another command,
or  <return>  to continue without it.


(C:\Users\41783\AppData\Local\Programs\MiKTeX\tex/latex/l3backend\l3backend-pdf
tex.def
File: l3backend-pdftex.def 2022-09-28 L3 backend support: PDF output (pdfTeX)
\l__color_backend_stack_int=\count328
\l__pdf_internal_box=\box115
)

LaTeX Warning: Unused global option(s):
    [7pt,margin].


(C:\Users\41783\Documents\TexMaker\BsC, HS24 - Cheatsheet Anal II\build\BsC, HS
24 - Cheatsheet Anal II.aux)
\openout1 = `"BsC, HS24 - Cheatsheet Anal II.aux"'.

LaTeX Font Info:    Checking defaults for OML/cmm/m/it on input line 89.
LaTeX Font Info:    ... okay on input line 89.
LaTeX Font Info:    Checking defaults for OMS/cmsy/m/n on input line 89.
LaTeX Font Info:    ... okay on input line 89.
LaTeX Font Info:    Checking defaults for OT1/cmr/m/n on input line 89.
LaTeX Font Info:    ... okay on input line 89.
LaTeX Font Info:    Checking defaults for T1/cmr/m/n on input line 89.
LaTeX Font Info:    ... okay on input line 89.
LaTeX Font Info:    Checking defaults for TS1/cmr/m/n on input line 89.
LaTeX Font Info:    ... okay on input line 89.
LaTeX Font Info:    Checking defaults for OMX/cmex/m/n on input line 89.
LaTeX Font Info:    ... okay on input line 89.
LaTeX Font Info:    Checking defaults for U/cmr/m/n on input line 89.
LaTeX Font Info:    ... okay on input line 89.
LaTeX Font Info:    Checking defaults for PD1/pdf/m/n on input line 89.
LaTeX Font Info:    ... okay on input line 89.
LaTeX Font Info:    Checking defaults for PU/pdf/m/n on input line 89.
LaTeX Font Info:    ... okay on input line 89.

(C:\Users\41783\AppData\Local\Programs\MiKTeX\tex/context/base/mkii\supp-pdf.mk
ii
[Loading MPS to PDF converter (version 2006.09.02).]
\scratchcounter=\count329
\scratchdimen=\dimen311
\scratchbox=\box116
\nofMPsegments=\count330
\nofMParguments=\count331
\everyMPshowfont=\toks53
\MPscratchCnt=\count332
\MPscratchDim=\dimen312
\MPnumerator=\count333
\makeMPintoPDFobject=\count334
\everyMPtoPDFconversion=\toks54
)
(C:\Users\41783\AppData\Local\Programs\MiKTeX\tex/latex/epstopdf-pkg\epstopdf-b
ase.sty
Package: epstopdf-base 2020-01-24 v2.11 Base part for package epstopdf
Package epstopdf-base Info: Redefining graphics rule for `.eps' on input line 4
85.

(C:\Users\41783\AppData\Local\Programs\MiKTeX\tex/latex/00miktex\epstopdf-sys.c
fg
File: epstopdf-sys.cfg 2021/03/18 v2.0 Configuration of epstopdf for MiKTeX
))
*geometry* driver: auto-detecting
*geometry* detected driver: pdftex
*geometry* verbose mode - [ preamble ] result:
* driver: pdftex
* paper: <default>
* layout: <same size as paper>
* layoutoffset:(h,v)=(0.0pt,0.0pt)
* modes: landscape 
* h-part:(L,W,R)=(7.22743pt, 780.51512pt, 7.22743pt)
* v-part:(T,H,B)=(7.22743pt, 599.84013pt, 7.22743pt)
* \paperwidth=794.96999pt
* \paperheight=614.295pt
* \textwidth=780.51512pt
* \textheight=599.84013pt
* \oddsidemargin=-65.04256pt
* \evensidemargin=-65.04256pt
* \topmargin=-102.04256pt
* \headheight=12.0pt
* \headsep=25.0pt
* \topskip=10.0pt
* \footskip=30.0pt
* \marginparwidth=0.0pt
* \marginparsep=0.0pt
* \columnsep=10.0pt
* \skip\footins=9.0pt plus 4.0pt minus 2.0pt
* \hoffset=0.0pt
* \voffset=0.0pt
* \mag=1000
* \@twocolumnfalse
* \@twosidefalse
* \@mparswitchfalse
* \@reversemarginfalse
* (1in=72.27pt=25.4mm, 1cm=28.453pt)

Package hyperref Info: Link coloring ON on input line 89.

(C:\Users\41783\Documents\TexMaker\BsC, HS24 - Cheatsheet Anal II\build\BsC, HS
24 - Cheatsheet Anal II.out)
(C:\Users\41783\Documents\TexMaker\BsC, HS24 - Cheatsheet Anal II\build\BsC, HS
24 - Cheatsheet Anal II.out)
\@outlinefile=\write4
\openout4 = `"BsC, HS24 - Cheatsheet Anal II.out"'.



! LaTeX Error: Can be used only in preamble.

See the LaTeX manual or LaTeX Companion for explanation.
Type  H <return>  for immediate help.
 ...                                              
                                                  
l.90 \syntaxonly
                
Your command was ignored.
Type  I <command> <return>  to replace it with another command,
or  <return>  to continue without it.

(Sections/Differential.tex

Package hyperref Warning: Token not allowed in a PDF string (Unicode):
(hyperref)                removing `\<let>-command' on input line 2.


Package hyperref Warning: Token not allowed in a PDF string (Unicode):
(hyperref)                removing `\\' on input line 2.


Package hyperref Warning: Token not allowed in a PDF string (Unicode):
(hyperref)                removing `\@centercr' on input line 2.


Package hyperref Warning: Token not allowed in a PDF string (Unicode):
(hyperref)                removing `\rightskip' on input line 2.


Package hyperref Warning: Token not allowed in a PDF string (Unicode):
(hyperref)                removing `\@flushglue' on input line 2.


Package hyperref Warning: Token not allowed in a PDF string (Unicode):
(hyperref)                removing `\leftskip' on input line 2.


Package hyperref Warning: Token not allowed in a PDF string (Unicode):
(hyperref)                removing `\@flushglue' on input line 2.


Package hyperref Warning: Token not allowed in a PDF string (Unicode):
(hyperref)                removing `\finalhyphendemerits' on input line 2.


Package hyperref Warning: Token not allowed in a PDF string (Unicode):
(hyperref)                removing `\z@' on input line 2.


Package hyperref Warning: Token not allowed in a PDF string (Unicode):
(hyperref)                removing `\parindent' on input line 2.


Package hyperref Warning: Token not allowed in a PDF string (Unicode):
(hyperref)                removing `\z@' on input line 2.


Package hyperref Warning: Token not allowed in a PDF string (Unicode):
(hyperref)                removing `\parfillskip' on input line 2.


Package hyperref Warning: Token not allowed in a PDF string (Unicode):
(hyperref)                removing `\z@skip' on input line 2.


Package hyperref Warning: Token not allowed in a PDF string (Unicode):
(hyperref)                removing `\<let>-command' on input line 5.


Package hyperref Warning: Token not allowed in a PDF string (Unicode):
(hyperref)                removing `\\' on input line 5.


Package hyperref Warning: Token not allowed in a PDF string (Unicode):
(hyperref)                removing `\@centercr' on input line 5.


Package hyperref Warning: Token not allowed in a PDF string (Unicode):
(hyperref)                removing `\rightskip' on input line 5.


Package hyperref Warning: Token not allowed in a PDF string (Unicode):
(hyperref)                removing `\@flushglue' on input line 5.


Package hyperref Warning: Token not allowed in a PDF string (Unicode):
(hyperref)                removing `\leftskip' on input line 5.


Package hyperref Warning: Token not allowed in a PDF string (Unicode):
(hyperref)                removing `\@flushglue' on input line 5.


Package hyperref Warning: Token not allowed in a PDF string (Unicode):
(hyperref)                removing `\finalhyphendemerits' on input line 5.


Package hyperref Warning: Token not allowed in a PDF string (Unicode):
(hyperref)                removing `\z@' on input line 5.


Package hyperref Warning: Token not allowed in a PDF string (Unicode):
(hyperref)                removing `\parindent' on input line 5.


Package hyperref Warning: Token not allowed in a PDF string (Unicode):
(hyperref)                removing `\z@' on input line 5.


Package hyperref Warning: Token not allowed in a PDF string (Unicode):
(hyperref)                removing `\parfillskip' on input line 5.


Package hyperref Warning: Token not allowed in a PDF string (Unicode):
(hyperref)                removing `\z@skip' on input line 5.

! Misplaced \noalign.
\hline ->\noalign 
                  {\ifnum 0=`}\fi \hrule \@height \arrayrulewidth \futurelet...
l.18 \end{enumerate}}
                     
I expect to see \noalign only after the \cr of
an alignment. Proceed, and I'll ignore this case.

LaTeX Font Info:    Trying to load font information for U+msa on input line 18.

(C:\Users\41783\AppData\Local\Programs\MiKTeX\tex/latex/amsfonts\umsa.fd
File: umsa.fd 2013/01/14 v3.01 AMS symbols A
)
LaTeX Font Info:    Trying to load font information for U+msb on input line 18.


(C:\Users\41783\AppData\Local\Programs\MiKTeX\tex/latex/amsfonts\umsb.fd
File: umsb.fd 2013/01/14 v3.01 AMS symbols B
)
Underfull \hbox (badness 10000) in paragraph at lines 18--18
[]\OT1/cmr/m/n/7 Stetigkeit wider-legen durch
 []


Underfull \hbox (badness 10000) in paragraph at lines 18--18
\OT1/cmr/m/n/7 Gegen-beispiel (z.B. testen
 []

! Misplaced \noalign.
\hline ->\noalign 
                  {\ifnum 0=`}\fi \hrule \@height \arrayrulewidth \futurelet...
l.18 \end{enumerate}}
                     
I expect to see \noalign only after the \cr of
an alignment. Proceed, and I'll ignore this case.


! LaTeX Error: There's no line here to end.

See the LaTeX manual or LaTeX Companion for explanation.
Type  H <return>  for immediate help.
 ...                                              
                                                  
l.18 \end{enumerate}}
                     
Your command was ignored.
Type  I <command> <return>  to replace it with another command,
or  <return>  to continue without it.


! LaTeX Error: There's no line here to end.

See the LaTeX manual or LaTeX Companion for explanation.
Type  H <return>  for immediate help.
 ...                                              
                                                  
l.32 }
      
Your command was ignored.
Type  I <command> <return>  to replace it with another command,
or  <return>  to continue without it.


! LaTeX Error: There's no line here to end.

See the LaTeX manual or LaTeX Companion for explanation.
Type  H <return>  for immediate help.
 ...                                              
                                                  
l.40 }
      
Your command was ignored.
Type  I <command> <return>  to replace it with another command,
or  <return>  to continue without it.


Package hyperref Warning: Token not allowed in a PDF string (Unicode):
(hyperref)                removing `\<let>-command' on input line 63.


Package hyperref Warning: Token not allowed in a PDF string (Unicode):
(hyperref)                removing `\\' on input line 63.


Package hyperref Warning: Token not allowed in a PDF string (Unicode):
(hyperref)                removing `\@centercr' on input line 63.


Package hyperref Warning: Token not allowed in a PDF string (Unicode):
(hyperref)                removing `\rightskip' on input line 63.


Package hyperref Warning: Token not allowed in a PDF string (Unicode):
(hyperref)                removing `\@flushglue' on input line 63.


Package hyperref Warning: Token not allowed in a PDF string (Unicode):
(hyperref)                removing `\leftskip' on input line 63.


Package hyperref Warning: Token not allowed in a PDF string (Unicode):
(hyperref)                removing `\@flushglue' on input line 63.


Package hyperref Warning: Token not allowed in a PDF string (Unicode):
(hyperref)                removing `\finalhyphendemerits' on input line 63.


Package hyperref Warning: Token not allowed in a PDF string (Unicode):
(hyperref)                removing `\z@' on input line 63.


Package hyperref Warning: Token not allowed in a PDF string (Unicode):
(hyperref)                removing `\parindent' on input line 63.


Package hyperref Warning: Token not allowed in a PDF string (Unicode):
(hyperref)                removing `\z@' on input line 63.


Package hyperref Warning: Token not allowed in a PDF string (Unicode):
(hyperref)                removing `\parfillskip' on input line 63.


Package hyperref Warning: Token not allowed in a PDF string (Unicode):
(hyperref)                removing `\z@skip' on input line 63.

! Misplaced \noalign.
\hline ->\noalign 
                  {\ifnum 0=`}\fi \hrule \@height \arrayrulewidth \futurelet...
l.80 }
      
I expect to see \noalign only after the \cr of
an alignment. Proceed, and I'll ignore this case.

! Misplaced \noalign.
\hline ->\noalign 
                  {\ifnum 0=`}\fi \hrule \@height \arrayrulewidth \futurelet...
l.80 }
      
I expect to see \noalign only after the \cr of
an alignment. Proceed, and I'll ignore this case.


! LaTeX Error: There's no line here to end.

See the LaTeX manual or LaTeX Companion for explanation.
Type  H <return>  for immediate help.
 ...                                              
                                                  
l.80 }
      
Your command was ignored.
Type  I <command> <return>  to replace it with another command,
or  <return>  to continue without it.


Package hyperref Warning: Token not allowed in a PDF string (Unicode):
(hyperref)                removing `\<let>-command' on input line 99.


Package hyperref Warning: Token not allowed in a PDF string (Unicode):
(hyperref)                removing `\\' on input line 99.


Package hyperref Warning: Token not allowed in a PDF string (Unicode):
(hyperref)                removing `\@centercr' on input line 99.


Package hyperref Warning: Token not allowed in a PDF string (Unicode):
(hyperref)                removing `\rightskip' on input line 99.


Package hyperref Warning: Token not allowed in a PDF string (Unicode):
(hyperref)                removing `\@flushglue' on input line 99.


Package hyperref Warning: Token not allowed in a PDF string (Unicode):
(hyperref)                removing `\leftskip' on input line 99.


Package hyperref Warning: Token not allowed in a PDF string (Unicode):
(hyperref)                removing `\@flushglue' on input line 99.


Package hyperref Warning: Token not allowed in a PDF string (Unicode):
(hyperref)                removing `\finalhyphendemerits' on input line 99.


Package hyperref Warning: Token not allowed in a PDF string (Unicode):
(hyperref)                removing `\z@' on input line 99.


Package hyperref Warning: Token not allowed in a PDF string (Unicode):
(hyperref)                removing `\parindent' on input line 99.


Package hyperref Warning: Token not allowed in a PDF string (Unicode):
(hyperref)                removing `\z@' on input line 99.


Package hyperref Warning: Token not allowed in a PDF string (Unicode):
(hyperref)                removing `\parfillskip' on input line 99.


Package hyperref Warning: Token not allowed in a PDF string (Unicode):
(hyperref)                removing `\z@skip' on input line 99.

! Misplaced \noalign.
\hline ->\noalign 
                  {\ifnum 0=`}\fi \hrule \@height \arrayrulewidth \futurelet...
l.108 }
       
I expect to see \noalign only after the \cr of
an alignment. Proceed, and I'll ignore this case.

! Misplaced \noalign.
\hline ->\noalign 
                  {\ifnum 0=`}\fi \hrule \@height \arrayrulewidth \futurelet...
l.108 }
       
I expect to see \noalign only after the \cr of
an alignment. Proceed, and I'll ignore this case.


! LaTeX Error: There's no line here to end.

See the LaTeX manual or LaTeX Companion for explanation.
Type  H <return>  for immediate help.
 ...                                              
                                                  
l.108 }
       
Your command was ignored.
Type  I <command> <return>  to replace it with another command,
or  <return>  to continue without it.


! LaTeX Error: There's no line here to end.

See the LaTeX manual or LaTeX Companion for explanation.
Type  H <return>  for immediate help.
 ...                                              
                                                  
l.133 }
       
Your command was ignored.
Type  I <command> <return>  to replace it with another command,
or  <return>  to continue without it.


! LaTeX Error: There's no line here to end.

See the LaTeX manual or LaTeX Companion for explanation.
Type  H <return>  for immediate help.
 ...                                              
                                                  
l.144 }
       
Your command was ignored.
Type  I <command> <return>  to replace it with another command,
or  <return>  to continue without it.


Package hyperref Warning: Token not allowed in a PDF string (Unicode):
(hyperref)                removing `\<let>-command' on input line 170.


Package hyperref Warning: Token not allowed in a PDF string (Unicode):
(hyperref)                removing `\\' on input line 170.


Package hyperref Warning: Token not allowed in a PDF string (Unicode):
(hyperref)                removing `\@centercr' on input line 170.


Package hyperref Warning: Token not allowed in a PDF string (Unicode):
(hyperref)                removing `\rightskip' on input line 170.


Package hyperref Warning: Token not allowed in a PDF string (Unicode):
(hyperref)                removing `\@flushglue' on input line 170.


Package hyperref Warning: Token not allowed in a PDF string (Unicode):
(hyperref)                removing `\leftskip' on input line 170.


Package hyperref Warning: Token not allowed in a PDF string (Unicode):
(hyperref)                removing `\@flushglue' on input line 170.


Package hyperref Warning: Token not allowed in a PDF string (Unicode):
(hyperref)                removing `\finalhyphendemerits' on input line 170.


Package hyperref Warning: Token not allowed in a PDF string (Unicode):
(hyperref)                removing `\z@' on input line 170.


Package hyperref Warning: Token not allowed in a PDF string (Unicode):
(hyperref)                removing `\parindent' on input line 170.


Package hyperref Warning: Token not allowed in a PDF string (Unicode):
(hyperref)                removing `\z@' on input line 170.


Package hyperref Warning: Token not allowed in a PDF string (Unicode):
(hyperref)                removing `\parfillskip' on input line 170.


Package hyperref Warning: Token not allowed in a PDF string (Unicode):
(hyperref)                removing `\z@skip' on input line 170.

! Misplaced \noalign.
\hline ->\noalign 
                  {\ifnum 0=`}\fi \hrule \@height \arrayrulewidth \futurelet...
l.179 }
       
I expect to see \noalign only after the \cr of
an alignment. Proceed, and I'll ignore this case.

! Argument of \UTFviii@two@octets@combine has an extra }.
<inserted text> 
                \par 
l.179 }
       
I've run across a `}' that doesn't seem to match anything.
For example, `\def\a#1{...}' and `\a}' would produce
this error. If you simply proceed now, the `\par' that
I've just inserted will cause me to report a runaway
argument that might be the root of the problem. But if
your `}' was spurious, just type `2' and it will go away.

Runaway argument?
! Paragraph ended before \UTFviii@two@octets@combine was complete.
<to be read again> 
                   \par 
l.179 }
       
I suspect you've forgotten a `}', causing me to apply this
control sequence to too much text. How can we recover?
My plan is to forget the whole thing and hope for the best.

! Argument of \UTFviii@two@octets@combine has an extra }.
<inserted text> 
                \par 
l.179 }
       
I've run across a `}' that doesn't seem to match anything.
For example, `\def\a#1{...}' and `\a}' would produce
this error. If you simply proceed now, the `\par' that
I've just inserted will cause me to report a runaway
argument that might be the root of the problem. But if
your `}' was spurious, just type `2' and it will go away.

Runaway argument?
! Paragraph ended before \UTFviii@two@octets@combine was complete.
<to be read again> 
                   \par 
l.179 }
       
I suspect you've forgotten a `}', causing me to apply this
control sequence to too much text. How can we recover?
My plan is to forget the whole thing and hope for the best.

! Argument of \UTFviii@two@octets@combine has an extra }.
<inserted text> 
                \par 
l.179 }
       
I've run across a `}' that doesn't seem to match anything.
For example, `\def\a#1{...}' and `\a}' would produce
this error. If you simply proceed now, the `\par' that
I've just inserted will cause me to report a runaway
argument that might be the root of the problem. But if
your `}' was spurious, just type `2' and it will go away.

Runaway argument?
! Paragraph ended before \UTFviii@two@octets@combine was complete.
<to be read again> 
                   \par 
l.179 }
       
I suspect you've forgotten a `}', causing me to apply this
control sequence to too much text. How can we recover?
My plan is to forget the whole thing and hope for the best.


! LaTeX Error: Invalid UTF-8 byte sequence (Ã\the).

See the LaTeX manual or LaTeX Companion for explanation.
Type  H <return>  for immediate help.
 ...                                              
                                                  
l.179 }
       
The document does not appear to be in UTF-8 encoding.
Try adding \UseRawInputEncoding as the first line of the file
or specify an encoding such as \usepackage [latin1]{inputenc}
in the document preamble.
Alternatively, save the file in UTF-8 using your editor or another tool

! Missing { inserted.
<to be read again> 
                   }
l.179 }
       
A left brace was mandatory here, so I've put one in.
You might want to delete and/or insert some corrections
so that I will find a matching right brace soon.
(If you're confused by all this, try typing `I}' now.)


! LaTeX Error: Invalid UTF-8 byte sequence (Ã\null).

See the LaTeX manual or LaTeX Companion for explanation.
Type  H <return>  for immediate help.
 ...                                              
                                                  
l.179 }
       
The document does not appear to be in UTF-8 encoding.
Try adding \UseRawInputEncoding as the first line of the file
or specify an encoding such as \usepackage [latin1]{inputenc}
in the document preamble.
Alternatively, save the file in UTF-8 using your editor or another tool


! Package soul Error: Reconstruction failed.

See the soul package documentation for explanation.
Type  H <return>  for immediate help.
 ...                                              
                                                  
l.179 }
       
I came across hyphenatable material enclosed in group braces,
which I can't handle. Either drop the braces or make the material
unbreakable using an \mbox (\hbox). Note that a space
also counts as possible hyphenation point. See page 4 of the manual.
I'm leaving a black square so that you can see where I am right now.

! Argument of \COL has an extra }.
<inserted text> 
                \par 
l.179 }
       
I've run across a `}' that doesn't seem to match anything.
For example, `\def\a#1{...}' and `\a}' would produce
this error. If you simply proceed now, the `\par' that
I've just inserted will cause me to report a runaway
argument that might be the root of the problem. But if
your `}' was spurious, just type `2' and it will go away.

Runaway argument?
! Paragraph ended before \COL was complete.
<to be read again> 
                   \par 
l.179 }
       
I suspect you've forgotten a `}', causing me to apply this
control sequence to too much text. How can we recover?
My plan is to forget the whole thing and hope for the best.

! You can't use `blank space  ' after \the.
<argument> \the  
                 
l.179 }
       
I'm forgetting what you said and using zero instead.

! Missing { inserted.
<to be read again> 
                   }
l.179 }
       
A left brace was mandatory here, so I've put one in.
You might want to delete and/or insert some corrections
so that I will find a matching right brace soon.
(If you're confused by all this, try typing `I}' now.)


! Package soul Error: Reconstruction failed.

See the soul package documentation for explanation.
Type  H <return>  for immediate help.
 ...                                              
                                                  
l.179 }
       
I came across hyphenatable material enclosed in group braces,
which I can't handle. Either drop the braces or make the material
unbreakable using an \mbox (\hbox). Note that a space
also counts as possible hyphenation point. See page 4 of the manual.
I'm leaving a black square so that you can see where I am right now.

! Missing } inserted.
<inserted text> 
                }
l.179 }
       
I've inserted something that you may have forgotten.
(See the <inserted text> above.)
With luck, this will get me unwedged. But if you
really didn't forget anything, try typing `2' now; then
my insertion and my current dilemma will both disappear.

! Missing } inserted.
<inserted text> 
                }
l.179 }
       
I've inserted something that you may have forgotten.
(See the <inserted text> above.)
With luck, this will get me unwedged. But if you
really didn't forget anything, try typing `2' now; then
my insertion and my current dilemma will both disappear.

! Misplaced \noalign.
\hline ->\noalign 
                  {\ifnum 0=`}\fi \hrule \@height \arrayrulewidth \futurelet...
l.179 }
       
I expect to see \noalign only after the \cr of
an alignment. Proceed, and I'll ignore this case.


! LaTeX Error: There's no line here to end.

See the LaTeX manual or LaTeX Companion for explanation.
Type  H <return>  for immediate help.
 ...                                              
                                                  
l.179 }
       
Your command was ignored.
Type  I <command> <return>  to replace it with another command,
or  <return>  to continue without it.


! LaTeX Error: There's no line here to end.

See the LaTeX manual or LaTeX Companion for explanation.
Type  H <return>  for immediate help.
 ...                                              
                                                  
l.217   }
         
Your command was ignored.
Type  I <command> <return>  to replace it with another command,
or  <return>  to continue without it.


! LaTeX Error: There's no line here to end.

See the LaTeX manual or LaTeX Companion for explanation.
Type  H <return>  for immediate help.
 ...                                              
                                                  
l.233 }
       
Your command was ignored.
Type  I <command> <return>  to replace it with another command,
or  <return>  to continue without it.


Overfull \hbox (4.2323pt too wide) detected at line 242
\OML/cmm/m/it/7 J[]\OT1/cmr/m/n/7 (\OML/cmm/m/it/7 x\OT1/cmr/m/n/7 ) = [][] = [
]
 []


Package hyperref Warning: Token not allowed in a PDF string (Unicode):
(hyperref)                removing `\<let>-command' on input line 244.


Package hyperref Warning: Token not allowed in a PDF string (Unicode):
(hyperref)                removing `\\' on input line 244.


Package hyperref Warning: Token not allowed in a PDF string (Unicode):
(hyperref)                removing `\@centercr' on input line 244.


Package hyperref Warning: Token not allowed in a PDF string (Unicode):
(hyperref)                removing `\rightskip' on input line 244.


Package hyperref Warning: Token not allowed in a PDF string (Unicode):
(hyperref)                removing `\@flushglue' on input line 244.


Package hyperref Warning: Token not allowed in a PDF string (Unicode):
(hyperref)                removing `\leftskip' on input line 244.


Package hyperref Warning: Token not allowed in a PDF string (Unicode):
(hyperref)                removing `\@flushglue' on input line 244.


Package hyperref Warning: Token not allowed in a PDF string (Unicode):
(hyperref)                removing `\finalhyphendemerits' on input line 244.


Package hyperref Warning: Token not allowed in a PDF string (Unicode):
(hyperref)                removing `\z@' on input line 244.


Package hyperref Warning: Token not allowed in a PDF string (Unicode):
(hyperref)                removing `\parindent' on input line 244.


Package hyperref Warning: Token not allowed in a PDF string (Unicode):
(hyperref)                removing `\z@' on input line 244.


Package hyperref Warning: Token not allowed in a PDF string (Unicode):
(hyperref)                removing `\parfillskip' on input line 244.


Package hyperref Warning: Token not allowed in a PDF string (Unicode):
(hyperref)                removing `\z@skip' on input line 244.


! LaTeX Error: There's no line here to end.

See the LaTeX manual or LaTeX Companion for explanation.
Type  H <return>  for immediate help.
 ...                                              
                                                  
l.254 }
       
Your command was ignored.
Type  I <command> <return>  to replace it with another command,
or  <return>  to continue without it.

! Misplaced \noalign.
\hline ->\noalign 
                  {\ifnum 0=`}\fi \hrule \@height \arrayrulewidth \futurelet...
l.264 \end{enumerate}}
                      
I expect to see \noalign only after the \cr of
an alignment. Proceed, and I'll ignore this case.

! Misplaced \noalign.
\hline ->\noalign 
                  {\ifnum 0=`}\fi \hrule \@height \arrayrulewidth \futurelet...
l.264 \end{enumerate}}
                      
I expect to see \noalign only after the \cr of
an alignment. Proceed, and I'll ignore this case.


! LaTeX Error: There's no line here to end.

See the LaTeX manual or LaTeX Companion for explanation.
Type  H <return>  for immediate help.
 ...                                              
                                                  
l.264 \end{enumerate}}
                      
Your command was ignored.
Type  I <command> <return>  to replace it with another command,
or  <return>  to continue without it.

! Misplaced \noalign.
\hline ->\noalign 
                  {\ifnum 0=`}\fi \hrule \@height \arrayrulewidth \futurelet...
l.275 }
       
I expect to see \noalign only after the \cr of
an alignment. Proceed, and I'll ignore this case.


Underfull \hbox (badness 7047) in paragraph at lines 275--275
[]\OT1/cmr/m/n/7 Die Drei-glieden-twick-lung ist dann
 []

! Misplaced \noalign.
\hline ->\noalign 
                  {\ifnum 0=`}\fi \hrule \@height \arrayrulewidth \futurelet...
l.275 }
       
I expect to see \noalign only after the \cr of
an alignment. Proceed, and I'll ignore this case.

[1

{C:/Users/41783/AppData/Local/MiKTeX/fonts/map/pdftex/pdftex.map}]

! LaTeX Error: There's no line here to end.

See the LaTeX manual or LaTeX Companion for explanation.
Type  H <return>  for immediate help.
 ...                                              
                                                  
l.275 }
       
Your command was ignored.
Type  I <command> <return>  to replace it with another command,
or  <return>  to continue without it.

! Misplaced \noalign.
\hline ->\noalign 
                  {\ifnum 0=`}\fi \hrule \@height \arrayrulewidth \futurelet...
l.287 }
       
I expect to see \noalign only after the \cr of
an alignment. Proceed, and I'll ignore this case.


Underfull \hbox (badness 10000) in paragraph at lines 287--287
[]\OT1/cmr/m/n/7 Ebene ist gegeben durch:
 []

! Misplaced \noalign.
\hline ->\noalign 
                  {\ifnum 0=`}\fi \hrule \@height \arrayrulewidth \futurelet...
l.287 }
       
I expect to see \noalign only after the \cr of
an alignment. Proceed, and I'll ignore this case.


! LaTeX Error: There's no line here to end.

See the LaTeX manual or LaTeX Companion for explanation.
Type  H <return>  for immediate help.
 ...                                              
                                                  
l.287 }
       
Your command was ignored.
Type  I <command> <return>  to replace it with another command,
or  <return>  to continue without it.

! Misplaced \noalign.
\hline ->\noalign 
                  {\ifnum 0=`}\fi \hrule \@height \arrayrulewidth \futurelet...
l.298 }
       
I expect to see \noalign only after the \cr of
an alignment. Proceed, and I'll ignore this case.


Underfull \hbox (badness 10000) in paragraph at lines 298--298
[]\OT1/cmr/m/n/7 Berechne $\OML/cmm/m/it/7 g\OT1/cmr/m/n/7 (\OML/cmm/m/it/7 x[]
; y[]\OT1/cmr/m/n/7 ) = \OML/cmm/m/it/7 z\OT1/cmr/m/n/7 (\OML/cmm/m/it/7 x[]; y
[]\OT1/cmr/m/n/7 ) +
 []

! Misplaced \noalign.
\hline ->\noalign 
                  {\ifnum 0=`}\fi \hrule \@height \arrayrulewidth \futurelet...
l.298 }
       
I expect to see \noalign only after the \cr of
an alignment. Proceed, and I'll ignore this case.


! LaTeX Error: There's no line here to end.

See the LaTeX manual or LaTeX Companion for explanation.
Type  H <return>  for immediate help.
 ...                                              
                                                  
l.298 }
       
Your command was ignored.
Type  I <command> <return>  to replace it with another command,
or  <return>  to continue without it.


! LaTeX Error: There's no line here to end.

See the LaTeX manual or LaTeX Companion for explanation.
Type  H <return>  for immediate help.
 ...                                              
                                                  
l.310 }
       
Your command was ignored.
Type  I <command> <return>  to replace it with another command,
or  <return>  to continue without it.


! LaTeX Error: There's no line here to end.

See the LaTeX manual or LaTeX Companion for explanation.
Type  H <return>  for immediate help.
 ...                                              
                                                  
l.327 \end{enumerate}}
                      
Your command was ignored.
Type  I <command> <return>  to replace it with another command,
or  <return>  to continue without it.

! Missing $ inserted.
<inserted text> 
                $
l.327 \end{enumerate}}
                      
I've inserted a begin-math/end-math symbol since I think
you left one out. Proceed, with fingers crossed.

! Missing } inserted.
<inserted text> 
                }
l.327 \end{enumerate}}
                      
I've inserted something that you may have forgotten.
(See the <inserted text> above.)
With luck, this will get me unwedged. But if you
really didn't forget anything, try typing `2' now; then
my insertion and my current dilemma will both disappear.

! Display math should end with $$.
<to be read again> 
                   \tex_par:D 
l.327 \end{enumerate}}
                      
The `$' that I just saw supposedly matches a previous `$$'.
So I shall assume that you typed `$$' both times.

! Extra }, or forgotten \endgroup.
\par ...m \@noitemerr {\@@par }\fi \else {\@@par }
                                                  \fi 
l.327 \end{enumerate}}
                      
I've deleted a group-closing symbol because it seems to be
spurious, as in `$x}$'. But perhaps the } is legitimate and
you forgot something else, as in `\hbox{$x}'. In such cases
the way to recover is to insert both the forgotten and the
deleted material, e.g., by typing `I$}'.


! LaTeX Error: \mathcal allowed only in math mode.

See the LaTeX manual or LaTeX Companion for explanation.
Type  H <return>  for immediate help.
 ...                                              
                                                  
l.327 \end{enumerate}}
                      
You're in trouble here.  Try typing  <return>  to proceed.
If that doesn't work, type  X <return>  to quit.

! Missing $ inserted.
<inserted text> 
                $
l.327 \end{enumerate}}
                      
I've inserted a begin-math/end-math symbol since I think
you left one out. Proceed, with fingers crossed.


! LaTeX Error: Command \end{enumerate} invalid in math mode.

See the LaTeX manual or LaTeX Companion for explanation.
Type  H <return>  for immediate help.
 ...                                              
                                                  
l.327 \end{enumerate}}
                      
Try typing  <return>  to proceed.
If that doesn't work, type  X <return>  to quit.


! LaTeX Error: Something's wrong--perhaps a missing \item.

See the LaTeX manual or LaTeX Companion for explanation.
Type  H <return>  for immediate help.
 ...                                              
                                                  
l.327 \end{enumerate}}
                      
Try typing  <return>  to proceed.
If that doesn't work, type  X <return>  to quit.


! LaTeX Error: Something's wrong--perhaps a missing \item.

See the LaTeX manual or LaTeX Companion for explanation.
Type  H <return>  for immediate help.
 ...                                              
                                                  
l.327 \end{enumerate}}
                      
Try typing  <return>  to proceed.
If that doesn't work, type  X <return>  to quit.

! Missing $ inserted.
<inserted text> 
                $
l.327 \end{enumerate}}
                      
I've inserted something that you may have forgotten.
(See the <inserted text> above.)
With luck, this will get me unwedged. But if you
really didn't forget anything, try typing `2' now; then
my insertion and my current dilemma will both disappear.


! LaTeX Error: There's no line here to end.

See the LaTeX manual or LaTeX Companion for explanation.
Type  H <return>  for immediate help.
 ...                                              
                                                  
l.336  \end{enumerate}}
                       
Your command was ignored.
Type  I <command> <return>  to replace it with another command,
or  <return>  to continue without it.


! LaTeX Error: There's no line here to end.

See the LaTeX manual or LaTeX Companion for explanation.
Type  H <return>  for immediate help.
 ...                                              
                                                  
l.365   }
         
Your command was ignored.
Type  I <command> <return>  to replace it with another command,
or  <return>  to continue without it.


! LaTeX Error: There's no line here to end.

See the LaTeX manual or LaTeX Companion for explanation.
Type  H <return>  for immediate help.
 ...                                              
                                                  
l.386 }
       
Your command was ignored.
Type  I <command> <return>  to replace it with another command,
or  <return>  to continue without it.

! Undefined control sequence.
l.393 \KOR
          {}{$H_{f}(x_{0})$ ist symmetrisch}
The control sequence at the end of the top line
of your error message was never \def'ed. If you have
misspelled it (e.g., `\hobx'), type `I' and the correct
spelling (e.g., `I\hbox'). Otherwise just continue,
and I'll forget about whatever was undefined.

! Undefined control sequence.
l.395 \KOR
          {}{Ist $f$  $C^k$, so lassen sich $\partial_{x_{j_1}}, \ldots, \pa...
The control sequence at the end of the top line
of your error message was never \def'ed. If you have
misspelled it (e.g., `\hobx'), type `I' and the correct
spelling (e.g., `I\hbox'). Otherwise just continue,
and I'll forget about whatever was undefined.


Package hyperref Warning: Token not allowed in a PDF string (Unicode):
(hyperref)                removing `\<let>-command' on input line 399.


Package hyperref Warning: Token not allowed in a PDF string (Unicode):
(hyperref)                removing `\\' on input line 399.


Package hyperref Warning: Token not allowed in a PDF string (Unicode):
(hyperref)                removing `\@centercr' on input line 399.


Package hyperref Warning: Token not allowed in a PDF string (Unicode):
(hyperref)                removing `\rightskip' on input line 399.


Package hyperref Warning: Token not allowed in a PDF string (Unicode):
(hyperref)                removing `\@flushglue' on input line 399.


Package hyperref Warning: Token not allowed in a PDF string (Unicode):
(hyperref)                removing `\leftskip' on input line 399.


Package hyperref Warning: Token not allowed in a PDF string (Unicode):
(hyperref)                removing `\@flushglue' on input line 399.


Package hyperref Warning: Token not allowed in a PDF string (Unicode):
(hyperref)                removing `\finalhyphendemerits' on input line 399.


Package hyperref Warning: Token not allowed in a PDF string (Unicode):
(hyperref)                removing `\z@' on input line 399.


Package hyperref Warning: Token not allowed in a PDF string (Unicode):
(hyperref)                removing `\parindent' on input line 399.


Package hyperref Warning: Token not allowed in a PDF string (Unicode):
(hyperref)                removing `\z@' on input line 399.


Package hyperref Warning: Token not allowed in a PDF string (Unicode):
(hyperref)                removing `\parfillskip' on input line 399.


Package hyperref Warning: Token not allowed in a PDF string (Unicode):
(hyperref)                removing `\z@skip' on input line 399.


! LaTeX Error: There's no line here to end.

See the LaTeX manual or LaTeX Companion for explanation.
Type  H <return>  for immediate help.
 ...                                              
                                                  
l.405 }
       
Your command was ignored.
Type  I <command> <return>  to replace it with another command,
or  <return>  to continue without it.


! LaTeX Error: There's no line here to end.

See the LaTeX manual or LaTeX Companion for explanation.
Type  H <return>  for immediate help.
 ...                                              
                                                  
l.414 }
       
Your command was ignored.
Type  I <command> <return>  to replace it with another command,
or  <return>  to continue without it.


! LaTeX Error: There's no line here to end.

See the LaTeX manual or LaTeX Companion for explanation.
Type  H <return>  for immediate help.
 ...                                              
                                                  
l.425 }
       
Your command was ignored.
Type  I <command> <return>  to replace it with another command,
or  <return>  to continue without it.


Package hyperref Warning: Token not allowed in a PDF string (Unicode):
(hyperref)                removing `\<let>-command' on input line 428.


Package hyperref Warning: Token not allowed in a PDF string (Unicode):
(hyperref)                removing `\\' on input line 428.


Package hyperref Warning: Token not allowed in a PDF string (Unicode):
(hyperref)                removing `\@centercr' on input line 428.


Package hyperref Warning: Token not allowed in a PDF string (Unicode):
(hyperref)                removing `\rightskip' on input line 428.


Package hyperref Warning: Token not allowed in a PDF string (Unicode):
(hyperref)                removing `\@flushglue' on input line 428.


Package hyperref Warning: Token not allowed in a PDF string (Unicode):
(hyperref)                removing `\leftskip' on input line 428.


Package hyperref Warning: Token not allowed in a PDF string (Unicode):
(hyperref)                removing `\@flushglue' on input line 428.


Package hyperref Warning: Token not allowed in a PDF string (Unicode):
(hyperref)                removing `\finalhyphendemerits' on input line 428.


Package hyperref Warning: Token not allowed in a PDF string (Unicode):
(hyperref)                removing `\z@' on input line 428.


Package hyperref Warning: Token not allowed in a PDF string (Unicode):
(hyperref)                removing `\parindent' on input line 428.


Package hyperref Warning: Token not allowed in a PDF string (Unicode):
(hyperref)                removing `\z@' on input line 428.


Package hyperref Warning: Token not allowed in a PDF string (Unicode):
(hyperref)                removing `\parfillskip' on input line 428.


Package hyperref Warning: Token not allowed in a PDF string (Unicode):
(hyperref)                removing `\z@skip' on input line 428.

! Misplaced \noalign.
\hline ->\noalign 
                  {\ifnum 0=`}\fi \hrule \@height \arrayrulewidth \futurelet...
l.440 }
       
I expect to see \noalign only after the \cr of
an alignment. Proceed, and I'll ignore this case.

! Misplaced \noalign.
\hline ->\noalign 
                  {\ifnum 0=`}\fi \hrule \@height \arrayrulewidth \futurelet...
l.440 }
       
I expect to see \noalign only after the \cr of
an alignment. Proceed, and I'll ignore this case.


! LaTeX Error: There's no line here to end.

See the LaTeX manual or LaTeX Companion for explanation.
Type  H <return>  for immediate help.
 ...                                              
                                                  
l.440 }
       
Your command was ignored.
Type  I <command> <return>  to replace it with another command,
or  <return>  to continue without it.

! Misplaced \noalign.
\hline ->\noalign 
                  {\ifnum 0=`}\fi \hrule \@height \arrayrulewidth \futurelet...
l.456 }
       
I expect to see \noalign only after the \cr of
an alignment. Proceed, and I'll ignore this case.

! Misplaced \noalign.
\hline ->\noalign 
                  {\ifnum 0=`}\fi \hrule \@height \arrayrulewidth \futurelet...
l.456 }
       
I expect to see \noalign only after the \cr of
an alignment. Proceed, and I'll ignore this case.


! LaTeX Error: There's no line here to end.

See the LaTeX manual or LaTeX Companion for explanation.
Type  H <return>  for immediate help.
 ...                                              
                                                  
l.456 }
       
Your command was ignored.
Type  I <command> <return>  to replace it with another command,
or  <return>  to continue without it.

! Misplaced \noalign.
\hline ->\noalign 
                  {\ifnum 0=`}\fi \hrule \@height \arrayrulewidth \futurelet...
l.466 }
       
I expect to see \noalign only after the \cr of
an alignment. Proceed, and I'll ignore this case.

! Misplaced \noalign.
\hline ->\noalign 
                  {\ifnum 0=`}\fi \hrule \@height \arrayrulewidth \futurelet...
l.466 }
       
I expect to see \noalign only after the \cr of
an alignment. Proceed, and I'll ignore this case.


! LaTeX Error: There's no line here to end.

See the LaTeX manual or LaTeX Companion for explanation.
Type  H <return>  for immediate help.
 ...                                              
                                                  
l.466 }
       
Your command was ignored.
Type  I <command> <return>  to replace it with another command,
or  <return>  to continue without it.


Overfull \hbox (4.47993pt too wide) in paragraph at lines 472--472
[][] [] \OMS/cmsy/m/n/7 ^^A\OML/cmm/m/it/7 y[] \OMS/cmsy/m/n/7 ^^A 
 []


! LaTeX Error: There's no line here to end.

See the LaTeX manual or LaTeX Companion for explanation.
Type  H <return>  for immediate help.
 ...                                              
                                                  
l.487 }
       
Your command was ignored.
Type  I <command> <return>  to replace it with another command,
or  <return>  to continue without it.

[2]

! LaTeX Error: There's no line here to end.

See the LaTeX manual or LaTeX Companion for explanation.
Type  H <return>  for immediate help.
 ...                                              
                                                  
l.512 }
       
Your command was ignored.
Type  I <command> <return>  to replace it with another command,
or  <return>  to continue without it.


! LaTeX Error: There's no line here to end.

See the LaTeX manual or LaTeX Companion for explanation.
Type  H <return>  for immediate help.
 ...                                              
                                                  
l.537 }
       
Your command was ignored.
Type  I <command> <return>  to replace it with another command,
or  <return>  to continue without it.

! Misplaced \noalign.
\hline ->\noalign 
                  {\ifnum 0=`}\fi \hrule \@height \arrayrulewidth \futurelet...
l.548 }
       
I expect to see \noalign only after the \cr of
an alignment. Proceed, and I'll ignore this case.

! Undefined control sequence.
<recently read> \exist 
                       
l.548 }
       
The control sequence at the end of the top line
of your error message was never \def'ed. If you have
misspelled it (e.g., `\hobx'), type `I' and the correct
spelling (e.g., `I\hbox'). Otherwise just continue,
and I'll forget about whatever was undefined.

! Argument of \UTFviii@two@octets@combine has an extra }.
<inserted text> 
                \par 
l.548 }
       
I've run across a `}' that doesn't seem to match anything.
For example, `\def\a#1{...}' and `\a}' would produce
this error. If you simply proceed now, the `\par' that
I've just inserted will cause me to report a runaway
argument that might be the root of the problem. But if
your `}' was spurious, just type `2' and it will go away.

Runaway argument?
! Paragraph ended before \UTFviii@two@octets@combine was complete.
<to be read again> 
                   \par 
l.548 }
       
I suspect you've forgotten a `}', causing me to apply this
control sequence to too much text. How can we recover?
My plan is to forget the whole thing and hope for the best.

! Argument of \UTFviii@two@octets@combine has an extra }.
<inserted text> 
                \par 
l.548 }
       
I've run across a `}' that doesn't seem to match anything.
For example, `\def\a#1{...}' and `\a}' would produce
this error. If you simply proceed now, the `\par' that
I've just inserted will cause me to report a runaway
argument that might be the root of the problem. But if
your `}' was spurious, just type `2' and it will go away.

Runaway argument?
! Paragraph ended before \UTFviii@two@octets@combine was complete.
<to be read again> 
                   \par 
l.548 }
       
I suspect you've forgotten a `}', causing me to apply this
control sequence to too much text. How can we recover?
My plan is to forget the whole thing and hope for the best.

! Argument of \UTFviii@two@octets@combine has an extra }.
<inserted text> 
                \par 
l.548 }
       
I've run across a `}' that doesn't seem to match anything.
For example, `\def\a#1{...}' and `\a}' would produce
this error. If you simply proceed now, the `\par' that
I've just inserted will cause me to report a runaway
argument that might be the root of the problem. But if
your `}' was spurious, just type `2' and it will go away.

Runaway argument?
! Paragraph ended before \UTFviii@two@octets@combine was complete.
<to be read again> 
                   \par 
l.548 }
       
I suspect you've forgotten a `}', causing me to apply this
control sequence to too much text. How can we recover?
My plan is to forget the whole thing and hope for the best.


! LaTeX Error: Invalid UTF-8 byte sequence (Ã\the).

See the LaTeX manual or LaTeX Companion for explanation.
Type  H <return>  for immediate help.
 ...                                              
                                                  
l.548 }
       
The document does not appear to be in UTF-8 encoding.
Try adding \UseRawInputEncoding as the first line of the file
or specify an encoding such as \usepackage [latin1]{inputenc}
in the document preamble.
Alternatively, save the file in UTF-8 using your editor or another tool

! Missing { inserted.
<to be read again> 
                   }
l.548 }
       
A left brace was mandatory here, so I've put one in.
You might want to delete and/or insert some corrections
so that I will find a matching right brace soon.
(If you're confused by all this, try typing `I}' now.)


! LaTeX Error: Invalid UTF-8 byte sequence (Ã\null).

See the LaTeX manual or LaTeX Companion for explanation.
Type  H <return>  for immediate help.
 ...                                              
                                                  
l.548 }
       
The document does not appear to be in UTF-8 encoding.
Try adding \UseRawInputEncoding as the first line of the file
or specify an encoding such as \usepackage [latin1]{inputenc}
in the document preamble.
Alternatively, save the file in UTF-8 using your editor or another tool


! Package soul Error: Reconstruction failed.

See the soul package documentation for explanation.
Type  H <return>  for immediate help.
 ...                                              
                                                  
l.548 }
       
I came across hyphenatable material enclosed in group braces,
which I can't handle. Either drop the braces or make the material
unbreakable using an \mbox (\hbox). Note that a space
also counts as possible hyphenation point. See page 4 of the manual.
I'm leaving a black square so that you can see where I am right now.

! Missing } inserted.
<inserted text> 
                }
l.548 }
       
I've inserted something that you may have forgotten.
(See the <inserted text> above.)
With luck, this will get me unwedged. But if you
really didn't forget anything, try typing `2' now; then
my insertion and my current dilemma will both disappear.

! Misplaced \noalign.
\hline ->\noalign 
                  {\ifnum 0=`}\fi \hrule \@height \arrayrulewidth \futurelet...
l.548 }
       
I expect to see \noalign only after the \cr of
an alignment. Proceed, and I'll ignore this case.


! LaTeX Error: There's no line here to end.

See the LaTeX manual or LaTeX Companion for explanation.
Type  H <return>  for immediate help.
 ...                                              
                                                  
l.548 }
       
Your command was ignored.
Type  I <command> <return>  to replace it with another command,
or  <return>  to continue without it.

! Misplaced \noalign.
\hline ->\noalign 
                  {\ifnum 0=`}\fi \hrule \@height \arrayrulewidth \futurelet...
l.561 }
       
I expect to see \noalign only after the \cr of
an alignment. Proceed, and I'll ignore this case.


Underfull \hbox (badness 10000) in paragraph at lines 561--561
[]\OT1/cmr/m/n/7 Bestimme kri-tis-che Punkte am
 []


Underfull \hbox (badness 10000) in paragraph at lines 561--561
[][]\OT1/cmr/m/n/7 Uberpr^^?ufe Eck-punkte sep-a-rat:
 []


Underfull \hbox (badness 10000) in paragraph at lines 561--561
\OT1/cmr/m/n/7 Kreis $\OML/cmm/m/it/7 g\OT1/cmr/m/n/7 (\OML/cmm/m/it/7 ^^^\OT1/
cmr/m/n/7 ) = ([] \OML/cmm/m/it/7 ^^^; [] ^^^\OT1/cmr/m/n/7 )$ ein-set-zen
 []

! Misplaced \noalign.
\hline ->\noalign 
                  {\ifnum 0=`}\fi \hrule \@height \arrayrulewidth \futurelet...
l.561 }
       
I expect to see \noalign only after the \cr of
an alignment. Proceed, and I'll ignore this case.


! LaTeX Error: There's no line here to end.

See the LaTeX manual or LaTeX Companion for explanation.
Type  H <return>  for immediate help.
 ...                                              
                                                  
l.561 }
       
Your command was ignored.
Type  I <command> <return>  to replace it with another command,
or  <return>  to continue without it.

! Misplaced \noalign.
\hline ->\noalign 
                  {\ifnum 0=`}\fi \hrule \@height \arrayrulewidth \futurelet...
l.584 }
       
I expect to see \noalign only after the \cr of
an alignment. Proceed, and I'll ignore this case.

! Misplaced \noalign.
\hline ->\noalign 
                  {\ifnum 0=`}\fi \hrule \@height \arrayrulewidth \futurelet...
l.584 }
       
I expect to see \noalign only after the \cr of
an alignment. Proceed, and I'll ignore this case.


! LaTeX Error: There's no line here to end.

See the LaTeX manual or LaTeX Companion for explanation.
Type  H <return>  for immediate help.
 ...                                              
                                                  
l.584 }
       
Your command was ignored.
Type  I <command> <return>  to replace it with another command,
or  <return>  to continue without it.

! Misplaced \noalign.
\hline ->\noalign 
                  {\ifnum 0=`}\fi \hrule \@height \arrayrulewidth \futurelet...
l.591 }
       
I expect to see \noalign only after the \cr of
an alignment. Proceed, and I'll ignore this case.

! Misplaced \noalign.
\hline ->\noalign 
                  {\ifnum 0=`}\fi \hrule \@height \arrayrulewidth \futurelet...
l.591 }
       
I expect to see \noalign only after the \cr of
an alignment. Proceed, and I'll ignore this case.


! LaTeX Error: There's no line here to end.

See the LaTeX manual or LaTeX Companion for explanation.
Type  H <return>  for immediate help.
 ...                                              
                                                  
l.591 }
       
Your command was ignored.
Type  I <command> <return>  to replace it with another command,
or  <return>  to continue without it.


! LaTeX Error: There's no line here to end.

See the LaTeX manual or LaTeX Companion for explanation.
Type  H <return>  for immediate help.
 ...                                              
                                                  
l.602  }
        
Your command was ignored.
Type  I <command> <return>  to replace it with another command,
or  <return>  to continue without it.


! LaTeX Error: There's no line here to end.

See the LaTeX manual or LaTeX Companion for explanation.
Type  H <return>  for immediate help.
 ...                                              
                                                  
l.610 }
       
Your command was ignored.
Type  I <command> <return>  to replace it with another command,
or  <return>  to continue without it.


! LaTeX Error: There's no line here to end.

See the LaTeX manual or LaTeX Companion for explanation.
Type  H <return>  for immediate help.
 ...                                              
                                                  
l.623 }
       
Your command was ignored.
Type  I <command> <return>  to replace it with another command,
or  <return>  to continue without it.


! LaTeX Error: There's no line here to end.

See the LaTeX manual or LaTeX Companion for explanation.
Type  H <return>  for immediate help.
 ...                                              
                                                  
l.639  \end{itemize}}
                     
Your command was ignored.
Type  I <command> <return>  to replace it with another command,
or  <return>  to continue without it.


! LaTeX Error: There's no line here to end.

See the LaTeX manual or LaTeX Companion for explanation.
Type  H <return>  for immediate help.
 ...                                              
                                                  
l.651 }
       
Your command was ignored.
Type  I <command> <return>  to replace it with another command,
or  <return>  to continue without it.


! LaTeX Error: There's no line here to end.

See the LaTeX manual or LaTeX Companion for explanation.
Type  H <return>  for immediate help.
 ...                                              
                                                  
l.666 }
       
Your command was ignored.
Type  I <command> <return>  to replace it with another command,
or  <return>  to continue without it.


! LaTeX Error: There's no line here to end.

See the LaTeX manual or LaTeX Companion for explanation.
Type  H <return>  for immediate help.
 ...                                              
                                                  
l.694 }
       
Your command was ignored.
Type  I <command> <return>  to replace it with another command,
or  <return>  to continue without it.


! LaTeX Error: There's no line here to end.

See the LaTeX manual or LaTeX Companion for explanation.
Type  H <return>  for immediate help.
 ...                                              
                                                  
l.704 }
       
Your command was ignored.
Type  I <command> <return>  to replace it with another command,
or  <return>  to continue without it.

! Extra }, or forgotten \endgroup.
l.706 }
       
I've deleted a group-closing symbol because it seems to be
spurious, as in `$x}$'. But perhaps the } is legitimate and
you forgot something else, as in `\hbox{$x}'. In such cases
the way to recover is to insert both the forgotten and the
deleted material, e.g., by typing `I$}'.

) (Sections/ODE.tex

Package hyperref Warning: Token not allowed in a PDF string (Unicode):
(hyperref)                removing `\<let>-command' on input line 2.


Package hyperref Warning: Token not allowed in a PDF string (Unicode):
(hyperref)                removing `\\' on input line 2.


Package hyperref Warning: Token not allowed in a PDF string (Unicode):
(hyperref)                removing `\@centercr' on input line 2.


Package hyperref Warning: Token not allowed in a PDF string (Unicode):
(hyperref)                removing `\rightskip' on input line 2.


Package hyperref Warning: Token not allowed in a PDF string (Unicode):
(hyperref)                removing `\@flushglue' on input line 2.


Package hyperref Warning: Token not allowed in a PDF string (Unicode):
(hyperref)                removing `\leftskip' on input line 2.


Package hyperref Warning: Token not allowed in a PDF string (Unicode):
(hyperref)                removing `\@flushglue' on input line 2.


Package hyperref Warning: Token not allowed in a PDF string (Unicode):
(hyperref)                removing `\finalhyphendemerits' on input line 2.


Package hyperref Warning: Token not allowed in a PDF string (Unicode):
(hyperref)                removing `\z@' on input line 2.


Package hyperref Warning: Token not allowed in a PDF string (Unicode):
(hyperref)                removing `\parindent' on input line 2.


Package hyperref Warning: Token not allowed in a PDF string (Unicode):
(hyperref)                removing `\z@' on input line 2.


Package hyperref Warning: Token not allowed in a PDF string (Unicode):
(hyperref)                removing `\parfillskip' on input line 2.


Package hyperref Warning: Token not allowed in a PDF string (Unicode):
(hyperref)                removing `\z@skip' on input line 2.


! LaTeX Error: There's no line here to end.

See the LaTeX manual or LaTeX Companion for explanation.
Type  H <return>  for immediate help.
 ...                                              
                                                  
l.17 }
      
Your command was ignored.
Type  I <command> <return>  to replace it with another command,
or  <return>  to continue without it.


! LaTeX Error: There's no line here to end.

See the LaTeX manual or LaTeX Companion for explanation.
Type  H <return>  for immediate help.
 ...                                              
                                                  
l.30 }
      
Your command was ignored.
Type  I <command> <return>  to replace it with another command,
or  <return>  to continue without it.


Package hyperref Warning: Token not allowed in a PDF string (Unicode):
(hyperref)                removing `\<let>-command' on input line 34.


Package hyperref Warning: Token not allowed in a PDF string (Unicode):
(hyperref)                removing `\\' on input line 34.


Package hyperref Warning: Token not allowed in a PDF string (Unicode):
(hyperref)                removing `\@centercr' on input line 34.


Package hyperref Warning: Token not allowed in a PDF string (Unicode):
(hyperref)                removing `\rightskip' on input line 34.


Package hyperref Warning: Token not allowed in a PDF string (Unicode):
(hyperref)                removing `\@flushglue' on input line 34.


Package hyperref Warning: Token not allowed in a PDF string (Unicode):
(hyperref)                removing `\leftskip' on input line 34.


Package hyperref Warning: Token not allowed in a PDF string (Unicode):
(hyperref)                removing `\@flushglue' on input line 34.


Package hyperref Warning: Token not allowed in a PDF string (Unicode):
(hyperref)                removing `\finalhyphendemerits' on input line 34.


Package hyperref Warning: Token not allowed in a PDF string (Unicode):
(hyperref)                removing `\z@' on input line 34.


Package hyperref Warning: Token not allowed in a PDF string (Unicode):
(hyperref)                removing `\parindent' on input line 34.


Package hyperref Warning: Token not allowed in a PDF string (Unicode):
(hyperref)                removing `\z@' on input line 34.


Package hyperref Warning: Token not allowed in a PDF string (Unicode):
(hyperref)                removing `\parfillskip' on input line 34.


Package hyperref Warning: Token not allowed in a PDF string (Unicode):
(hyperref)                removing `\z@skip' on input line 34.

! Misplaced \noalign.
\hline ->\noalign 
                  {\ifnum 0=`}\fi \hrule \@height \arrayrulewidth \futurelet...
l.70  }
       
I expect to see \noalign only after the \cr of
an alignment. Proceed, and I'll ignore this case.

! Misplaced \noalign.
\hline ->\noalign 
                  {\ifnum 0=`}\fi \hrule \@height \arrayrulewidth \futurelet...
l.70  }
       
I expect to see \noalign only after the \cr of
an alignment. Proceed, and I'll ignore this case.


! LaTeX Error: There's no line here to end.

See the LaTeX manual or LaTeX Companion for explanation.
Type  H <return>  for immediate help.
 ...                                              
                                                  
l.70  }
       
Your command was ignored.
Type  I <command> <return>  to replace it with another command,
or  <return>  to continue without it.

! Misplaced \noalign.
\hline ->\noalign 
                  {\ifnum 0=`}\fi \hrule \@height \arrayrulewidth \futurelet...
l.74 ... die Bedingungen $z_{i}^{\prime}=z_{i+1}$}
                                                  
I expect to see \noalign only after the \cr of
an alignment. Proceed, and I'll ignore this case.

! Misplaced \noalign.
\hline ->\noalign 
                  {\ifnum 0=`}\fi \hrule \@height \arrayrulewidth \futurelet...
l.74 ... die Bedingungen $z_{i}^{\prime}=z_{i+1}$}
                                                  
I expect to see \noalign only after the \cr of
an alignment. Proceed, and I'll ignore this case.


! LaTeX Error: There's no line here to end.

See the LaTeX manual or LaTeX Companion for explanation.
Type  H <return>  for immediate help.
 ...                                              
                                                  
l.74 ... die Bedingungen $z_{i}^{\prime}=z_{i+1}$}
                                                  
Your command was ignored.
Type  I <command> <return>  to replace it with another command,
or  <return>  to continue without it.

! Undefined control sequence.
l.76 \EX
        {ODE mit $k \geq 2$}{Die ODE \begin{align*}
The control sequence at the end of the top line
of your error message was never \def'ed. If you have
misspelled it (e.g., `\hobx'), type `I' and the correct
spelling (e.g., `I\hbox'). Otherwise just continue,
and I'll forget about whatever was undefined.

! Misplaced \noalign.
\hline ->\noalign 
                  {\ifnum 0=`}\fi \hrule \@height \arrayrulewidth \futurelet...
l.103 }
       
I expect to see \noalign only after the \cr of
an alignment. Proceed, and I'll ignore this case.

! Misplaced \noalign.
\hline ->\noalign 
                  {\ifnum 0=`}\fi \hrule \@height \arrayrulewidth \futurelet...
l.103 }
       
I expect to see \noalign only after the \cr of
an alignment. Proceed, and I'll ignore this case.

[3]

! LaTeX Error: There's no line here to end.

See the LaTeX manual or LaTeX Companion for explanation.
Type  H <return>  for immediate help.
 ...                                              
                                                  
l.103 }
       
Your command was ignored.
Type  I <command> <return>  to replace it with another command,
or  <return>  to continue without it.

! Misplaced \noalign.
\hline ->\noalign 
                  {\ifnum 0=`}\fi \hrule \@height \arrayrulewidth \futurelet...
l.135 }
       
I expect to see \noalign only after the \cr of
an alignment. Proceed, and I'll ignore this case.


Underfull \hbox (badness 10000) in paragraph at lines 135--135

 []


Underfull \hbox (badness 5245) in paragraph at lines 135--135
[]\OT1/cmr/m/n/7 Sei $\OML/cmm/m/it/7 k[]$ \OT1/cmr/m/n/7 die Vielfach-heit von
 $\OML/cmm/m/it/7 ^^U[]$ \OT1/cmr/m/n/7 und
 []


LaTeX Warning: Command \l invalid in math mode on input line 135.


Underfull \hbox (badness 5878) in paragraph at lines 135--135
\U/msb/m/n/7 R$ \OT1/cmr/m/n/7 und sei $(\OML/cmm/m/it/7 l \OMS/cmsy/m/n/7 ^^F 
\OML/cmm/m/it/7 mi\OT1/cmr/m/n/7 )$ eine Null-stelle
 []


Underfull \hbox (badness 7759) in paragraph at lines 135--135
\OT1/cmr/m/n/7 des char. Poly-nom. Dann gilt
 []


Underfull \hbox (badness 10000) in paragraph at lines 135--135

 []


Underfull \hbox (badness 10000) in paragraph at lines 135--135
[]\OT1/cmr/m/n/7 Nutze Su-per-po-si-tion-sprinzip und l^^?ose
 []

! Misplaced \noalign.
\hline ->\noalign 
                  {\ifnum 0=`}\fi \hrule \@height \arrayrulewidth \futurelet...
l.135 }
       
I expect to see \noalign only after the \cr of
an alignment. Proceed, and I'll ignore this case.


! LaTeX Error: There's no line here to end.

See the LaTeX manual or LaTeX Companion for explanation.
Type  H <return>  for immediate help.
 ...                                              
                                                  
l.135 }
       
Your command was ignored.
Type  I <command> <return>  to replace it with another command,
or  <return>  to continue without it.

! Misplaced \noalign.
\hline ->\noalign 
                  {\ifnum 0=`}\fi \hrule \@height \arrayrulewidth \futurelet...
l.159 }
       
I expect to see \noalign only after the \cr of
an alignment. Proceed, and I'll ignore this case.

! Misplaced \noalign.
\hline ->\noalign 
                  {\ifnum 0=`}\fi \hrule \@height \arrayrulewidth \futurelet...
l.159 }
       
I expect to see \noalign only after the \cr of
an alignment. Proceed, and I'll ignore this case.


! LaTeX Error: There's no line here to end.

See the LaTeX manual or LaTeX Companion for explanation.
Type  H <return>  for immediate help.
 ...                                              
                                                  
l.159 }
       
Your command was ignored.
Type  I <command> <return>  to replace it with another command,
or  <return>  to continue without it.

! Misplaced \noalign.
\hline ->\noalign 
                  {\ifnum 0=`}\fi \hrule \@height \arrayrulewidth \futurelet...
l.181 }
       
I expect to see \noalign only after the \cr of
an alignment. Proceed, and I'll ignore this case.


LaTeX Warning: Command \i invalid in math mode on input line 181.


LaTeX Warning: Command \i invalid in math mode on input line 181.


LaTeX Warning: Command \i invalid in math mode on input line 181.


Underfull \hbox (badness 10000) in paragraph at lines 181--181
[]\OT1/cmr/m/n/7 Berechne Wurzel mit $\OML/cmm/m/it/7 z[] \OT1/cmr/m/n/7 =
 []


LaTeX Warning: Command \i invalid in math mode on input line 181.

! Misplaced \noalign.
\hline ->\noalign 
                  {\ifnum 0=`}\fi \hrule \@height \arrayrulewidth \futurelet...
l.181 }
       
I expect to see \noalign only after the \cr of
an alignment. Proceed, and I'll ignore this case.


! LaTeX Error: There's no line here to end.

See the LaTeX manual or LaTeX Companion for explanation.
Type  H <return>  for immediate help.
 ...                                              
                                                  
l.181 }
       
Your command was ignored.
Type  I <command> <return>  to replace it with another command,
or  <return>  to continue without it.

! Misplaced \noalign.
\hline ->\noalign 
                  {\ifnum 0=`}\fi \hrule \@height \arrayrulewidth \futurelet...
l.189  }
        
I expect to see \noalign only after the \cr of
an alignment. Proceed, and I'll ignore this case.


Underfull \hbox (badness 10000) in paragraph at lines 189--189
[]\OT1/cmr/m/n/7 Man kann alle m^^?oglichen Null-stellen
 []

! Misplaced \noalign.
\hline ->\noalign 
                  {\ifnum 0=`}\fi \hrule \@height \arrayrulewidth \futurelet...
l.189  }
        
I expect to see \noalign only after the \cr of
an alignment. Proceed, and I'll ignore this case.


! LaTeX Error: There's no line here to end.

See the LaTeX manual or LaTeX Companion for explanation.
Type  H <return>  for immediate help.
 ...                                              
                                                  
l.189  }
        
Your command was ignored.
Type  I <command> <return>  to replace it with another command,
or  <return>  to continue without it.


Package hyperref Warning: Token not allowed in a PDF string (Unicode):
(hyperref)                removing `\<let>-command' on input line 191.


Package hyperref Warning: Token not allowed in a PDF string (Unicode):
(hyperref)                removing `\\' on input line 191.


Package hyperref Warning: Token not allowed in a PDF string (Unicode):
(hyperref)                removing `\@centercr' on input line 191.


Package hyperref Warning: Token not allowed in a PDF string (Unicode):
(hyperref)                removing `\rightskip' on input line 191.


Package hyperref Warning: Token not allowed in a PDF string (Unicode):
(hyperref)                removing `\@flushglue' on input line 191.


Package hyperref Warning: Token not allowed in a PDF string (Unicode):
(hyperref)                removing `\leftskip' on input line 191.


Package hyperref Warning: Token not allowed in a PDF string (Unicode):
(hyperref)                removing `\@flushglue' on input line 191.


Package hyperref Warning: Token not allowed in a PDF string (Unicode):
(hyperref)                removing `\finalhyphendemerits' on input line 191.


Package hyperref Warning: Token not allowed in a PDF string (Unicode):
(hyperref)                removing `\z@' on input line 191.


Package hyperref Warning: Token not allowed in a PDF string (Unicode):
(hyperref)                removing `\parindent' on input line 191.


Package hyperref Warning: Token not allowed in a PDF string (Unicode):
(hyperref)                removing `\z@' on input line 191.


Package hyperref Warning: Token not allowed in a PDF string (Unicode):
(hyperref)                removing `\parfillskip' on input line 191.


Package hyperref Warning: Token not allowed in a PDF string (Unicode):
(hyperref)                removing `\z@skip' on input line 191.


! LaTeX Error: There's no line here to end.

See the LaTeX manual or LaTeX Companion for explanation.
Type  H <return>  for immediate help.
 ...                                              
                                                  
l.203 }
       
Your command was ignored.
Type  I <command> <return>  to replace it with another command,
or  <return>  to continue without it.

! Misplaced alignment tab character &.
<argument> {S 2.16: Existenz- &
                                Eindeutigkeitssatz (kurz)}
l.206 ...nzierbar hat genau eine maximale LÃ¶sung}
                                                  
I can't figure out why you would want to use a tab mark
here. If you just want an ampersand, the remedy is
simple: Just type `I\&' now. But if some right brace
up above has ended a previous alignment prematurely,
you're probably due for more error messages, and you
might try typing `S' now just to see what is salvageable.

! Misplaced alignment tab character &.
<argument> {S 2.16: Existenz- &
                                Eindeutigkeitssatz}
l.213 ...g ist, so gibt es eine maximale LÃ¶sung.}
                                                  
I can't figure out why you would want to use a tab mark
here. If you just want an ampersand, the remedy is
simple: Just type `I\&' now. But if some right brace
up above has ended a previous alignment prematurely,
you're probably due for more error messages, and you
might try typing `S' now just to see what is salvageable.


! LaTeX Error: There's no line here to end.

See the LaTeX manual or LaTeX Companion for explanation.
Type  H <return>  for immediate help.
 ...                                              
                                                  
l.232 \end{itemize}}
                    
Your command was ignored.
Type  I <command> <return>  to replace it with another command,
or  <return>  to continue without it.

) (Sections/Integral.tex

Package hyperref Warning: Token not allowed in a PDF string (Unicode):
(hyperref)                removing `\<let>-command' on input line 2.


Package hyperref Warning: Token not allowed in a PDF string (Unicode):
(hyperref)                removing `\\' on input line 2.


Package hyperref Warning: Token not allowed in a PDF string (Unicode):
(hyperref)                removing `\@centercr' on input line 2.


Package hyperref Warning: Token not allowed in a PDF string (Unicode):
(hyperref)                removing `\rightskip' on input line 2.


Package hyperref Warning: Token not allowed in a PDF string (Unicode):
(hyperref)                removing `\@flushglue' on input line 2.


Package hyperref Warning: Token not allowed in a PDF string (Unicode):
(hyperref)                removing `\leftskip' on input line 2.


Package hyperref Warning: Token not allowed in a PDF string (Unicode):
(hyperref)                removing `\@flushglue' on input line 2.


Package hyperref Warning: Token not allowed in a PDF string (Unicode):
(hyperref)                removing `\finalhyphendemerits' on input line 2.


Package hyperref Warning: Token not allowed in a PDF string (Unicode):
(hyperref)                removing `\z@' on input line 2.


Package hyperref Warning: Token not allowed in a PDF string (Unicode):
(hyperref)                removing `\parindent' on input line 2.


Package hyperref Warning: Token not allowed in a PDF string (Unicode):
(hyperref)                removing `\z@' on input line 2.


Package hyperref Warning: Token not allowed in a PDF string (Unicode):
(hyperref)                removing `\parfillskip' on input line 2.


Package hyperref Warning: Token not allowed in a PDF string (Unicode):
(hyperref)                removing `\z@skip' on input line 2.


! LaTeX Error: There's no line here to end.

See the LaTeX manual or LaTeX Companion for explanation.
Type  H <return>  for immediate help.
 ...                                              
                                                  
l.10 }
      
Your command was ignored.
Type  I <command> <return>  to replace it with another command,
or  <return>  to continue without it.


Package hyperref Warning: Token not allowed in a PDF string (Unicode):
(hyperref)                removing `\<let>-command' on input line 12.


Package hyperref Warning: Token not allowed in a PDF string (Unicode):
(hyperref)                removing `\\' on input line 12.


Package hyperref Warning: Token not allowed in a PDF string (Unicode):
(hyperref)                removing `\@centercr' on input line 12.


Package hyperref Warning: Token not allowed in a PDF string (Unicode):
(hyperref)                removing `\rightskip' on input line 12.


Package hyperref Warning: Token not allowed in a PDF string (Unicode):
(hyperref)                removing `\@flushglue' on input line 12.


Package hyperref Warning: Token not allowed in a PDF string (Unicode):
(hyperref)                removing `\leftskip' on input line 12.


Package hyperref Warning: Token not allowed in a PDF string (Unicode):
(hyperref)                removing `\@flushglue' on input line 12.


Package hyperref Warning: Token not allowed in a PDF string (Unicode):
(hyperref)                removing `\finalhyphendemerits' on input line 12.


Package hyperref Warning: Token not allowed in a PDF string (Unicode):
(hyperref)                removing `\z@' on input line 12.


Package hyperref Warning: Token not allowed in a PDF string (Unicode):
(hyperref)                removing `\parindent' on input line 12.


Package hyperref Warning: Token not allowed in a PDF string (Unicode):
(hyperref)                removing `\z@' on input line 12.


Package hyperref Warning: Token not allowed in a PDF string (Unicode):
(hyperref)                removing `\parfillskip' on input line 12.


Package hyperref Warning: Token not allowed in a PDF string (Unicode):
(hyperref)                removing `\z@skip' on input line 12.


! LaTeX Error: There's no line here to end.

See the LaTeX manual or LaTeX Companion for explanation.
Type  H <return>  for immediate help.
 ...                                              
                                                  
l.18 }
      
Your command was ignored.
Type  I <command> <return>  to replace it with another command,
or  <return>  to continue without it.

! Misplaced \noalign.
\hline ->\noalign 
                  {\ifnum 0=`}\fi \hrule \@height \arrayrulewidth \futurelet...
l.31 }
      
I expect to see \noalign only after the \cr of
an alignment. Proceed, and I'll ignore this case.

! Misplaced \noalign.
\hline ->\noalign 
                  {\ifnum 0=`}\fi \hrule \@height \arrayrulewidth \futurelet...
l.31 }
      
I expect to see \noalign only after the \cr of
an alignment. Proceed, and I'll ignore this case.


! LaTeX Error: There's no line here to end.

See the LaTeX manual or LaTeX Companion for explanation.
Type  H <return>  for immediate help.
 ...                                              
                                                  
l.31 }
      
Your command was ignored.
Type  I <command> <return>  to replace it with another command,
or  <return>  to continue without it.

! Misplaced \noalign.
\hline ->\noalign 
                  {\ifnum 0=`}\fi \hrule \@height \arrayrulewidth \futurelet...
l.60 }
      
I expect to see \noalign only after the \cr of
an alignment. Proceed, and I'll ignore this case.

! Misplaced \noalign.
\hline ->\noalign 
                  {\ifnum 0=`}\fi \hrule \@height \arrayrulewidth \futurelet...
l.60 }
      
I expect to see \noalign only after the \cr of
an alignment. Proceed, and I'll ignore this case.


! LaTeX Error: There's no line here to end.

See the LaTeX manual or LaTeX Companion for explanation.
Type  H <return>  for immediate help.
 ...                                              
                                                  
l.60 }
      
Your command was ignored.
Type  I <command> <return>  to replace it with another command,
or  <return>  to continue without it.

! Misplaced \noalign.
\hline ->\noalign 
                  {\ifnum 0=`}\fi \hrule \@height \arrayrulewidth \futurelet...
l.72 }
      
I expect to see \noalign only after the \cr of
an alignment. Proceed, and I'll ignore this case.

! Undefined control sequence.
<argument> ...hbb {R}^3$ mit $f=(f_1, f_2,f_3)^\T 
                                                  $ Gesucht: $g: \mathbb {R}...
l.72 }
      
The control sequence at the end of the top line
of your error message was never \def'ed. If you have
misspelled it (e.g., `\hobx'), type `I' and the correct
spelling (e.g., `I\hbox'). Otherwise just continue,
and I'll forget about whatever was undefined.

! Missing { inserted.
<to be read again> 
                   $
l.72 }
      
A left brace was mandatory here, so I've put one in.
You might want to delete and/or insert some corrections
so that I will find a matching right brace soon.
(If you're confused by all this, try typing `I}' now.)

! Missing } inserted.
<inserted text> 
                }
l.72 }
      
I've inserted something that you may have forgotten.
(See the <inserted text> above.)
With luck, this will get me unwedged. But if you
really didn't forget anything, try typing `2' now; then
my insertion and my current dilemma will both disappear.

! Misplaced \noalign.
\hline ->\noalign 
                  {\ifnum 0=`}\fi \hrule \@height \arrayrulewidth \futurelet...
l.72 }
      
I expect to see \noalign only after the \cr of
an alignment. Proceed, and I'll ignore this case.


! LaTeX Error: There's no line here to end.

See the LaTeX manual or LaTeX Companion for explanation.
Type  H <return>  for immediate help.
 ...                                              
                                                  
l.72 }
      
Your command was ignored.
Type  I <command> <return>  to replace it with another command,
or  <return>  to continue without it.

! Misplaced \noalign.
\hline ->\noalign 
                  {\ifnum 0=`}\fi \hrule \@height \arrayrulewidth \futurelet...
l.81 }
      
I expect to see \noalign only after the \cr of
an alignment. Proceed, and I'll ignore this case.


Underfull \hbox (badness 10000) in paragraph at lines 81--81
[]\OT1/cmr/m/n/7 Falls $\OMS/cmsy/m/n/7 J[]$ \OT1/cmr/m/n/7 sym-metrisch und Ge
-biet
 []

! Misplaced \noalign.
\hline ->\noalign 
                  {\ifnum 0=`}\fi \hrule \@height \arrayrulewidth \futurelet...
l.81 }
      
I expect to see \noalign only after the \cr of
an alignment. Proceed, and I'll ignore this case.


! LaTeX Error: There's no line here to end.

See the LaTeX manual or LaTeX Companion for explanation.
Type  H <return>  for immediate help.
 ...                                              
                                                  
l.81 }
      
Your command was ignored.
Type  I <command> <return>  to replace it with another command,
or  <return>  to continue without it.


! LaTeX Error: There's no line here to end.

See the LaTeX manual or LaTeX Companion for explanation.
Type  H <return>  for immediate help.
 ...                                              
                                                  
l.87 }
      
Your command was ignored.
Type  I <command> <return>  to replace it with another command,
or  <return>  to continue without it.

[4]
! Argument of \UTFviii@two@octets@combine has an extra }.
<inserted text> 
                \par 
l.127 ...=1, \ldots, n \Rightarrow f$ konservativ}
                                                  
I've run across a `}' that doesn't seem to match anything.
For example, `\def\a#1{...}' and `\a}' would produce
this error. If you simply proceed now, the `\par' that
I've just inserted will cause me to report a runaway
argument that might be the root of the problem. But if
your `}' was spurious, just type `2' and it will go away.

Runaway argument?
! Paragraph ended before \UTFviii@two@octets@combine was complete.
<to be read again> 
                   \par 
l.127 ...=1, \ldots, n \Rightarrow f$ konservativ}
                                                  
I suspect you've forgotten a `}', causing me to apply this
control sequence to too much text. How can we recover?
My plan is to forget the whole thing and hope for the best.

! Argument of \UTFviii@two@octets@combine has an extra }.
<inserted text> 
                \par 
l.127 ...=1, \ldots, n \Rightarrow f$ konservativ}
                                                  
I've run across a `}' that doesn't seem to match anything.
For example, `\def\a#1{...}' and `\a}' would produce
this error. If you simply proceed now, the `\par' that
I've just inserted will cause me to report a runaway
argument that might be the root of the problem. But if
your `}' was spurious, just type `2' and it will go away.

Runaway argument?
! Paragraph ended before \UTFviii@two@octets@combine was complete.
<to be read again> 
                   \par 
l.127 ...=1, \ldots, n \Rightarrow f$ konservativ}
                                                  
I suspect you've forgotten a `}', causing me to apply this
control sequence to too much text. How can we recover?
My plan is to forget the whole thing and hope for the best.

! Argument of \UTFviii@two@octets@combine has an extra }.
<inserted text> 
                \par 
l.127 ...=1, \ldots, n \Rightarrow f$ konservativ}
                                                  
I've run across a `}' that doesn't seem to match anything.
For example, `\def\a#1{...}' and `\a}' would produce
this error. If you simply proceed now, the `\par' that
I've just inserted will cause me to report a runaway
argument that might be the root of the problem. But if
your `}' was spurious, just type `2' and it will go away.

Runaway argument?
! Paragraph ended before \UTFviii@two@octets@combine was complete.
<to be read again> 
                   \par 
l.127 ...=1, \ldots, n \Rightarrow f$ konservativ}
                                                  
I suspect you've forgotten a `}', causing me to apply this
control sequence to too much text. How can we recover?
My plan is to forget the whole thing and hope for the best.


! LaTeX Error: Invalid UTF-8 byte sequence (Ã\the).

See the LaTeX manual or LaTeX Companion for explanation.
Type  H <return>  for immediate help.
 ...                                              
                                                  
l.127 ...=1, \ldots, n \Rightarrow f$ konservativ}
                                                  
The document does not appear to be in UTF-8 encoding.
Try adding \UseRawInputEncoding as the first line of the file
or specify an encoding such as \usepackage [latin1]{inputenc}
in the document preamble.
Alternatively, save the file in UTF-8 using your editor or another tool

! Missing { inserted.
<to be read again> 
                   }
l.127 ...=1, \ldots, n \Rightarrow f$ konservativ}
                                                  
A left brace was mandatory here, so I've put one in.
You might want to delete and/or insert some corrections
so that I will find a matching right brace soon.
(If you're confused by all this, try typing `I}' now.)


! LaTeX Error: Invalid UTF-8 byte sequence (Ã\null).

See the LaTeX manual or LaTeX Companion for explanation.
Type  H <return>  for immediate help.
 ...                                              
                                                  
l.127 ...=1, \ldots, n \Rightarrow f$ konservativ}
                                                  
The document does not appear to be in UTF-8 encoding.
Try adding \UseRawInputEncoding as the first line of the file
or specify an encoding such as \usepackage [latin1]{inputenc}
in the document preamble.
Alternatively, save the file in UTF-8 using your editor or another tool


! Package soul Error: Reconstruction failed.

See the soul package documentation for explanation.
Type  H <return>  for immediate help.
 ...                                              
                                                  
l.127 ...=1, \ldots, n \Rightarrow f$ konservativ}
                                                  
I came across hyphenatable material enclosed in group braces,
which I can't handle. Either drop the braces or make the material
unbreakable using an \mbox (\hbox). Note that a space
also counts as possible hyphenation point. See page 4 of the manual.
I'm leaving a black square so that you can see where I am right now.

Runaway argument?
! Paragraph ended before \\ was complete.
<to be read again> 
                   \par 
l.128 
      
I suspect you've forgotten a `}', causing me to apply this
control sequence to too much text. How can we recover?
My plan is to forget the whole thing and hope for the best.

Runaway argument?
! Paragraph ended before \\ was complete.
<to be read again> 
                   \par 
l.130 
      
I suspect you've forgotten a `}', causing me to apply this
control sequence to too much text. How can we recover?
My plan is to forget the whole thing and hope for the best.

Runaway argument?
! Paragraph ended before \\ was complete.
<to be read again> 
                   \par 
l.132 
      
I suspect you've forgotten a `}', causing me to apply this
control sequence to too much text. How can we recover?
My plan is to forget the whole thing and hope for the best.

Runaway argument?
! Paragraph ended before \\ was complete.
<to be read again> 
                   \par 
l.134 
      
I suspect you've forgotten a `}', causing me to apply this
control sequence to too much text. How can we recover?
My plan is to forget the whole thing and hope for the best.

Runaway argument?
! Paragraph ended before \\ was complete.
<to be read again> 
                   \par 
l.144 
      
I suspect you've forgotten a `}', causing me to apply this
control sequence to too much text. How can we recover?
My plan is to forget the whole thing and hope for the best.

Runaway argument?
 
! Paragraph ended before \gather* was complete.
<to be read again> 
                   \par 
l.156  }
        
I suspect you've forgotten a `}', causing me to apply this
control sequence to too much text. How can we recover?
My plan is to forget the whole thing and hope for the best.

! Missing $ inserted.
<inserted text> 
                $
l.156  }
        
I've inserted a begin-math/end-math symbol since I think
you left one out. Proceed, with fingers crossed.

! Missing } inserted.
<inserted text> 
                }
l.156  }
        
I've inserted something that you may have forgotten.
(See the <inserted text> above.)
With luck, this will get me unwedged. But if you
really didn't forget anything, try typing `2' now; then
my insertion and my current dilemma will both disappear.

! Missing \endgroup inserted.
<inserted text> 
                \endgroup 
l.156  }
        
I've inserted something that you may have forgotten.
(See the <inserted text> above.)
With luck, this will get me unwedged. But if you
really didn't forget anything, try typing `2' now; then
my insertion and my current dilemma will both disappear.

! Display math should end with $$.
<to be read again> 
                   \tex_par:D 
l.156  }
        
The `$' that I just saw supposedly matches a previous `$$'.
So I shall assume that you typed `$$' both times.

! Extra }, or forgotten \endgroup.
\@par ... \@noitemerr {\@@par }\fi \else {\@@par }
                                                  \fi 
l.156  }
        
I've deleted a group-closing symbol because it seems to be
spurious, as in `$x}$'. But perhaps the } is legitimate and
you forgot something else, as in `\hbox{$x}'. In such cases
the way to recover is to insert both the forgotten and the
deleted material, e.g., by typing `I$}'.

! Missing $ inserted.
<inserted text> 
                $
l.156  }
        
I've inserted a begin-math/end-math symbol since I think
you left one out. Proceed, with fingers crossed.

! Misplaced \cr.
\math@cr@@@ ->\cr 
                  
l.156  }
        
I can't figure out why you would want to use a tab mark
or \cr or \span just now. If something like a right brace
up above has ended a previous alignment prematurely,
you're probably due for more error messages, and you
might try typing `S' now just to see what is salvageable.

! Misplaced \noalign.
\math@cr@@ ... \iffalse }\fi \math@cr@@@ \noalign 
                                                  {\vskip #1\relax }
l.156  }
        
I expect to see \noalign only after the \cr of
an alignment. Proceed, and I'll ignore this case.

! Missing $ inserted.
<inserted text> 
                $
l.156  }
        
I've inserted a begin-math/end-math symbol since I think
you left one out. Proceed, with fingers crossed.

! Missing } inserted.
<inserted text> 
                }
l.156  }
        
I've inserted something that you may have forgotten.
(See the <inserted text> above.)
With luck, this will get me unwedged. But if you
really didn't forget anything, try typing `2' now; then
my insertion and my current dilemma will both disappear.

! Extra }, or forgotten \endgroup.
\math@cr@@ ...th@cr@@@ \noalign {\vskip #1\relax }
                                                  
l.156  }
        
I've deleted a group-closing symbol because it seems to be
spurious, as in `$x}$'. But perhaps the } is legitimate and
you forgot something else, as in `\hbox{$x}'. In such cases
the way to recover is to insert both the forgotten and the
deleted material, e.g., by typing `I$}'.

! Misplaced \noalign.
\black@ #1->\noalign 
                     {\ifdim #1>\displaywidth \dimen@ \prevdepth \nointerlin...
l.156  }
        
I expect to see \noalign only after the \cr of
an alignment. Proceed, and I'll ignore this case.


Overfull \hbox (42.6832pt too wide) detected at line 156
[]
 []

! Extra }, or forgotten \endgroup.
\endgather ->\math@cr \black@ \totwidth@ \egroup 
                                                 $$\ignorespacesafterend 
l.156  }
        
I've deleted a group-closing symbol because it seems to be
spurious, as in `$x}$'. But perhaps the } is legitimate and
you forgot something else, as in `\hbox{$x}'. In such cases
the way to recover is to insert both the forgotten and the
deleted material, e.g., by typing `I$}'.

! Missing $ inserted.
<inserted text> 
                $
l.156  }
        
I've inserted something that you may have forgotten.
(See the <inserted text> above.)
With luck, this will get me unwedged. But if you
really didn't forget anything, try typing `2' now; then
my insertion and my current dilemma will both disappear.

! Display math should end with $$.
<to be read again> 
                   \endgroup 
l.156  }
        
The `$' that I just saw supposedly matches a previous `$$'.
So I shall assume that you typed `$$' both times.

Runaway argument?
! Paragraph ended before \\ was complete.
<to be read again> 
                   \par 
l.157 
      
I suspect you've forgotten a `}', causing me to apply this
control sequence to too much text. How can we recover?
My plan is to forget the whole thing and hope for the best.


Package hyperref Warning: Token not allowed in a PDF string (Unicode):
(hyperref)                removing `\<let>-command' on input line 160.


Package hyperref Warning: Token not allowed in a PDF string (Unicode):
(hyperref)                removing `\\' on input line 160.


Package hyperref Warning: Token not allowed in a PDF string (Unicode):
(hyperref)                removing `\@centercr' on input line 160.


Package hyperref Warning: Token not allowed in a PDF string (Unicode):
(hyperref)                removing `\rightskip' on input line 160.


Package hyperref Warning: Token not allowed in a PDF string (Unicode):
(hyperref)                removing `\@flushglue' on input line 160.


Package hyperref Warning: Token not allowed in a PDF string (Unicode):
(hyperref)                removing `\leftskip' on input line 160.


Package hyperref Warning: Token not allowed in a PDF string (Unicode):
(hyperref)                removing `\@flushglue' on input line 160.


Package hyperref Warning: Token not allowed in a PDF string (Unicode):
(hyperref)                removing `\finalhyphendemerits' on input line 160.


Package hyperref Warning: Token not allowed in a PDF string (Unicode):
(hyperref)                removing `\z@' on input line 160.


Package hyperref Warning: Token not allowed in a PDF string (Unicode):
(hyperref)                removing `\parindent' on input line 160.


Package hyperref Warning: Token not allowed in a PDF string (Unicode):
(hyperref)                removing `\z@' on input line 160.


Package hyperref Warning: Token not allowed in a PDF string (Unicode):
(hyperref)                removing `\parfillskip' on input line 160.


Package hyperref Warning: Token not allowed in a PDF string (Unicode):
(hyperref)                removing `\z@skip' on input line 160.

! Misplaced \noalign.
\hline ->\noalign 
                  {\ifnum 0=`}\fi \hrule \@height \arrayrulewidth \futurelet...
l.183 }
       
I expect to see \noalign only after the \cr of
an alignment. Proceed, and I'll ignore this case.


Overfull \hbox (6.44452pt too wide) detected at line 183
\OT1/cmr/m/n/7 
 = []
 []

! Misplaced \noalign.
\hline ->\noalign 
                  {\ifnum 0=`}\fi \hrule \@height \arrayrulewidth \futurelet...
l.183 }
       
I expect to see \noalign only after the \cr of
an alignment. Proceed, and I'll ignore this case.

Runaway argument?
! Paragraph ended before \\ was complete.
<to be read again> 
                   \par 
l.184 
      
I suspect you've forgotten a `}', causing me to apply this
control sequence to too much text. How can we recover?
My plan is to forget the whole thing and hope for the best.

Runaway argument?
! Paragraph ended before \\ was complete.
<to be read again> 
                   \par 
l.222 
      
I suspect you've forgotten a `}', causing me to apply this
control sequence to too much text. How can we recover?
My plan is to forget the whole thing and hope for the best.

Runaway argument?
! Paragraph ended before \\ was complete.
<to be read again> 
                   \par 
l.236 
      
I suspect you've forgotten a `}', causing me to apply this
control sequence to too much text. How can we recover?
My plan is to forget the whole thing and hope for the best.

Runaway argument?
! Paragraph ended before \\ was complete.
<to be read again> 
                   \par 
l.249 
      
I suspect you've forgotten a `}', causing me to apply this
control sequence to too much text. How can we recover?
My plan is to forget the whole thing and hope for the best.

Runaway argument?
! Paragraph ended before \\ was complete.
<to be read again> 
                   \par 
l.253 
      
I suspect you've forgotten a `}', causing me to apply this
control sequence to too much text. How can we recover?
My plan is to forget the whole thing and hope for the best.

Runaway argument?
! Paragraph ended before \\ was complete.
<to be read again> 
                   \par 
l.255 
      
I suspect you've forgotten a `}', causing me to apply this
control sequence to too much text. How can we recover?
My plan is to forget the whole thing and hope for the best.


Package hyperref Warning: Token not allowed in a PDF string (Unicode):
(hyperref)                removing `\<let>-command' on input line 256.


Package hyperref Warning: Token not allowed in a PDF string (Unicode):
(hyperref)                removing `\\' on input line 256.


Package hyperref Warning: Token not allowed in a PDF string (Unicode):
(hyperref)                removing `\@centercr' on input line 256.


Package hyperref Warning: Token not allowed in a PDF string (Unicode):
(hyperref)                removing `\rightskip' on input line 256.


Package hyperref Warning: Token not allowed in a PDF string (Unicode):
(hyperref)                removing `\@flushglue' on input line 256.


Package hyperref Warning: Token not allowed in a PDF string (Unicode):
(hyperref)                removing `\leftskip' on input line 256.


Package hyperref Warning: Token not allowed in a PDF string (Unicode):
(hyperref)                removing `\@flushglue' on input line 256.


Package hyperref Warning: Token not allowed in a PDF string (Unicode):
(hyperref)                removing `\finalhyphendemerits' on input line 256.


Package hyperref Warning: Token not allowed in a PDF string (Unicode):
(hyperref)                removing `\z@' on input line 256.


Package hyperref Warning: Token not allowed in a PDF string (Unicode):
(hyperref)                removing `\parindent' on input line 256.


Package hyperref Warning: Token not allowed in a PDF string (Unicode):
(hyperref)                removing `\z@' on input line 256.


Package hyperref Warning: Token not allowed in a PDF string (Unicode):
(hyperref)                removing `\parfillskip' on input line 256.


Package hyperref Warning: Token not allowed in a PDF string (Unicode):
(hyperref)                removing `\z@skip' on input line 256.

Runaway argument?
! Paragraph ended before \\ was complete.
<to be read again> 
                   \par 
l.259 
      
I suspect you've forgotten a `}', causing me to apply this
control sequence to too much text. How can we recover?
My plan is to forget the whole thing and hope for the best.

Runaway argument?
! Paragraph ended before \\ was complete.
<to be read again> 
                   \par 
l.296 
      
I suspect you've forgotten a `}', causing me to apply this
control sequence to too much text. How can we recover?
My plan is to forget the whole thing and hope for the best.

[0]
Runaway argument?
! Paragraph ended before \\ was complete.
<to be read again> 
                   \par 
l.315 
      
I suspect you've forgotten a `}', causing me to apply this
control sequence to too much text. How can we recover?
My plan is to forget the whole thing and hope for the best.


Package hyperref Warning: Token not allowed in a PDF string (Unicode):
(hyperref)                removing `\<let>-command' on input line 317.


Package hyperref Warning: Token not allowed in a PDF string (Unicode):
(hyperref)                removing `\\' on input line 317.


Package hyperref Warning: Token not allowed in a PDF string (Unicode):
(hyperref)                removing `\@centercr' on input line 317.


Package hyperref Warning: Token not allowed in a PDF string (Unicode):
(hyperref)                removing `\rightskip' on input line 317.


Package hyperref Warning: Token not allowed in a PDF string (Unicode):
(hyperref)                removing `\@flushglue' on input line 317.


Package hyperref Warning: Token not allowed in a PDF string (Unicode):
(hyperref)                removing `\leftskip' on input line 317.


Package hyperref Warning: Token not allowed in a PDF string (Unicode):
(hyperref)                removing `\@flushglue' on input line 317.


Package hyperref Warning: Token not allowed in a PDF string (Unicode):
(hyperref)                removing `\finalhyphendemerits' on input line 317.


Package hyperref Warning: Token not allowed in a PDF string (Unicode):
(hyperref)                removing `\z@' on input line 317.


Package hyperref Warning: Token not allowed in a PDF string (Unicode):
(hyperref)                removing `\parindent' on input line 317.


Package hyperref Warning: Token not allowed in a PDF string (Unicode):
(hyperref)                removing `\z@' on input line 317.


Package hyperref Warning: Token not allowed in a PDF string (Unicode):
(hyperref)                removing `\parfillskip' on input line 317.


Package hyperref Warning: Token not allowed in a PDF string (Unicode):
(hyperref)                removing `\z@skip' on input line 317.

! Misplaced \noalign.
\hline ->\noalign 
                  {\ifnum 0=`}\fi \hrule \@height \arrayrulewidth \futurelet...
l.345 }
       
I expect to see \noalign only after the \cr of
an alignment. Proceed, and I'll ignore this case.


Underfull \hbox (badness 10000) in paragraph at lines 345--345
[]\OT1/cmr/m/n/7 Definiere die Trans-for-ma-tion
 []


Underfull \hbox (badness 10000) in paragraph at lines 345--345
[]\OT1/cmr/m/n/7 Benutze die Trans-for-ma-tions-formel
 []

! Misplaced \noalign.
\hline ->\noalign 
                  {\ifnum 0=`}\fi \hrule \@height \arrayrulewidth \futurelet...
l.345 }
       
I expect to see \noalign only after the \cr of
an alignment. Proceed, and I'll ignore this case.

! Misplaced \noalign.
\hline ->\noalign 
                  {\ifnum 0=`}\fi \hrule \@height \arrayrulewidth \futurelet...
l.365 }
       
I expect to see \noalign only after the \cr of
an alignment. Proceed, and I'll ignore this case.


Underfull \hbox (badness 10000) in paragraph at lines 365--365
\OT1/cmr/m/n/7 F^^?ur $3 \OMS/cmsy/m/n/7 ^^B \OT1/cmr/m/n/7 3$ Ma-trizen nach Z
eile/Reihe
 []


Underfull \hbox (badness 10000) in paragraph at lines 365--365
\OT1/cmr/m/n/7 en-twick-eln und ab-we-ich-slungsweise ad-
 []

! Misplaced \noalign.
\hline ->\noalign 
                  {\ifnum 0=`}\fi \hrule \@height \arrayrulewidth \futurelet...
l.365 }
       
I expect to see \noalign only after the \cr of
an alignment. Proceed, and I'll ignore this case.

Runaway argument?
! Paragraph ended before \\ was complete.
<to be read again> 
                   \par 
l.366 
      
I suspect you've forgotten a `}', causing me to apply this
control sequence to too much text. How can we recover?
My plan is to forget the whole thing and hope for the best.

! Misplaced \noalign.
\hline ->\noalign 
                  {\ifnum 0=`}\fi \hrule \@height \arrayrulewidth \futurelet...
l.381 }
       
I expect to see \noalign only after the \cr of
an alignment. Proceed, and I'll ignore this case.


! LaTeX Error: There's no line here to end.

See the LaTeX manual or LaTeX Companion for explanation.
Type  H <return>  for immediate help.
 ...                                              
                                                  
l.381 }
       
Your command was ignored.
Type  I <command> <return>  to replace it with another command,
or  <return>  to continue without it.


Underfull \hbox (badness 10000) in paragraph at lines 381--381
[][]\OT1/cmr/m/n/7 Bei[] [][][]Ra[]-[]dius[] [][][][][] [][][]Wurzel[] [][][]ni
cht[] [][][]vergessen
 []

! Misplaced \noalign.
\hline ->\noalign 
                  {\ifnum 0=`}\fi \hrule \@height \arrayrulewidth \futurelet...
l.381 }
       
I expect to see \noalign only after the \cr of
an alignment. Proceed, and I'll ignore this case.

Runaway argument?
! Paragraph ended before \\ was complete.
<to be read again> 
                   \par 
l.382 
      
I suspect you've forgotten a `}', causing me to apply this
control sequence to too much text. How can we recover?
My plan is to forget the whole thing and hope for the best.

Runaway argument?
! Paragraph ended before \\ was complete.
<to be read again> 
                   \par 
l.399 
      
I suspect you've forgotten a `}', causing me to apply this
control sequence to too much text. How can we recover?
My plan is to forget the whole thing and hope for the best.

! Misplaced \noalign.
\hline ->\noalign 
                  {\ifnum 0=`}\fi \hrule \@height \arrayrulewidth \futurelet...
l.406 \end{enumerate}}
                      
I expect to see \noalign only after the \cr of
an alignment. Proceed, and I'll ignore this case.

! Misplaced \noalign.
\hline ->\noalign 
                  {\ifnum 0=`}\fi \hrule \@height \arrayrulewidth \futurelet...
l.406 \end{enumerate}}
                      
I expect to see \noalign only after the \cr of
an alignment. Proceed, and I'll ignore this case.

Runaway argument?
! Paragraph ended before \\ was complete.
<to be read again> 
                   \par 
l.407 
      
I suspect you've forgotten a `}', causing me to apply this
control sequence to too much text. How can we recover?
My plan is to forget the whole thing and hope for the best.

! Missing $ inserted.
<inserted text> 
                $
l.417 \item $\varphi
                    : \bar{U} \rightarrow \bar{V}$ stetig, und $C^1$ auf $U$
I've inserted a begin-math/end-math symbol since I think
you left one out. Proceed, with fingers crossed.

Runaway argument?
! Paragraph ended before \\ was complete.
<to be read again> 
                   \par 
l.430 
      
I suspect you've forgotten a `}', causing me to apply this
control sequence to too much text. How can we recover?
My plan is to forget the whole thing and hope for the best.

Runaway argument?
! Paragraph ended before \\ was complete.
<to be read again> 
                   \par 
l.435 
      
I suspect you've forgotten a `}', causing me to apply this
control sequence to too much text. How can we recover?
My plan is to forget the whole thing and hope for the best.

Runaway argument?
! Paragraph ended before \\ was complete.
<to be read again> 
                   \par 
l.441 
      
I suspect you've forgotten a `}', causing me to apply this
control sequence to too much text. How can we recover?
My plan is to forget the whole thing and hope for the best.

! Misplaced \noalign.
\hline ->\noalign 
                  {\ifnum 0=`}\fi \hrule \@height \arrayrulewidth \futurelet...
l.461 }
       
I expect to see \noalign only after the \cr of
an alignment. Proceed, and I'll ignore this case.

! Misplaced \noalign.
\hline ->\noalign 
                  {\ifnum 0=`}\fi \hrule \@height \arrayrulewidth \futurelet...
l.461 }
       
I expect to see \noalign only after the \cr of
an alignment. Proceed, and I'll ignore this case.

Runaway argument?
! Paragraph ended before \\ was complete.
<to be read again> 
                   \par 
l.462 
      
I suspect you've forgotten a `}', causing me to apply this
control sequence to too much text. How can we recover?
My plan is to forget the whole thing and hope for the best.

! Misplaced \noalign.
\hline ->\noalign 
                  {\ifnum 0=`}\fi \hrule \@height \arrayrulewidth \futurelet...
l.470 }
       
I expect to see \noalign only after the \cr of
an alignment. Proceed, and I'll ignore this case.

! Misplaced \noalign.
\hline ->\noalign 
                  {\ifnum 0=`}\fi \hrule \@height \arrayrulewidth \futurelet...
l.470 }
       
I expect to see \noalign only after the \cr of
an alignment. Proceed, and I'll ignore this case.

Runaway argument?
! Paragraph ended before \\ was complete.
<to be read again> 
                   \par 
l.471 
      
I suspect you've forgotten a `}', causing me to apply this
control sequence to too much text. How can we recover?
My plan is to forget the whole thing and hope for the best.

Runaway argument?
! Paragraph ended before \\ was complete.
<to be read again> 
                   \par 
l.473 
      
I suspect you've forgotten a `}', causing me to apply this
control sequence to too much text. How can we recover?
My plan is to forget the whole thing and hope for the best.

Runaway argument?
! Paragraph ended before \\ was complete.
<to be read again> 
                   \par 
l.477 
      
I suspect you've forgotten a `}', causing me to apply this
control sequence to too much text. How can we recover?
My plan is to forget the whole thing and hope for the best.

Runaway argument?
! Paragraph ended before \\ was complete.
<to be read again> 
                   \par 
l.489 
      
I suspect you've forgotten a `}', causing me to apply this
control sequence to too much text. How can we recover?
My plan is to forget the whole thing and hope for the best.

Runaway argument?
! Paragraph ended before \\ was complete.
<to be read again> 
                   \par 
l.497 
      
I suspect you've forgotten a `}', causing me to apply this
control sequence to too much text. How can we recover?
My plan is to forget the whole thing and hope for the best.

! Misplaced \noalign.
\hline ->\noalign 
                  {\ifnum 0=`}\fi \hrule \@height \arrayrulewidth \futurelet...
l.530 }
       
I expect to see \noalign only after the \cr of
an alignment. Proceed, and I'll ignore this case.


Overfull \hbox (24.01161pt too wide) detected at line 530
\OML/cmm/m/it/7 I \OT1/cmr/m/n/7 = [][] \OML/cmm/m/it/7 u\OT1/cmr/m/n/7 (\OML/c
mm/m/it/7 x\OT1/cmr/m/n/7 )\OML/cmm/m/it/7 v[]\OT1/cmr/m/n/7 (\OML/cmm/m/it/7 x
\OT1/cmr/m/n/7 )\OML/cmm/m/it/7 dx \OT1/cmr/m/n/7 = [\OML/cmm/m/it/7 u\OT1/cmr/
m/n/7 (\OML/cmm/m/it/7 x\OT1/cmr/m/n/7 )\OML/cmm/m/it/7 v\OT1/cmr/m/n/7 (\OML/c
mm/m/it/7 x\OT1/cmr/m/n/7 )][] \OMS/cmsy/m/n/7 ^^@ [][] \OML/cmm/m/it/7 v\OT1/c
mr/m/n/7 (\OML/cmm/m/it/7 x\OT1/cmr/m/n/7 )\OML/cmm/m/it/7 u[]\OT1/cmr/m/n/7 (\
OML/cmm/m/it/7 x\OT1/cmr/m/n/7 )\OML/cmm/m/it/7 dx:
 []

! Misplaced \noalign.
\hline ->\noalign 
                  {\ifnum 0=`}\fi \hrule \@height \arrayrulewidth \futurelet...
l.530 }
       
I expect to see \noalign only after the \cr of
an alignment. Proceed, and I'll ignore this case.

Runaway argument?
! Paragraph ended before \\ was complete.
<to be read again> 
                   \par 
l.531 
      
I suspect you've forgotten a `}', causing me to apply this
control sequence to too much text. How can we recover?
My plan is to forget the whole thing and hope for the best.

! Misplaced \noalign.
\hline ->\noalign 
                  {\ifnum 0=`}\fi \hrule \@height \arrayrulewidth \futurelet...
l.544 }
       
I expect to see \noalign only after the \cr of
an alignment. Proceed, and I'll ignore this case.

! Misplaced \noalign.
\hline ->\noalign 
                  {\ifnum 0=`}\fi \hrule \@height \arrayrulewidth \futurelet...
l.544 }
       
I expect to see \noalign only after the \cr of
an alignment. Proceed, and I'll ignore this case.

Runaway argument?
! Paragraph ended before \\ was complete.
<to be read again> 
                   \par 
l.545 	
       
I suspect you've forgotten a `}', causing me to apply this
control sequence to too much text. How can we recover?
My plan is to forget the whole thing and hope for the best.

! Missing } inserted.
<inserted text> 
                }
l.548 \end{flushleft}
                     
I've inserted something that you may have forgotten.
(See the <inserted text> above.)
With luck, this will get me unwedged. But if you
really didn't forget anything, try typing `2' now; then
my insertion and my current dilemma will both disappear.

) (Sections/Anhang.tex
Underfull \hbox (badness 10000) in paragraph at lines 2--2
|\OT1/cmr/bx/n/14.4 Anhang|
 []


Underfull \hbox (badness 10000) in paragraph at lines 3--3
|\OT1/cmr/bx/n/10 Trigonometrie|
 []

! Misplaced \noalign.
\hline ->\noalign 
                  {\ifnum 0=`}\fi \hrule \@height \arrayrulewidth \futurelet...
l.7 \vspace{1mm} \hline
                        \vspace{3 mm}
I expect to see \noalign only after the \cr of
an alignment. Proceed, and I'll ignore this case.

<build/pictures/degrees_circle.pdf, id=257, 399.16728pt x 395.28479pt>
File: build/pictures/degrees_circle.pdf Graphic file (type pdf)
<use build/pictures/degrees_circle.pdf>
Package pdftex.def Info: build/pictures/degrees_circle.pdf  used on input line 
9.
(pdftex.def)             Requested size: 199.58315pt x 197.6419pt.

Overfull \hbox (11.95438pt too wide) in paragraph at lines 9--10
 [][] 
 []


pdfTeX warning (ext4): destination with the same identifier (name{page.1}) has 
been already used, duplicate ignored
<to be read again> 
                   \relax 
l.12 \begin{flushleft}
                       [1

pdfTeX warning: pdflatex: pop empty color page stack 0


pdfTeX warning: pdflatex: pop empty color page stack 0


pdfTeX warning: pdflatex: pop empty color page stack 0


pdfTeX warning: pdflatex: pop empty color page stack 0


pdfTeX warning: pdflatex: pop empty color page stack 0


pdfTeX warning: pdflatex: pop empty color page stack 0


pdfTeX warning: pdflatex: pop empty color page stack 0


pdfTeX warning: pdflatex: pop empty color page stack 0


pdfTeX warning: pdflatex: pop empty color page stack 0


pdfTeX warning: pdflatex: pop empty color page stack 0


pdfTeX warning: pdflatex: pop empty color page stack 0
]
! Misplaced alignment tab character &.
l.16 \item $\sin (x) &
                       =\sin (x+2 \pi) \qquad \csc (x) = \csc (x+2 \pi)$
I can't figure out why you would want to use a tab mark
here. If you just want an ampersand, the remedy is
simple: Just type `I\&' now. But if some right brace
up above has ended a previous alignment prematurely,
you're probably due for more error messages, and you
might try typing `S' now just to see what is salvageable.

! Misplaced alignment tab character &.
l.17 \item $\cos (x) &
                       =\cos (x+2 \pi) \qquad \sec (x) = \sec (x+2 \pi)$
I can't figure out why you would want to use a tab mark
here. If you just want an ampersand, the remedy is
simple: Just type `I\&' now. But if some right brace
up above has ended a previous alignment prematurely,
you're probably due for more error messages, and you
might try typing `S' now just to see what is salvageable.

! Misplaced alignment tab character &.
l.18 \item $\tan (x) &
                       =\tan (x+\pi) \qquad \cot (x) = \cot (x+\pi)$
I can't figure out why you would want to use a tab mark
here. If you just want an ampersand, the remedy is
simple: Just type `I\&' now. But if some right brace
up above has ended a previous alignment prematurely,
you're probably due for more error messages, and you
might try typing `S' now just to see what is salvageable.

! Undefined control sequence.
l.141   deg& $0 \degree
                        $ & $30 \degree $ & $45 \degree $ & $60 \degree $ & ...
The control sequence at the end of the top line
of your error message was never \def'ed. If you have
misspelled it (e.g., `\hobx'), type `I' and the correct
spelling (e.g., `I\hbox'). Otherwise just continue,
and I'll forget about whatever was undefined.

! Undefined control sequence.
l.141   deg& $0 \degree $ & $30 \degree
                                        $ & $45 \degree $ & $60 \degree $ & ...
The control sequence at the end of the top line
of your error message was never \def'ed. If you have
misspelled it (e.g., `\hobx'), type `I' and the correct
spelling (e.g., `I\hbox'). Otherwise just continue,
and I'll forget about whatever was undefined.

! Undefined control sequence.
l.141 ...0 \degree $ & $30 \degree $ & $45 \degree
                                                   $ & $60 \degree $ & $90 \...
The control sequence at the end of the top line
of your error message was never \def'ed. If you have
misspelled it (e.g., `\hobx'), type `I' and the correct
spelling (e.g., `I\hbox'). Otherwise just continue,
and I'll forget about whatever was undefined.

! Undefined control sequence.
l.141 ...0 \degree $ & $45 \degree $ & $60 \degree
                                                   $ & $90 \degree $  & $180...
The control sequence at the end of the top line
of your error message was never \def'ed. If you have
misspelled it (e.g., `\hobx'), type `I' and the correct
spelling (e.g., `I\hbox'). Otherwise just continue,
and I'll forget about whatever was undefined.

! Undefined control sequence.
l.141 ...5 \degree $ & $60 \degree $ & $90 \degree
                                                   $  & $180 \degree $\\
The control sequence at the end of the top line
of your error message was never \def'ed. If you have
misspelled it (e.g., `\hobx'), type `I' and the correct
spelling (e.g., `I\hbox'). Otherwise just continue,
and I'll forget about whatever was undefined.

! Undefined control sequence.
l.141 ...\degree $ & $90 \degree $  & $180 \degree
                                                   $\\
The control sequence at the end of the top line
of your error message was never \def'ed. If you have
misspelled it (e.g., `\hobx'), type `I' and the correct
spelling (e.g., `I\hbox'). Otherwise just continue,
and I'll forget about whatever was undefined.


Underfull \hbox (badness 10000) in paragraph at lines 198--198
[]|$[][] \OML/cmm/m/it/7 i[] \OT1/cmr/m/n/7 =
 []


Overfull \hbox (6.34pt too wide) in paragraph at lines 241--241
 []|[]| 
 []


Overfull \hbox (3.47644pt too wide) in paragraph at lines 241--241
 []|$[]$| 
 []


Overfull \hbox (7.2265pt too wide) in paragraph at lines 241--241
 []|$[]$| 
 []

! Undefined control sequence.
<inserted text> ... \midrule $\int f'(x) f(x) \dx 
                                                  $ & $\frac {1}{2}(f(x))^2$...
l.293  \end{tabularx}
                     
The control sequence at the end of the top line
of your error message was never \def'ed. If you have
misspelled it (e.g., `\hobx'), type `I' and the correct
spelling (e.g., `I\hbox'). Otherwise just continue,
and I'll forget about whatever was undefined.

! Undefined control sequence.
<inserted text> ... $\int \frac {f'(x)}{f(x)} \dx 
                                                  $ & $\ln |f(x)|$ \\ $\int ...
l.293  \end{tabularx}
                     
The control sequence at the end of the top line
of your error message was never \def'ed. If you have
misspelled it (e.g., `\hobx'), type `I' and the correct
spelling (e.g., `I\hbox'). Otherwise just continue,
and I'll forget about whatever was undefined.

! Undefined control sequence.
<inserted text> ...{-\infty }^\infty e^{-x^2} \dx 
                                                  $ & $\sqrt {\pi }$ \\ $\in...
l.293  \end{tabularx}
                     
The control sequence at the end of the top line
of your error message was never \def'ed. If you have
misspelled it (e.g., `\hobx'), type `I' and the correct
spelling (e.g., `I\hbox'). Otherwise just continue,
and I'll forget about whatever was undefined.

! Undefined control sequence.
<inserted text> ... {\pi }$ \\ $\int (ax+b)^n \dx 
                                                  $ & $\frac {1}{a(n+1)}(ax+...
l.293  \end{tabularx}
                     
The control sequence at the end of the top line
of your error message was never \def'ed. If you have
misspelled it (e.g., `\hobx'), type `I' and the correct
spelling (e.g., `I\hbox'). Otherwise just continue,
and I'll forget about whatever was undefined.

! Undefined control sequence.
<inserted text> ...^{n+1}$ \\ $\int x(ax+b)^n \dx 
                                                  $ & $\frac {(ax+b)^{n+2}}{...
l.293  \end{tabularx}
                     
The control sequence at the end of the top line
of your error message was never \def'ed. If you have
misspelled it (e.g., `\hobx'), type `I' and the correct
spelling (e.g., `I\hbox'). Otherwise just continue,
and I'll forget about whatever was undefined.

! Undefined control sequence.
<inserted text> ...\ $\int (ax^p+b)^n x^{p-1} \dx 
                                                  $ & $\frac {(ax^p+b)^{n+1}...
l.293  \end{tabularx}
                     
The control sequence at the end of the top line
of your error message was never \def'ed. If you have
misspelled it (e.g., `\hobx'), type `I' and the correct
spelling (e.g., `I\hbox'). Otherwise just continue,
and I'll forget about whatever was undefined.

! Undefined control sequence.
<inserted text> ...nt (ax^p + b)^{-1} x^{p-1} \dx 
                                                  $ & $\frac {1}{ap} \ln |ax...
l.293  \end{tabularx}
                     
The control sequence at the end of the top line
of your error message was never \def'ed. If you have
misspelled it (e.g., `\hobx'), type `I' and the correct
spelling (e.g., `I\hbox'). Otherwise just continue,
and I'll forget about whatever was undefined.

! Undefined control sequence.
<inserted text> ...\ $\int \frac {ax+b}{cx+d} \dx 
                                                  $ & $\frac {ax}{c} - \frac...
l.293  \end{tabularx}
                     
The control sequence at the end of the top line
of your error message was never \def'ed. If you have
misspelled it (e.g., `\hobx'), type `I' and the correct
spelling (e.g., `I\hbox'). Otherwise just continue,
and I'll forget about whatever was undefined.

! Undefined control sequence.
<inserted text> ...\ $\int \frac {1}{x^2+a^2} \dx 
                                                  $ & $\frac {1}{a} \arctan ...
l.293  \end{tabularx}
                     
The control sequence at the end of the top line
of your error message was never \def'ed. If you have
misspelled it (e.g., `\hobx'), type `I' and the correct
spelling (e.g., `I\hbox'). Otherwise just continue,
and I'll forget about whatever was undefined.

! Undefined control sequence.
<inserted text> ...$\int \frac {1}{x^2 - a^2} \dx 
                                                  $ & $\frac {1}{2a} \ln \le...
l.293  \end{tabularx}
                     
The control sequence at the end of the top line
of your error message was never \def'ed. If you have
misspelled it (e.g., `\hobx'), type `I' and the correct
spelling (e.g., `I\hbox'). Otherwise just continue,
and I'll forget about whatever was undefined.

! Undefined control sequence.
<inserted text> ...$ \\ $\int \sqrt {a^2+x^2} \dx 
                                                  $ & $\frac {x}{2}f(x) + \f...
l.293  \end{tabularx}
                     
The control sequence at the end of the top line
of your error message was never \def'ed. If you have
misspelled it (e.g., `\hobx'), type `I' and the correct
spelling (e.g., `I\hbox'). Otherwise just continue,
and I'll forget about whatever was undefined.

! Undefined control sequence.
<inserted text> ... \midrule $\int f'(x) f(x) \dx 
                                                  $ & $\frac {1}{2}(f(x))^2$...
l.293  \end{tabularx}
                     
The control sequence at the end of the top line
of your error message was never \def'ed. If you have
misspelled it (e.g., `\hobx'), type `I' and the correct
spelling (e.g., `I\hbox'). Otherwise just continue,
and I'll forget about whatever was undefined.

! Undefined control sequence.
<inserted text> ... $\int \frac {f'(x)}{f(x)} \dx 
                                                  $ & $\ln |f(x)|$ \\ $\int ...
l.293  \end{tabularx}
                     
The control sequence at the end of the top line
of your error message was never \def'ed. If you have
misspelled it (e.g., `\hobx'), type `I' and the correct
spelling (e.g., `I\hbox'). Otherwise just continue,
and I'll forget about whatever was undefined.

! Undefined control sequence.
<inserted text> ...{-\infty }^\infty e^{-x^2} \dx 
                                                  $ & $\sqrt {\pi }$ \\ $\in...
l.293  \end{tabularx}
                     
The control sequence at the end of the top line
of your error message was never \def'ed. If you have
misspelled it (e.g., `\hobx'), type `I' and the correct
spelling (e.g., `I\hbox'). Otherwise just continue,
and I'll forget about whatever was undefined.

! Undefined control sequence.
<inserted text> ... {\pi }$ \\ $\int (ax+b)^n \dx 
                                                  $ & $\frac {1}{a(n+1)}(ax+...
l.293  \end{tabularx}
                     
The control sequence at the end of the top line
of your error message was never \def'ed. If you have
misspelled it (e.g., `\hobx'), type `I' and the correct
spelling (e.g., `I\hbox'). Otherwise just continue,
and I'll forget about whatever was undefined.

! Undefined control sequence.
<inserted text> ...^{n+1}$ \\ $\int x(ax+b)^n \dx 
                                                  $ & $\frac {(ax+b)^{n+2}}{...
l.293  \end{tabularx}
                     
The control sequence at the end of the top line
of your error message was never \def'ed. If you have
misspelled it (e.g., `\hobx'), type `I' and the correct
spelling (e.g., `I\hbox'). Otherwise just continue,
and I'll forget about whatever was undefined.

! Undefined control sequence.
<inserted text> ...\ $\int (ax^p+b)^n x^{p-1} \dx 
                                                  $ & $\frac {(ax^p+b)^{n+1}...
l.293  \end{tabularx}
                     
The control sequence at the end of the top line
of your error message was never \def'ed. If you have
misspelled it (e.g., `\hobx'), type `I' and the correct
spelling (e.g., `I\hbox'). Otherwise just continue,
and I'll forget about whatever was undefined.

! Undefined control sequence.
<inserted text> ...nt (ax^p + b)^{-1} x^{p-1} \dx 
                                                  $ & $\frac {1}{ap} \ln |ax...
l.293  \end{tabularx}
                     
The control sequence at the end of the top line
of your error message was never \def'ed. If you have
misspelled it (e.g., `\hobx'), type `I' and the correct
spelling (e.g., `I\hbox'). Otherwise just continue,
and I'll forget about whatever was undefined.

! Undefined control sequence.
<inserted text> ...\ $\int \frac {ax+b}{cx+d} \dx 
                                                  $ & $\frac {ax}{c} - \frac...
l.293  \end{tabularx}
                     
The control sequence at the end of the top line
of your error message was never \def'ed. If you have
misspelled it (e.g., `\hobx'), type `I' and the correct
spelling (e.g., `I\hbox'). Otherwise just continue,
and I'll forget about whatever was undefined.

! Undefined control sequence.
<inserted text> ...\ $\int \frac {1}{x^2+a^2} \dx 
                                                  $ & $\frac {1}{a} \arctan ...
l.293  \end{tabularx}
                     
The control sequence at the end of the top line
of your error message was never \def'ed. If you have
misspelled it (e.g., `\hobx'), type `I' and the correct
spelling (e.g., `I\hbox'). Otherwise just continue,
and I'll forget about whatever was undefined.

! Undefined control sequence.
<inserted text> ...$\int \frac {1}{x^2 - a^2} \dx 
                                                  $ & $\frac {1}{2a} \ln \le...
l.293  \end{tabularx}
                     
The control sequence at the end of the top line
of your error message was never \def'ed. If you have
misspelled it (e.g., `\hobx'), type `I' and the correct
spelling (e.g., `I\hbox'). Otherwise just continue,
and I'll forget about whatever was undefined.

! Undefined control sequence.
<inserted text> ...$ \\ $\int \sqrt {a^2+x^2} \dx 
                                                  $ & $\frac {x}{2}f(x) + \f...
l.293  \end{tabularx}
                     
The control sequence at the end of the top line
of your error message was never \def'ed. If you have
misspelled it (e.g., `\hobx'), type `I' and the correct
spelling (e.g., `I\hbox'). Otherwise just continue,
and I'll forget about whatever was undefined.

! Undefined control sequence.
<inserted text> ... \midrule $\int f'(x) f(x) \dx 
                                                  $ & $\frac {1}{2}(f(x))^2$...
l.293  \end{tabularx}
                     
The control sequence at the end of the top line
of your error message was never \def'ed. If you have
misspelled it (e.g., `\hobx'), type `I' and the correct
spelling (e.g., `I\hbox'). Otherwise just continue,
and I'll forget about whatever was undefined.

! Undefined control sequence.
<inserted text> ... $\int \frac {f'(x)}{f(x)} \dx 
                                                  $ & $\ln |f(x)|$ \\ $\int ...
l.293  \end{tabularx}
                     
The control sequence at the end of the top line
of your error message was never \def'ed. If you have
misspelled it (e.g., `\hobx'), type `I' and the correct
spelling (e.g., `I\hbox'). Otherwise just continue,
and I'll forget about whatever was undefined.

! Undefined control sequence.
<inserted text> ...{-\infty }^\infty e^{-x^2} \dx 
                                                  $ & $\sqrt {\pi }$ \\ $\in...
l.293  \end{tabularx}
                     
The control sequence at the end of the top line
of your error message was never \def'ed. If you have
misspelled it (e.g., `\hobx'), type `I' and the correct
spelling (e.g., `I\hbox'). Otherwise just continue,
and I'll forget about whatever was undefined.

! Undefined control sequence.
<inserted text> ... {\pi }$ \\ $\int (ax+b)^n \dx 
                                                  $ & $\frac {1}{a(n+1)}(ax+...
l.293  \end{tabularx}
                     
The control sequence at the end of the top line
of your error message was never \def'ed. If you have
misspelled it (e.g., `\hobx'), type `I' and the correct
spelling (e.g., `I\hbox'). Otherwise just continue,
and I'll forget about whatever was undefined.

! Undefined control sequence.
<inserted text> ...^{n+1}$ \\ $\int x(ax+b)^n \dx 
                                                  $ & $\frac {(ax+b)^{n+2}}{...
l.293  \end{tabularx}
                     
The control sequence at the end of the top line
of your error message was never \def'ed. If you have
misspelled it (e.g., `\hobx'), type `I' and the correct
spelling (e.g., `I\hbox'). Otherwise just continue,
and I'll forget about whatever was undefined.

! Undefined control sequence.
<inserted text> ...\ $\int (ax^p+b)^n x^{p-1} \dx 
                                                  $ & $\frac {(ax^p+b)^{n+1}...
l.293  \end{tabularx}
                     
The control sequence at the end of the top line
of your error message was never \def'ed. If you have
misspelled it (e.g., `\hobx'), type `I' and the correct
spelling (e.g., `I\hbox'). Otherwise just continue,
and I'll forget about whatever was undefined.

! Undefined control sequence.
<inserted text> ...nt (ax^p + b)^{-1} x^{p-1} \dx 
                                                  $ & $\frac {1}{ap} \ln |ax...
l.293  \end{tabularx}
                     
The control sequence at the end of the top line
of your error message was never \def'ed. If you have
misspelled it (e.g., `\hobx'), type `I' and the correct
spelling (e.g., `I\hbox'). Otherwise just continue,
and I'll forget about whatever was undefined.

! Undefined control sequence.
<inserted text> ...\ $\int \frac {ax+b}{cx+d} \dx 
                                                  $ & $\frac {ax}{c} - \frac...
l.293  \end{tabularx}
                     
The control sequence at the end of the top line
of your error message was never \def'ed. If you have
misspelled it (e.g., `\hobx'), type `I' and the correct
spelling (e.g., `I\hbox'). Otherwise just continue,
and I'll forget about whatever was undefined.

! Undefined control sequence.
<inserted text> ...\ $\int \frac {1}{x^2+a^2} \dx 
                                                  $ & $\frac {1}{a} \arctan ...
l.293  \end{tabularx}
                     
The control sequence at the end of the top line
of your error message was never \def'ed. If you have
misspelled it (e.g., `\hobx'), type `I' and the correct
spelling (e.g., `I\hbox'). Otherwise just continue,
and I'll forget about whatever was undefined.

! Undefined control sequence.
<inserted text> ...$\int \frac {1}{x^2 - a^2} \dx 
                                                  $ & $\frac {1}{2a} \ln \le...
l.293  \end{tabularx}
                     
The control sequence at the end of the top line
of your error message was never \def'ed. If you have
misspelled it (e.g., `\hobx'), type `I' and the correct
spelling (e.g., `I\hbox'). Otherwise just continue,
and I'll forget about whatever was undefined.

! Undefined control sequence.
<inserted text> ...$ \\ $\int \sqrt {a^2+x^2} \dx 
                                                  $ & $\frac {x}{2}f(x) + \f...
l.293  \end{tabularx}
                     
The control sequence at the end of the top line
of your error message was never \def'ed. If you have
misspelled it (e.g., `\hobx'), type `I' and the correct
spelling (e.g., `I\hbox'). Otherwise just continue,
and I'll forget about whatever was undefined.


pdfTeX warning (ext4): destination with the same identifier (name{page.2}) has 
been already used, duplicate ignored
<to be read again> 
                   \relax 
l.294 \end{center}
                   [2 <./build/pictures/degrees_circle.pdf>]
Overfull \hbox (3.89844pt too wide) in paragraph at lines 314--315
[] \OMS/cmsy/m/n/7 [ 
 []

! Argument of \@textcolor has an extra }.
<inserted text> 
                \par 
l.455 ...(x)$ ist symmetrisch.\textcolor{Emerald}}
                                                  {Def. 3.5.1 mit Prop. 3.5.4}
I've run across a `}' that doesn't seem to match anything.
For example, `\def\a#1{...}' and `\a}' would produce
this error. If you simply proceed now, the `\par' that
I've just inserted will cause me to report a runaway
argument that might be the root of the problem. But if
your `}' was spurious, just type `2' and it will go away.

Runaway argument?
! Paragraph ended before \@textcolor was complete.
<to be read again> 
                   \par 
l.455 ...(x)$ ist symmetrisch.\textcolor{Emerald}}
                                                  {Def. 3.5.1 mit Prop. 3.5.4}
I suspect you've forgotten a `}', causing me to apply this
control sequence to too much text. How can we recover?
My plan is to forget the whole thing and hope for the best.

! Extra }, or forgotten \endgroup.
<recently read> }
                 
l.455 ...(x)$ ist symmetrisch.\textcolor{Emerald}}
                                                  {Def. 3.5.1 mit Prop. 3.5.4}
I've deleted a group-closing symbol because it seems to be
spurious, as in `$x}$'. But perhaps the } is legitimate and
you forgot something else, as in `\hbox{$x}'. In such cases
the way to recover is to insert both the forgotten and the
deleted material, e.g., by typing `I$}'.

! Argument of \@textcolor has an extra }.
<inserted text> 
                \par 
l.456 ...(x)$ ist symmetrisch.\textcolor{Emerald}}
                                                  {GgBsp: $g(x)=\left(x_2, 0...
I've run across a `}' that doesn't seem to match anything.
For example, `\def\a#1{...}' and `\a}' would produce
this error. If you simply proceed now, the `\par' that
I've just inserted will cause me to report a runaway
argument that might be the root of the problem. But if
your `}' was spurious, just type `2' and it will go away.

Runaway argument?
! Paragraph ended before \@textcolor was complete.
<to be read again> 
                   \par 
l.456 ...(x)$ ist symmetrisch.\textcolor{Emerald}}
                                                  {GgBsp: $g(x)=\left(x_2, 0...
I suspect you've forgotten a `}', causing me to apply this
control sequence to too much text. How can we recover?
My plan is to forget the whole thing and hope for the best.

! Extra }, or forgotten \endgroup.
<recently read> }
                 
l.456 ...(x)$ ist symmetrisch.\textcolor{Emerald}}
                                                  {GgBsp: $g(x)=\left(x_2, 0...
I've deleted a group-closing symbol because it seems to be
spurious, as in `$x}$'. But perhaps the } is legitimate and
you forgot something else, as in `\hbox{$x}'. In such cases
the way to recover is to insert both the forgotten and the
deleted material, e.g., by typing `I$}'.

! Argument of \@textcolor has an extra }.
<inserted text> 
                \par 
l.457 ...$n \times n$-Matrix. \textcolor{Emerald}}
                                                  {$\nabla f(x)$ ist ein Vek...
I've run across a `}' that doesn't seem to match anything.
For example, `\def\a#1{...}' and `\a}' would produce
this error. If you simply proceed now, the `\par' that
I've just inserted will cause me to report a runaway
argument that might be the root of the problem. But if
your `}' was spurious, just type `2' and it will go away.

Runaway argument?
! Paragraph ended before \@textcolor was complete.
<to be read again> 
                   \par 
l.457 ...$n \times n$-Matrix. \textcolor{Emerald}}
                                                  {$\nabla f(x)$ ist ein Vek...
I suspect you've forgotten a `}', causing me to apply this
control sequence to too much text. How can we recover?
My plan is to forget the whole thing and hope for the best.

! Extra }, or forgotten \endgroup.
<recently read> }
                 
l.457 ...$n \times n$-Matrix. \textcolor{Emerald}}
                                                  {$\nabla f(x)$ ist ein Vek...
I've deleted a group-closing symbol because it seems to be
spurious, as in `$x}$'. But perhaps the } is legitimate and
you forgot something else, as in `\hbox{$x}'. In such cases
the way to recover is to insert both the forgotten and the
deleted material, e.g., by typing `I$}'.


pdfTeX warning (ext4): destination with the same identifier (name{page.3}) has 
been already used, duplicate ignored
<to be read again> 
                   \relax 
l.594 \item[\textcolor{green}{W}]
                                  Seien $\gamma, \sigma:[0,1] \rightarrow \m...
[3])
pdfTeX warning (ext4): destination with the same identifier (name{page.4}) has 
been already used, duplicate ignored
<to be read again> 
                   \relax 
l.115 \newpage
               [4] (Sections/Anhang2.tex
Overfull \hbox (12.51028pt too wide) in paragraph at lines 1--36
 [][] 
 []

<build/pictures/decision_tree.png, id=293, 1326.9575pt x 686.565pt>
File: build/pictures/decision_tree.png Graphic file (type png)
<use build/pictures/decision_tree.png>
Package pdftex.def Info: build/pictures/decision_tree.png  used on input line 6
4.
(pdftex.def)             Requested size: 398.09032pt x 205.97108pt.

Overfull \hbox (12.83276pt too wide) in paragraph at lines 64--65
 [][] 
 []

) [5 <./build/pictures/decision_tree.png>]
(C:\Users\41783\Documents\TexMaker\BsC, HS24 - Cheatsheet Anal II\build\BsC, HS
24 - Cheatsheet Anal II.aux)

Package rerunfilecheck Warning: File `"BsC, HS24 - Cheatsheet Anal II".out' has
 changed.
(rerunfilecheck)                Rerun to get outlines right
(rerunfilecheck)                or use package `bookmark'.

Package rerunfilecheck Info: Checksums for `"BsC, HS24 - Cheatsheet Anal II".ou
t':
(rerunfilecheck)             Before: 013EC6245A01462C3C29DBB7C8973A6A;4100
(rerunfilecheck)             After:  3A54030E239B8DB7CF33D4BD9A094C93;4000.
 ) 
Here is how much of TeX's memory you used:
 22134 strings out of 475385
 412933 string characters out of 2776906
 843617 words of memory out of 3000000
 42961 multiletter control sequences out of 15000+600000
 474385 words of font info for 48 fonts, out of 8000000 for 9000
 1141 hyphenation exceptions out of 8191
 84i,16n,80p,713b,1216s stack positions out of 10000i,1000n,20000p,200000b,80000s

pdfTeX warning (dest): name{subsection*.29} has been referenced but does not ex
ist, replaced by a fixed one

 <C:\Users\41783\AppData\Local\MiKTeX\fonts/pk/ljfour/jknappen/ec/dpi600\tcrm07
00.pk><C:/Users/41783/AppData/Local/Programs/MiKTeX/fonts/type1/public/amsfonts
/cm/cmbx10.pfb><C:/Users/41783/AppData/Local/Programs/MiKTeX/fonts/type1/public
/amsfonts/cm/cmbx12.pfb><C:/Users/41783/AppData/Local/Programs/MiKTeX/fonts/typ
e1/public/amsfonts/cm/cmbx5.pfb><C:/Users/41783/AppData/Local/Programs/MiKTeX/f
onts/type1/public/amsfonts/cm/cmbx7.pfb><C:/Users/41783/AppData/Local/Programs/
MiKTeX/fonts/type1/public/amsfonts/cm/cmex10.pfb><C:/Users/41783/AppData/Local/
Programs/MiKTeX/fonts/type1/public/amsfonts/cmextra/cmex7.pfb><C:/Users/41783/A
ppData/Local/Programs/MiKTeX/fonts/type1/public/amsfonts/cm/cmmi10.pfb><C:/User
s/41783/AppData/Local/Programs/MiKTeX/fonts/type1/public/amsfonts/cm/cmmi5.pfb>
<C:/Users/41783/AppData/Local/Programs/MiKTeX/fonts/type1/public/amsfonts/cm/cm
mi7.pfb><C:/Users/41783/AppData/Local/Programs/MiKTeX/fonts/type1/public/amsfon
ts/cmextra/cmmib7.pfb><C:/Users/41783/AppData/Local/Programs/MiKTeX/fonts/type1
/public/amsfonts/cm/cmr10.pfb><C:/Users/41783/AppData/Local/Programs/MiKTeX/fon
ts/type1/public/amsfonts/cm/cmr12.pfb><C:/Users/41783/AppData/Local/Programs/Mi
KTeX/fonts/type1/public/amsfonts/cm/cmr5.pfb><C:/Users/41783/AppData/Local/Prog
rams/MiKTeX/fonts/type1/public/amsfonts/cm/cmr7.pfb><C:/Users/41783/AppData/Loc
al/Programs/MiKTeX/fonts/type1/public/amsfonts/cm/cmsy10.pfb><C:/Users/41783/Ap
pData/Local/Programs/MiKTeX/fonts/type1/public/amsfonts/cm/cmsy5.pfb><C:/Users/
41783/AppData/Local/Programs/MiKTeX/fonts/type1/public/amsfonts/cm/cmsy7.pfb><C
:/Users/41783/AppData/Local/Programs/MiKTeX/fonts/type1/public/amsfonts/symbols
/msam5.pfb><C:/Users/41783/AppData/Local/Programs/MiKTeX/fonts/type1/public/ams
fonts/symbols/msam7.pfb><C:/Users/41783/AppData/Local/Programs/MiKTeX/fonts/typ
e1/public/amsfonts/symbols/msbm5.pfb><C:/Users/41783/AppData/Local/Programs/MiK
TeX/fonts/type1/public/amsfonts/symbols/msbm7.pfb>
Output written on "C:\Users\41783\Documents\TexMaker\BsC, HS24 - Cheatsheet Ana
l II\build\BsC, HS24 - Cheatsheet Anal II.pdf" (10 pages, 505582 bytes).
PDF statistics:
 424 PDF objects out of 1000 (max. 8388607)
 149 named destinations out of 1000 (max. 500000)
 255 words of extra memory for PDF output out of 10000 (max. 10000000)

